<?xml version="1.0"?>
<COLLADA xmlns="http://www.collada.org/2005/11/COLLADASchema" version="1.4.1">
	<asset>
		<contributor>
			<author>Assimp</author>
			<authoring_tool>Assimp Exporter</authoring_tool>
		</contributor>
		<created>2022-08-23T22:32:39</created>
		<modified>2022-08-23T22:32:39</modified>
		<unit name="meter" meter="0.010000" />
		<up_axis>Y_UP</up_axis>
	</asset>
	<library_effects>
		<effect id="Material_001-fx" name="Material_001">
			<profile_COMMON>
				<technique sid="standard">
					<phong>
						<diffuse>
							<color sid="diffuse">0.800000   0.800000   0.800000   1.000000</color>
						</diffuse>
					</phong>
				</technique>
			</profile_COMMON>
		</effect>
	</library_effects>
	<library_materials>
		<material id="Material_001" name="Material_001">
			<instance_effect url="#Material_001-fx"/>
		</material>
	</library_materials>
	<library_geometries>
		<geometry id="meshId0" name="meshId0_name" >
			<mesh>
				<source id="meshId0-positions" name="meshId0-positions">
					<float_array id="meshId0-positions-array" count="3894"> 
						-6.382401 0.353750 1.298997 -8.403324 0.285850 1.285491 -8.403324 0.269265 1.340165 -6.382401 0.333225 1.366658 -3.361723 0.303765 1.431601 -6.110540 0.303765 1.431602 -6.110540 0.258331 1.486963 -3.361723 0.258331 1.486963 -6.110540 0.202969 1.532397 -3.361723 0.202969 1.532397 -6.110540 0.139808 1.566158 -3.361723 0.139808 1.566157 -6.110540 0.071273 1.586947 -3.361723 0.071273 1.586947 -6.110540 -0.000000 1.593967 -3.361723 -0.000000 1.593967 -3.361723 -0.000000 1.593967 -6.110540 -0.000000 1.593967 -6.110540 -0.071273 1.586947 -3.361723 -0.071273 1.586947 -6.110540 -0.139808 1.566158 -3.361723 -0.139808 1.566157 -6.110540 -0.202969 1.532397 -3.361723 -0.202969 1.532397 -6.110540 -0.258331 1.486963 -3.361723 -0.258331 1.486963 -6.110540 -0.303765 1.431602 -3.361723 -0.303765 1.431601 -6.110540 -0.337526 1.368440 -3.361723 -0.337526 1.368439 -6.110540 -0.358315 1.299905 -3.361723 -0.358315 1.299905 -6.110540 -0.365335 1.228632 -3.361723 -0.365335 1.228632 -3.361723 -0.365335 1.228632 -6.110540 -0.365335 1.228632 -6.110540 -0.358315 1.157359 -3.361723 -0.358315 1.157358 -6.110540 -0.337526 1.088824 -3.361723 -0.337526 1.088824 -6.110540 -0.303765 1.025663 -3.361723 -0.303765 1.025662 -6.110540 -0.258331 0.970301 -3.361723 -0.258331 0.970301 -6.110540 -0.202969 0.924867 -3.361723 -0.202969 0.924866 -6.110540 -0.139808 0.891106 -3.361723 -0.139808 0.891106 -6.110540 -0.071273 0.870317 -3.361723 -0.071273 0.870316 -6.110540 0.000000 0.863297 -3.361723 0.000000 0.863297 -3.361723 0.000000 0.863297 -6.110540 0.000000 0.863297 -6.110540 0.071273 0.870317 -3.361723 0.071273 0.870316 -6.110540 0.139808 0.891106 -3.361723 0.139808 0.891106 -6.110540 0.202969 0.924867 -3.361723 0.202969 0.924866 -6.110540 0.258331 0.970301 -3.361723 0.258331 0.970301 -6.110540 0.303765 1.025663 -3.361723 0.303765 1.025662 
						-6.110540 0.337526 1.088824 -3.361723 0.337526 1.088824 -6.110540 0.358315 1.157359 -3.361723 0.358315 1.157358 -10.896605 0.121315 1.047071 -10.896605 0.083563 1.026893 -10.914252 0.088049 1.016064 -10.914252 0.127827 1.037326 -6.110540 0.365335 1.228632 -3.361723 0.365335 1.228632 11.062211 0.303765 1.431599 11.062211 0.258331 1.486961 11.147510 0.246430 1.475059 11.147510 0.289771 1.422248 11.339836 0.126352 1.144204 11.339836 0.140395 1.170476 11.352801 0.000000 1.228630 11.062211 -0.258331 1.486961 11.062211 -0.303765 1.431599 11.147510 -0.289771 1.422248 11.147510 -0.246430 1.475059 11.062211 -0.202969 0.924865 11.062211 -0.139808 0.891104 11.147510 -0.133367 0.906654 11.147510 -0.193619 0.938859 11.062211 0.337526 1.088822 11.062211 0.358315 1.157357 11.147510 0.341808 1.160640 11.147510 0.321976 1.095263 11.062211 -0.000000 1.593965 11.062211 -0.071273 1.586945 11.147510 -0.067990 1.570437 11.147510 -0.000000 1.577134 11.062211 -0.358315 1.157357 11.062211 -0.337526 1.088822 11.147510 -0.321976 1.095263 11.147510 -0.341808 1.160640 11.062211 0.139808 0.891104 11.062211 0.202969 0.924865 11.147510 0.193618 0.938859 11.147510 0.133367 0.906654 11.062211 0.337526 1.368438 11.147510 0.321976 1.361997 11.062211 -0.202969 1.532395 11.147510 -0.193618 1.518400 11.062211 -0.258331 0.970299 11.147510 -0.246430 0.982200 11.062211 0.303765 1.025660 11.147510 0.289771 1.035011 11.062211 0.071273 1.586945 11.062211 -0.000000 1.593965 11.147510 -0.000000 1.577134 11.147510 0.067990 1.570437 11.062211 -0.365335 1.228630 11.147510 -0.348504 1.228630 11.062211 0.071273 0.870314 11.147510 0.067990 0.886822 11.062211 0.202969 1.532395 11.147510 0.193618 1.518400 11.062211 -0.337526 1.368438 11.147510 -0.321976 1.361997 11.062211 -0.071273 0.870314 11.147510 -0.067990 0.886822 11.062211 0.365335 1.228630 
						11.062211 0.358315 1.299903 11.147510 0.341808 1.296620 11.147510 0.348504 1.228630 11.062211 0.365335 1.228630 11.147510 0.348504 1.228630 11.062211 -0.139808 1.566156 11.147510 -0.133367 1.550606 11.062211 -0.303765 1.025660 11.147510 -0.289770 1.035011 11.062211 0.258331 0.970299 11.147510 0.246430 0.982200 11.062211 0.139808 1.566156 11.147510 0.133367 1.550605 11.062211 -0.358315 1.299903 11.147510 -0.341808 1.296620 11.062211 0.000000 0.863295 11.147510 0.000000 0.880126 11.298745 0.219985 1.272388 11.298745 0.207221 1.314464 11.339836 0.140395 1.286783 11.339836 0.149043 1.258276 11.298745 -0.085834 1.435851 11.298745 -0.124611 1.415124 11.339836 -0.084426 1.354982 11.339836 -0.058154 1.369025 11.298745 -0.186494 1.104018 11.298745 -0.158600 1.070030 11.339836 -0.107454 1.121176 11.339836 -0.126352 1.144204 11.233745 0.207963 1.020667 11.233745 0.244539 1.065234 11.269000 0.217589 1.083241 11.269000 0.185045 1.043585 11.298745 0.085834 1.435851 11.298745 0.043758 1.448614 11.339836 0.029646 1.377673 11.339836 0.058154 1.369025 11.233745 0.163396 0.984091 11.269000 0.145389 1.011040 11.298745 0.124611 1.415124 11.339836 0.084426 1.354982 -11.192615 -0.169052 1.341590 -11.192615 -0.143767 1.372400 -11.280878 -0.126471 1.355104 -11.280878 -0.148715 1.328001 -10.896605 0.121315 1.410194 -10.896605 0.154405 1.383038 -10.914252 0.162693 1.391326 -10.914252 0.127827 1.419939 -10.896605 -0.201740 1.312196 -10.896605 -0.181561 1.349948 -10.914252 -0.191307 1.356460 -10.914252 -0.212568 1.316681 -10.896605 -0.042600 1.014467 -10.896605 -0.083563 1.026893 -10.914252 -0.088049 1.016064 -10.914252 -0.044887 1.002971 -11.017770 0.235838 1.228633 -11.017770 0.231307 1.182623 -11.105192 0.218512 1.185168 -11.105192 0.222793 1.228633 -10.896605 -0.083563 1.430373 -10.896605 -0.042600 1.442799 -10.914252 -0.044887 1.454294 
						-10.914252 -0.088049 1.441201 -10.896605 -0.181561 1.107317 -10.896605 -0.201740 1.145069 -10.914252 -0.212568 1.140584 -10.914252 -0.191307 1.100806 -10.896605 0.154405 1.074228 -10.914252 0.162693 1.065940 -10.896605 0.083563 1.430373 -10.914252 0.088049 1.441201 -10.896605 -0.214166 1.271233 -10.914252 -0.225661 1.273520 -10.896605 0.000000 1.010271 -10.914252 0.000000 0.998550 -10.896605 -0.121315 1.410194 -10.914252 -0.127827 1.419939 -10.896605 -0.154405 1.074228 -10.914252 -0.162693 1.065940 -10.896605 0.181561 1.107317 -10.914252 0.191307 1.100806 -10.896605 0.042600 1.442799 -10.914252 0.044887 1.454294 -10.896605 -0.218362 1.228633 -10.914252 -0.230082 1.228633 -10.896605 0.042600 1.014467 -10.896605 0.000000 1.010271 -10.914252 0.000000 0.998550 -10.914252 0.044887 1.002971 -10.963511 0.235042 1.275386 -10.963511 0.239647 1.228633 -11.017770 0.235838 1.228633 -11.017770 0.231307 1.274642 -10.896605 0.181561 1.349948 -10.896605 0.201740 1.312196 -10.914252 0.212568 1.316681 -10.914252 0.191306 1.356460 -10.896605 -0.154405 1.383038 -10.914252 -0.162693 1.391325 -10.896605 -0.121315 1.047071 -10.914252 -0.127827 1.037326 -10.896605 0.201740 1.145069 -10.914252 0.212568 1.140584 -10.896605 -0.000000 1.446995 -10.914252 -0.000000 1.458715 -10.896605 -0.214166 1.186032 -10.896605 -0.218362 1.228633 -10.914252 -0.230082 1.228633 -10.914252 -0.225661 1.183746 -10.896605 0.214166 1.186033 -10.914252 0.225661 1.183746 -10.896605 -0.000000 1.446995 -10.914252 -0.000000 1.458715 -11.192615 -0.203317 1.228633 -11.192615 -0.199410 1.268298 -11.280878 -0.175421 1.263526 -11.280878 -0.178858 1.228633 -11.192615 0.112957 1.059581 -11.192615 0.077806 1.040792 -11.280878 0.068446 1.063390 -11.280878 0.099368 1.079918 -11.192615 -0.187840 1.306439 -11.280878 -0.165243 1.297079 -11.192615 0.143767 1.084866 -11.280878 0.126471 1.102162 -11.192615 0.169052 1.115676 
						-11.280878 0.148715 1.129265 -11.192615 0.187840 1.150827 -11.280878 0.165243 1.160187 -11.192615 -0.199410 1.188968 -11.192615 -0.203317 1.228633 -11.280878 -0.178858 1.228633 -11.280878 -0.175421 1.193740 -11.192615 0.199410 1.188968 -11.280878 0.175421 1.193740 -11.192615 -0.187840 1.150827 -11.280878 -0.165243 1.160187 -11.192615 0.143767 1.372400 -11.192615 0.169052 1.341590 -11.280878 0.148715 1.328001 -11.280878 0.126471 1.355104 -11.192615 -0.169052 1.115676 -11.280878 -0.148715 1.129265 -11.192615 0.077806 1.416473 -11.192615 0.112957 1.397685 -11.280878 0.099368 1.377348 -11.280878 0.068446 1.393876 -11.192615 -0.143767 1.084866 -11.280878 -0.126471 1.102162 -11.192615 0.039665 1.428043 -11.280878 0.034893 1.404054 -11.192615 -0.112957 1.059581 -11.280878 -0.099368 1.079918 -11.192615 -0.000000 1.431950 -11.280878 -0.000000 1.407491 -11.192615 -0.077806 1.040792 -11.280878 -0.068446 1.063390 -11.192615 -0.039665 1.428043 -11.192615 -0.000000 1.431950 -11.280878 -0.000000 1.407491 -11.280878 -0.034893 1.404054 -11.192615 -0.039665 1.029222 -11.280878 -0.034893 1.053212 -11.192615 -0.077806 1.416473 -11.280878 -0.068446 1.393876 -11.192615 0.000000 1.025316 -11.280878 0.000000 1.049776 -11.192615 -0.112957 1.397685 -11.280878 -0.099368 1.377348 -11.192615 0.039665 1.029222 -11.192615 0.000000 1.025316 -11.280878 0.000000 1.049776 -11.280878 0.034893 1.053212 -11.365166 -0.146566 1.257787 -11.365166 -0.138062 1.285820 -11.426278 -0.110636 1.274461 -11.426278 -0.117451 1.251996 -10.882571 -0.124722 1.353354 -10.882571 -0.097993 1.375290 -10.882571 0.067499 1.065676 -10.882571 0.034411 1.055638 -10.882571 -0.146657 1.326626 -10.882571 0.097993 1.081975 -10.882571 -0.162957 1.296132 -10.882571 0.172994 1.263043 -10.882571 0.176383 1.228633 -10.896605 0.218362 1.228633 -10.896605 0.214166 1.271233 -10.882571 0.124722 1.103911 -10.882571 -0.172994 1.263043 
						-10.882571 0.162957 1.296132 -10.882571 0.146657 1.130639 -10.882571 -0.176383 1.228633 -10.882571 0.146657 1.326626 -10.882571 0.162957 1.161134 -10.882571 -0.172994 1.194222 -10.882571 -0.176383 1.228633 -10.882571 0.124722 1.353355 -10.882571 0.172994 1.194222 -10.882571 -0.162957 1.161134 -10.882571 0.097993 1.375290 -10.882571 0.176383 1.228633 -10.896605 0.218362 1.228633 -10.882571 -0.146657 1.130639 -10.882571 0.067499 1.391590 -10.882571 -0.124722 1.103911 -10.882571 0.034411 1.401627 -10.882571 -0.097993 1.081975 -10.882571 -0.000000 1.405016 -10.882571 -0.067499 1.065676 -10.882571 -0.034411 1.401627 -10.882571 -0.000000 1.405016 -10.882571 -0.034411 1.055638 -10.882571 -0.067499 1.391590 -10.882571 0.000000 1.052249 -11.502384 -0.037426 1.266059 -11.502384 -0.029405 1.272642 -11.512679 0.000000 1.228633 -11.192615 0.187840 1.306439 -11.280878 0.165243 1.297079 -11.365166 0.124253 1.145610 -11.365166 0.105668 1.122965 -11.426278 0.084677 1.143956 -11.426278 0.099570 1.162103 -11.365166 -0.149437 1.228633 -11.426278 -0.119752 1.228633 -11.365166 0.124253 1.311656 -11.365166 0.138062 1.285820 -11.426278 0.110636 1.274460 -11.426278 0.099570 1.295164 -11.365166 0.138062 1.171446 -11.426278 0.110636 1.182806 -11.365166 -0.146566 1.199479 -11.365166 -0.149437 1.228633 -11.426278 -0.119752 1.228633 -11.426278 -0.117451 1.205271 -11.365166 0.105668 1.334301 -11.426278 0.084677 1.313311 -11.365166 0.146566 1.199479 -11.426278 0.117451 1.205271 -11.365166 -0.138062 1.171446 -11.426278 -0.110636 1.182806 -11.365166 0.083023 1.352886 -11.426278 0.066531 1.328203 -11.192615 0.199410 1.268298 -11.280878 0.175421 1.263526 -11.365166 -0.124253 1.145610 -11.426278 -0.099570 1.162103 -11.365166 0.057187 1.366696 -11.426278 0.045827 1.339270 -11.365166 -0.105668 1.122965 -11.426278 -0.084677 1.143956 -11.365166 0.029154 1.375199 -11.426278 0.023362 1.346084 
						-11.365166 -0.083023 1.104381 -11.426278 -0.066531 1.129063 -11.365166 -0.000000 1.378071 -11.426278 -0.000000 1.348385 -11.365166 -0.057187 1.090571 -11.426278 -0.045827 1.117997 -11.365166 -0.029154 1.375199 -11.365166 -0.000000 1.378071 -11.426278 -0.000000 1.348385 -11.426278 -0.023362 1.346084 -11.365166 -0.029154 1.082067 -11.426278 -0.023362 1.111183 -11.365166 -0.057187 1.366696 -11.426278 -0.045827 1.339270 -11.365166 0.000000 1.079196 -11.426278 0.000000 1.108881 -11.365166 -0.083023 1.352886 -11.426278 -0.066531 1.328203 -11.365166 0.029154 1.082067 -11.365166 0.000000 1.079196 -11.426278 0.000000 1.108881 -11.426278 0.023362 1.111183 -11.365166 -0.105668 1.334301 -11.426278 -0.084677 1.313311 -11.365166 0.057187 1.090571 -11.426278 0.045827 1.117997 -11.365166 -0.124253 1.311656 -11.426278 -0.099570 1.295164 -11.365166 0.083023 1.104381 -11.426278 0.066531 1.129063 -11.365166 0.146566 1.257787 -11.365166 0.149437 1.228633 -11.426278 0.119752 1.228633 -11.426278 0.117451 1.251996 -6.382401 0.353750 1.158267 -8.403324 0.285850 1.171773 -8.403324 0.291450 1.228632 -6.382401 0.360680 1.228632 -6.382401 0.333225 1.090606 -8.403324 0.269265 1.117099 -6.382401 0.299895 1.028249 -8.403324 0.242332 1.066711 -6.382401 0.255039 0.973593 -8.403324 0.206087 1.022546 -6.382401 0.200383 0.928738 -8.403324 0.161921 0.986300 -6.382401 0.138026 0.895407 -8.403324 0.111533 0.959367 -6.382401 0.070365 0.874882 -8.403324 0.056859 0.942782 -6.382401 0.000000 0.867952 -8.403324 0.000000 0.937182 -6.382401 -0.070365 0.874882 -8.403324 -0.056859 0.942782 -8.403324 0.000000 0.937182 -6.382401 0.000000 0.867952 -6.382401 -0.138026 0.895407 -8.403324 -0.111533 0.959367 -6.382401 -0.200383 0.928738 -8.403324 -0.161921 0.986300 -6.382401 -0.255039 0.973593 -8.403324 -0.206087 1.022546 -6.382401 -0.299895 1.028249 -8.403324 -0.242332 1.066711 
						-6.382401 -0.333225 1.090606 -8.403324 -0.269265 1.117099 -6.382401 -0.353750 1.158267 -8.403324 -0.285850 1.171773 -6.382401 -0.360680 1.228632 -8.403324 -0.291450 1.228632 -6.382401 -0.353750 1.298997 -8.403324 -0.285850 1.285491 -8.403324 -0.291450 1.228632 -6.382401 -0.360680 1.228632 -6.382401 -0.333225 1.366658 -8.403324 -0.269265 1.340166 -6.382401 -0.299895 1.429015 -8.403324 -0.242332 1.390553 -6.382401 -0.255039 1.483671 -8.403324 -0.206087 1.434719 -6.382401 -0.200383 1.528527 -8.403324 -0.161921 1.470964 -6.382401 -0.138026 1.561857 -8.403324 -0.111533 1.497897 -6.382401 -0.070365 1.582382 -8.403324 -0.056859 1.514482 -6.382401 -0.000000 1.589312 -8.403324 -0.000000 1.520083 -6.382401 0.070365 1.582382 -8.403324 0.056859 1.514483 -8.403324 -0.000000 1.520083 -6.382401 -0.000000 1.589312 -6.382401 0.138026 1.561857 -8.403324 0.111533 1.497897 -6.382401 0.200383 1.528527 -8.403324 0.161921 1.470965 -6.382401 0.255039 1.483671 -8.403324 0.206087 1.434719 -6.382401 0.299895 1.429015 -8.403324 0.242332 1.390553 -3.361723 0.337526 1.368439 -6.110540 0.337526 1.368440 -6.382401 0.360680 1.228632 -8.403324 0.291450 1.228632 -3.361723 0.358315 1.299905 -6.110540 0.358315 1.299905 -10.882571 0.000000 1.052249 -9.810770 0.213688 1.140120 -10.882571 0.162957 1.161134 -10.882571 0.172994 1.194222 -9.810770 0.226850 1.183509 -9.810770 0.192314 1.100132 -10.882571 0.146657 1.130639 -9.810770 0.163550 1.065083 -10.882571 0.124722 1.103911 -9.810770 0.128500 1.036318 -10.882571 0.097993 1.081975 -9.810770 0.088513 1.014945 -10.882571 0.067499 1.065676 -9.810770 0.045123 1.001783 -10.882571 0.034411 1.055638 -9.810770 0.000000 0.997338 -10.882571 0.000000 1.052249 -9.810770 -0.045123 1.001783 -10.882571 -0.034411 1.055638 -10.882571 0.000000 1.052249 -9.810770 0.000000 0.997338 -9.810770 -0.088513 1.014945 
						-10.882571 -0.067499 1.065676 -9.810770 -0.128500 1.036318 -10.882571 -0.097993 1.081975 -9.810770 -0.163550 1.065083 -10.882571 -0.124722 1.103911 -9.810770 -0.192314 1.100132 -10.882571 -0.146657 1.130639 -9.810770 -0.213688 1.140120 -10.882571 -0.162957 1.161134 -9.810770 -0.226850 1.183509 -10.882571 -0.172994 1.194222 -9.810770 -0.231294 1.228633 -10.882571 -0.176383 1.228633 -9.810770 -0.226850 1.273756 -10.882571 -0.172994 1.263043 -10.882571 -0.176383 1.228633 -9.810770 -0.231294 1.228633 -9.810770 -0.213688 1.317145 -10.882571 -0.162957 1.296132 -9.810770 -0.192314 1.357133 -10.882571 -0.146657 1.326626 -9.810770 -0.163550 1.392182 -10.882571 -0.124722 1.353354 -9.810770 -0.128500 1.420947 -10.882571 -0.097993 1.375290 -9.810770 -0.088512 1.442320 -10.882571 -0.067499 1.391590 -9.810770 -0.045123 1.455482 -10.882571 -0.034411 1.401627 -9.810770 -0.000000 1.459927 -10.882571 -0.000000 1.405016 -9.810770 0.045123 1.455482 -10.882571 0.034411 1.401627 -10.882571 -0.000000 1.405016 -9.810770 -0.000000 1.459927 -9.810770 0.088512 1.442320 -10.882571 0.067499 1.391590 -9.810770 0.128500 1.420947 -10.882571 0.097993 1.375290 -9.810770 0.163550 1.392182 -10.882571 0.124722 1.353355 -9.810770 0.192314 1.357133 -10.882571 0.146657 1.326626 -9.810770 0.213688 1.317145 -10.882571 0.162957 1.296132 -9.810770 0.226850 1.273756 -10.882571 0.172994 1.263043 -11.502384 0.010326 1.176722 -11.502384 0.000000 1.175705 -11.512679 0.000000 1.228633 -11.502384 -0.020255 1.277533 -11.502384 0.000000 1.175705 -11.502384 -0.010326 1.176722 -11.512679 0.000000 1.228633 -11.502384 -0.010326 1.280545 -11.502384 -0.020255 1.179734 -11.502384 -0.000000 1.281562 -11.502384 -0.029405 1.184625 -11.502384 -0.000000 1.281562 -11.502384 0.010326 1.280545 -11.512679 0.000000 1.228633 -11.502384 -0.037426 1.191207 -11.502384 0.020255 1.277533 -11.502384 -0.044008 1.199228 
						-11.502384 0.029405 1.272642 -11.502384 -0.048899 1.208379 -11.502384 0.052928 1.228634 -11.502384 0.051911 1.218308 -11.502384 0.037426 1.266059 -11.502384 -0.051911 1.218308 -11.502384 0.048899 1.208379 -11.502384 0.044008 1.258039 -11.502384 -0.052928 1.228634 -11.502384 0.044008 1.199228 -11.502384 0.048899 1.248888 -11.502384 -0.052928 1.228634 -11.502384 -0.051911 1.238959 -11.502384 0.037426 1.191207 -11.502384 0.051911 1.238959 -11.502384 -0.048899 1.248888 -11.502384 0.029405 1.184625 -11.502384 0.052928 1.228634 -11.502384 -0.044008 1.258039 -11.502384 0.020255 1.179734 11.233745 0.057377 0.940176 11.233745 0.112549 0.956913 11.269000 0.100145 0.986857 11.269000 0.051054 0.971966 11.298745 -0.224294 1.228630 11.298745 -0.219985 1.184872 11.339836 -0.149043 1.198983 11.339836 -0.151963 1.228630 11.233745 0.112549 1.500347 11.233745 0.057377 1.517083 11.269000 0.051054 1.485294 11.269000 0.100145 1.470402 11.233745 0.271717 1.116081 11.269000 0.241772 1.128484 11.233745 -0.244539 1.065234 11.233745 -0.207963 1.020666 11.269000 -0.185045 1.043585 11.269000 -0.217589 1.083241 11.233745 -0.112549 1.500347 11.233745 -0.163396 1.473169 11.269000 -0.145389 1.446219 11.269000 -0.100145 1.470402 11.233745 0.288453 1.286007 11.233745 0.271717 1.341179 11.269000 0.241772 1.328775 11.269000 0.256664 1.279684 11.233745 -0.057377 0.940176 11.233745 0.000000 0.934525 11.269000 0.000000 0.966937 11.269000 -0.051054 0.971966 11.233745 -0.244539 1.392025 11.233745 -0.271717 1.341179 11.269000 -0.241772 1.328775 11.269000 -0.217589 1.374018 11.233745 -0.288453 1.286007 11.269000 -0.256664 1.279684 11.233745 0.000000 0.934525 11.269000 0.000000 0.966937 11.233745 -0.294104 1.228630 11.269000 -0.261693 1.228630 11.298745 -0.207221 1.142796 11.339836 -0.140395 1.170476 11.233745 -0.057377 1.517083 11.269000 -0.051054 1.485294 
						11.298745 0.186494 1.353241 11.298745 0.158600 1.387230 11.339836 0.107454 1.336084 11.339836 0.126352 1.313056 11.298745 0.224294 1.228630 11.339836 0.151963 1.228630 11.298745 -0.043758 1.008645 11.298745 0.000000 1.004335 11.339836 0.000000 1.076667 11.339836 -0.029646 1.079587 11.233745 0.163396 1.473169 11.269000 0.145389 1.446219 11.062211 0.000000 0.863295 11.147510 0.000000 0.880126 11.062211 -0.365335 1.228630 11.147510 -0.348504 1.228630 11.233745 -0.294104 1.228630 11.233745 -0.288453 1.171253 11.269000 -0.256664 1.177576 11.269000 -0.261693 1.228630 11.233745 -0.000000 1.522734 11.269000 -0.000000 1.490322 11.233745 0.288453 1.171253 11.269000 0.256664 1.177576 11.233745 -0.163396 0.984091 11.269000 -0.145389 1.011040 11.233745 -0.207963 1.436593 11.269000 -0.185045 1.413674 11.233745 0.244539 1.392025 11.233745 0.207963 1.436593 11.269000 0.185045 1.413674 11.269000 0.217589 1.374018 11.352801 0.000000 1.228630 11.339836 -0.149043 1.258276 11.339836 -0.151963 1.228630 11.352801 0.000000 1.228630 11.339836 0.107454 1.121176 11.339836 -0.140395 1.286783 11.339836 0.084426 1.102277 11.339836 -0.126352 1.313056 11.339836 0.058154 1.088234 11.339836 -0.107454 1.336084 11.339836 0.029646 1.079587 11.339836 0.000000 1.076667 11.352801 0.000000 1.228630 11.339836 -0.029646 1.377673 11.339836 -0.058154 1.088234 11.339836 -0.000000 1.380593 11.339836 -0.084426 1.102278 11.339836 -0.000000 1.380593 11.339836 0.149043 1.198983 11.339836 0.151963 1.228630 11.062211 0.365335 1.228630 8.177423 0.365335 1.228630 8.177424 0.358315 1.299904 11.062211 0.358315 1.299903 8.177423 0.365335 1.228630 5.292637 0.365335 1.228631 5.292637 0.358315 1.299904 8.177424 0.358315 1.299904 5.292637 0.365335 1.228631 2.407850 0.365335 1.228631 2.407851 0.358315 1.299904 5.292637 0.358315 1.299904 
						2.407850 0.365335 1.228631 -0.476936 0.365335 1.228631 -0.476936 0.358315 1.299905 2.407851 0.358315 1.299904 -0.476936 0.365335 1.228631 -3.361723 0.365335 1.228632 -3.361723 0.358315 1.299905 -0.476936 0.358315 1.299905 8.177424 0.337526 1.368438 11.062211 0.337526 1.368438 5.292637 0.337526 1.368438 8.177424 0.337526 1.368438 2.407851 0.337526 1.368439 5.292637 0.337526 1.368438 -0.476936 0.337526 1.368439 2.407851 0.337526 1.368439 -3.361723 0.337526 1.368439 -0.476936 0.337526 1.368439 8.177424 0.303765 1.431600 11.062211 0.303765 1.431599 5.292637 0.303765 1.431600 8.177424 0.303765 1.431600 2.407851 0.303765 1.431600 5.292637 0.303765 1.431600 -0.476936 0.303765 1.431601 2.407851 0.303765 1.431600 -3.361723 0.303765 1.431601 -0.476936 0.303765 1.431601 8.177424 0.258331 1.486961 11.062211 0.258331 1.486961 5.292637 0.258331 1.486962 8.177424 0.258331 1.486961 2.407851 0.258331 1.486962 5.292637 0.258331 1.486962 -0.476936 0.258331 1.486962 2.407851 0.258331 1.486962 -3.361723 0.258331 1.486963 -0.476936 0.258331 1.486962 8.177424 0.202969 1.532395 11.062211 0.202969 1.532395 5.292637 0.202969 1.532396 8.177424 0.202969 1.532395 2.407851 0.202969 1.532396 5.292637 0.202969 1.532396 -0.476936 0.202969 1.532397 2.407851 0.202969 1.532396 -3.361723 0.202969 1.532397 -0.476936 0.202969 1.532397 8.177424 0.139808 1.566156 11.062211 0.139808 1.566156 5.292637 0.139808 1.566156 8.177424 0.139808 1.566156 2.407851 0.139808 1.566157 5.292637 0.139808 1.566156 -0.476936 0.139808 1.566157 2.407851 0.139808 1.566157 -3.361723 0.139808 1.566157 -0.476936 0.139808 1.566157 8.177424 0.071273 1.586946 11.062211 0.071273 1.586945 5.292637 0.071273 1.586946 8.177424 0.071273 1.586946 2.407851 0.071273 1.586946 5.292637 0.071273 1.586946 
						-0.476936 0.071273 1.586947 2.407851 0.071273 1.586946 -3.361723 0.071273 1.586947 -0.476936 0.071273 1.586947 8.177424 -0.000000 1.593966 11.062211 -0.000000 1.593965 5.292637 -0.000000 1.593966 8.177424 -0.000000 1.593966 2.407851 -0.000000 1.593966 5.292637 -0.000000 1.593966 -0.476936 -0.000000 1.593967 2.407851 -0.000000 1.593966 -3.361723 -0.000000 1.593967 -0.476936 -0.000000 1.593967 11.062211 -0.000000 1.593965 8.177424 -0.000000 1.593966 8.177424 -0.071273 1.586946 11.062211 -0.071273 1.586945 5.292637 -0.071273 1.586946 8.177424 -0.071273 1.586946 5.292637 -0.000000 1.593966 2.407851 -0.000000 1.593966 2.407851 -0.071273 1.586946 5.292637 -0.071273 1.586946 2.407851 -0.000000 1.593966 -0.476936 -0.000000 1.593967 -0.476936 -0.071273 1.586947 2.407851 -0.071273 1.586946 -0.476936 -0.000000 1.593967 -3.361723 -0.000000 1.593967 -3.361723 -0.071273 1.586947 -0.476936 -0.071273 1.586947 8.177424 -0.139808 1.566156 11.062211 -0.139808 1.566156 5.292637 -0.139808 1.566156 8.177424 -0.139808 1.566156 2.407851 -0.139808 1.566157 5.292637 -0.139808 1.566156 -0.476936 -0.139808 1.566157 2.407851 -0.139808 1.566157 -3.361723 -0.139808 1.566157 -0.476936 -0.139808 1.566157 8.177424 -0.202969 1.532395 11.062211 -0.202969 1.532395 5.292637 -0.202969 1.532396 8.177424 -0.202969 1.532395 2.407851 -0.202969 1.532396 5.292637 -0.202969 1.532396 -0.476936 -0.202969 1.532397 2.407851 -0.202969 1.532396 -3.361723 -0.202969 1.532397 -0.476936 -0.202969 1.532397 8.177424 -0.258331 1.486961 11.062211 -0.258331 1.486961 5.292637 -0.258331 1.486961 8.177424 -0.258331 1.486961 2.407851 -0.258331 1.486962 5.292637 -0.258331 1.486961 -0.476936 -0.258331 1.486962 2.407851 -0.258331 1.486962 -3.361723 -0.258331 1.486963 -0.476936 -0.258331 1.486962 8.177424 -0.303765 1.431599 11.062211 -0.303765 1.431599 
						5.292637 -0.303765 1.431600 8.177424 -0.303765 1.431599 2.407851 -0.303765 1.431600 5.292637 -0.303765 1.431600 -0.476936 -0.303765 1.431601 2.407851 -0.303765 1.431600 -3.361723 -0.303765 1.431601 -0.476936 -0.303765 1.431601 8.177424 -0.337526 1.368438 11.062211 -0.337526 1.368438 5.292637 -0.337526 1.368438 8.177424 -0.337526 1.368438 2.407851 -0.337526 1.368439 5.292637 -0.337526 1.368438 -0.476936 -0.337526 1.368439 2.407851 -0.337526 1.368439 -3.361723 -0.337526 1.368439 -0.476936 -0.337526 1.368439 8.177424 -0.358315 1.299904 11.062211 -0.358315 1.299903 5.292637 -0.358315 1.299904 8.177424 -0.358315 1.299904 2.407851 -0.358315 1.299904 5.292637 -0.358315 1.299904 -0.476936 -0.358315 1.299905 2.407851 -0.358315 1.299904 -3.361723 -0.358315 1.299905 -0.476936 -0.358315 1.299905 8.177424 -0.365335 1.228630 11.062211 -0.365335 1.228630 5.292637 -0.365335 1.228631 8.177424 -0.365335 1.228630 2.407851 -0.365335 1.228631 5.292637 -0.365335 1.228631 -0.476936 -0.365335 1.228631 2.407851 -0.365335 1.228631 -3.361723 -0.365335 1.228632 -0.476936 -0.365335 1.228631 8.177424 -0.358315 1.157357 11.062211 -0.358315 1.157357 5.292637 -0.358315 1.157357 8.177424 -0.358315 1.157357 5.292637 -0.365335 1.228631 2.407851 -0.365335 1.228631 2.407851 -0.358315 1.157358 5.292637 -0.358315 1.157357 2.407851 -0.365335 1.228631 -0.476936 -0.365335 1.228631 -0.476936 -0.358315 1.157358 2.407851 -0.358315 1.157358 -0.476936 -0.365335 1.228631 -3.361723 -0.365335 1.228632 -3.361723 -0.358315 1.157358 -0.476936 -0.358315 1.157358 8.177424 -0.337526 1.088822 11.062211 -0.337526 1.088822 5.292637 -0.337526 1.088823 8.177424 -0.337526 1.088822 2.407851 -0.337526 1.088823 5.292637 -0.337526 1.088823 -0.476936 -0.337526 1.088824 2.407851 -0.337526 1.088823 -3.361723 -0.337526 1.088824 -0.476936 -0.337526 1.088824 
						8.177424 -0.303765 1.025661 11.062211 -0.303765 1.025660 5.292637 -0.303765 1.025661 8.177424 -0.303765 1.025661 2.407851 -0.303765 1.025661 5.292637 -0.303765 1.025661 -0.476936 -0.303765 1.025662 2.407851 -0.303765 1.025661 -3.361723 -0.303765 1.025662 -0.476936 -0.303765 1.025662 8.177424 -0.258331 0.970299 11.062211 -0.258331 0.970299 5.292637 -0.258331 0.970299 8.177424 -0.258331 0.970299 2.407851 -0.258331 0.970300 5.292637 -0.258331 0.970299 -0.476936 -0.258331 0.970300 2.407851 -0.258331 0.970300 -3.361723 -0.258331 0.970301 -0.476936 -0.258331 0.970300 8.177424 -0.202969 0.924865 11.062211 -0.202969 0.924865 5.292637 -0.202969 0.924865 8.177424 -0.202969 0.924865 2.407851 -0.202969 0.924866 5.292637 -0.202969 0.924865 -0.476936 -0.202969 0.924866 2.407851 -0.202969 0.924866 -3.361723 -0.202969 0.924866 -0.476936 -0.202969 0.924866 8.177424 -0.139808 0.891104 11.062211 -0.139808 0.891104 5.292637 -0.139808 0.891105 8.177424 -0.139808 0.891104 2.407851 -0.139808 0.891105 5.292637 -0.139808 0.891105 -0.476936 -0.139808 0.891106 2.407851 -0.139808 0.891105 -3.361723 -0.139808 0.891106 -0.476936 -0.139808 0.891106 8.177424 -0.071273 0.870315 11.062211 -0.071273 0.870314 5.292637 -0.071273 0.870315 8.177424 -0.071273 0.870315 2.407851 -0.071273 0.870316 5.292637 -0.071273 0.870315 -0.476936 -0.071273 0.870316 2.407851 -0.071273 0.870316 -3.361723 -0.071273 0.870316 -0.476936 -0.071273 0.870316 8.177424 0.000000 0.863295 11.062211 0.000000 0.863295 5.292637 0.000000 0.863295 8.177424 0.000000 0.863295 2.407851 0.000000 0.863296 5.292637 0.000000 0.863295 -0.476936 0.000000 0.863296 2.407851 0.000000 0.863296 -3.361723 0.000000 0.863297 -0.476936 0.000000 0.863296 11.062211 0.000000 0.863295 8.177424 0.000000 0.863295 8.177424 0.071273 0.870315 11.062211 0.071273 0.870314 
						8.177424 0.000000 0.863295 5.292637 0.000000 0.863295 5.292637 0.071273 0.870315 8.177424 0.071273 0.870315 5.292637 0.000000 0.863295 2.407851 0.000000 0.863296 2.407851 0.071273 0.870316 5.292637 0.071273 0.870315 2.407851 0.000000 0.863296 -0.476936 0.000000 0.863296 -0.476936 0.071273 0.870316 2.407851 0.071273 0.870316 -0.476936 0.000000 0.863296 -3.361723 0.000000 0.863297 -3.361723 0.071273 0.870316 -0.476936 0.071273 0.870316 8.177424 0.139808 0.891104 11.062211 0.139808 0.891104 5.292637 0.139808 0.891105 8.177424 0.139808 0.891104 2.407851 0.139808 0.891105 5.292637 0.139808 0.891105 -0.476936 0.139808 0.891106 2.407851 0.139808 0.891105 -3.361723 0.139808 0.891106 -0.476936 0.139808 0.891106 8.177424 0.202969 0.924865 11.062211 0.202969 0.924865 5.292637 0.202969 0.924865 8.177424 0.202969 0.924865 2.407851 0.202969 0.924866 5.292637 0.202969 0.924865 -0.476936 0.202969 0.924866 2.407851 0.202969 0.924866 -3.361723 0.202969 0.924866 -0.476936 0.202969 0.924866 8.177424 0.258331 0.970299 11.062211 0.258331 0.970299 5.292637 0.258331 0.970299 8.177424 0.258331 0.970299 2.407851 0.258331 0.970300 5.292637 0.258331 0.970299 -0.476936 0.258331 0.970300 2.407851 0.258331 0.970300 -3.361723 0.258331 0.970301 -0.476936 0.258331 0.970300 8.177424 0.303765 1.025661 11.062211 0.303765 1.025660 5.292637 0.303765 1.025661 8.177424 0.303765 1.025661 2.407851 0.303765 1.025661 5.292637 0.303765 1.025661 -0.476936 0.303765 1.025662 2.407851 0.303765 1.025661 -3.361723 0.303765 1.025662 -0.476936 0.303765 1.025662 8.177424 0.337526 1.088822 11.062211 0.337526 1.088822 5.292637 0.337526 1.088823 8.177424 0.337526 1.088822 2.407851 0.337526 1.088823 5.292637 0.337526 1.088823 -0.476936 0.337526 1.088824 2.407851 0.337526 1.088823 
						-3.361723 0.337526 1.088824 -0.476936 0.337526 1.088824 8.177424 0.358315 1.157357 11.062211 0.358315 1.157357 5.292637 0.358315 1.157357 8.177424 0.358315 1.157357 2.407851 0.358315 1.157358 5.292637 0.358315 1.157357 -0.476936 0.358315 1.157358 2.407851 0.358315 1.157358 -3.361723 0.358315 1.157358 -0.476936 0.358315 1.157358 8.177423 0.365335 1.228630 11.062211 0.365335 1.228630 5.292637 0.365335 1.228631 8.177423 0.365335 1.228630 2.407850 0.365335 1.228631 5.292637 0.365335 1.228631 -0.476936 0.365335 1.228631 2.407850 0.365335 1.228631 -3.361723 0.365335 1.228632 -0.476936 0.365335 1.228631 -11.105192 0.218512 1.272098 -11.105192 0.222793 1.228633 -11.192615 0.203317 1.228633 -11.105192 0.205834 1.313892 -11.105192 0.185246 1.352410 -11.105192 0.157538 1.386171 -11.105192 0.123777 1.413878 -11.105192 0.085259 1.434466 -11.105192 0.043465 1.447145 -11.105192 -0.000000 1.451426 -11.105192 -0.043465 1.447145 -11.105192 -0.000000 1.451426 -11.105192 -0.085259 1.434466 -11.105192 -0.123777 1.413878 -11.105192 -0.157538 1.386171 -11.105192 -0.185246 1.352410 -11.105192 -0.205834 1.313892 -11.105192 -0.218512 1.272098 -11.105192 -0.222793 1.228633 -11.105192 -0.218512 1.185168 -11.105192 -0.222793 1.228633 -11.105192 -0.205834 1.143373 -11.105192 -0.185246 1.104856 -11.105192 -0.157538 1.071094 -11.105192 -0.123777 1.043387 -11.105192 -0.085259 1.022799 -11.105192 -0.043465 1.010121 -11.105192 0.000000 1.005840 -11.105192 0.043465 1.010121 -11.105192 0.000000 1.005840 -11.105192 0.085259 1.022799 -11.105192 0.123777 1.043387 -11.105192 0.157538 1.071094 -11.105192 0.185246 1.104856 -11.105192 0.205834 1.143374 -11.192615 0.203317 1.228633 -11.478611 0.077227 1.243995 -11.478611 0.078740 1.228634 -11.502384 0.052928 1.228634 -11.502384 0.051911 1.238959 -11.478611 0.078740 1.228634 -11.478611 0.077227 1.213272 
						-11.502384 0.051911 1.218308 -11.502384 0.052928 1.228634 -11.478611 0.072747 1.258766 -11.502384 0.048899 1.248888 -11.478611 0.065470 1.272379 -11.502384 0.044008 1.258039 -11.478611 0.055678 1.284311 -11.502384 0.037426 1.266059 -11.478611 0.043746 1.294104 -11.502384 0.029405 1.272642 -11.478611 0.030133 1.301380 -11.502384 0.020255 1.277533 -11.478611 0.015361 1.305861 -11.502384 0.010326 1.280545 -11.478611 -0.000000 1.307374 -11.502384 -0.000000 1.281562 -11.478611 -0.015361 1.305861 -11.478611 -0.000000 1.307374 -11.502384 -0.000000 1.281562 -11.502384 -0.010326 1.280545 -11.478611 -0.030133 1.301380 -11.502384 -0.020255 1.277533 -11.478611 -0.043746 1.294104 -11.502384 -0.029405 1.272642 -11.478611 -0.055678 1.284311 -11.502384 -0.037426 1.266059 -11.478611 -0.065470 1.272379 -11.502384 -0.044008 1.258039 -11.478611 -0.072747 1.258766 -11.502384 -0.048899 1.248888 -11.478611 -0.077227 1.243995 -11.502384 -0.051911 1.238959 -11.478611 -0.078740 1.228634 -11.502384 -0.052928 1.228634 -11.478611 -0.077227 1.213272 -11.478611 -0.078740 1.228634 -11.502384 -0.052928 1.228634 -11.502384 -0.051911 1.218308 -11.478611 -0.072747 1.198501 -11.502384 -0.048899 1.208379 -11.478611 -0.065470 1.184888 -11.502384 -0.044008 1.199228 -11.478611 -0.055678 1.172956 -11.502384 -0.037426 1.191207 -11.478611 -0.043746 1.163163 -11.502384 -0.029405 1.184625 -11.478611 -0.030133 1.155887 -11.502384 -0.020255 1.179734 -11.478611 -0.015361 1.151406 -11.502384 -0.010326 1.176722 -11.478611 0.000000 1.149893 -11.502384 0.000000 1.175705 -11.478611 0.015361 1.151406 -11.478611 0.000000 1.149893 -11.502384 0.000000 1.175705 -11.502384 0.010326 1.176722 -11.478611 0.030133 1.155887 -11.502384 0.020255 1.179734 -11.478611 0.043746 1.163163 -11.502384 0.029405 1.184625 -11.478611 0.055678 1.172956 -11.502384 0.037426 1.191207 -11.478611 0.065470 1.184888 -11.502384 0.044008 1.199228 
						-11.478611 0.072747 1.198501 -11.502384 0.048899 1.208379 -11.365166 0.149437 1.228633 -11.426278 0.119752 1.228633 -11.280878 0.178857 1.228633 -11.280878 0.178857 1.228633 -10.963511 0.239647 1.228633 -10.963511 0.235042 1.181880 -10.963511 0.221405 1.320342 -11.017770 0.217886 1.318884 -10.963511 0.199259 1.361773 -11.017770 0.196092 1.359657 -10.963511 0.169456 1.398089 -11.017770 0.166763 1.395395 -10.963511 0.133141 1.427892 -11.017770 0.131025 1.424725 -10.963511 0.091709 1.450038 -11.017770 0.090251 1.446519 -10.963511 0.046753 1.463675 -11.017770 0.046010 1.459939 -10.963511 -0.000000 1.468280 -11.017770 -0.000000 1.464471 -10.963511 -0.046753 1.463675 -10.963511 -0.000000 1.468280 -11.017770 -0.000000 1.464471 -11.017770 -0.046010 1.459939 -10.963511 -0.091709 1.450038 -11.017770 -0.090251 1.446519 -10.963511 -0.133141 1.427892 -11.017770 -0.131025 1.424725 -10.963511 -0.169456 1.398089 -11.017770 -0.166763 1.395395 -10.963511 -0.199259 1.361773 -11.017770 -0.196092 1.359657 -10.963511 -0.221405 1.320342 -11.017770 -0.217886 1.318884 -10.963511 -0.235042 1.275386 -11.017770 -0.231307 1.274642 -10.963511 -0.239647 1.228633 -11.017770 -0.235838 1.228633 -10.963511 -0.235042 1.181880 -10.963511 -0.239647 1.228633 -11.017770 -0.235838 1.228633 -11.017770 -0.231307 1.182623 -10.963511 -0.221405 1.136924 -11.017770 -0.217886 1.138381 -10.963511 -0.199259 1.095492 -11.017770 -0.196092 1.097608 -10.963511 -0.169456 1.059177 -11.017770 -0.166763 1.061870 -10.963511 -0.133141 1.029373 -11.017770 -0.131025 1.032540 -10.963511 -0.091709 1.007228 -11.017770 -0.090251 1.010747 -10.963511 -0.046753 0.993590 -11.017770 -0.046010 0.997326 -10.963511 0.000000 0.988986 -11.017770 0.000000 0.992795 -10.963511 0.046753 0.993590 -10.963511 0.000000 0.988986 -11.017770 0.000000 0.992795 -11.017770 0.046010 0.997326 -10.963511 0.091709 1.007228 -11.017770 0.090251 1.010747 
						-10.963511 0.133141 1.029373 -11.017770 0.131025 1.032540 -10.963511 0.169456 1.059176 -11.017770 0.166763 1.061870 -10.963511 0.199259 1.095492 -11.017770 0.196092 1.097608 -10.963511 0.221405 1.136924 -11.017770 0.217886 1.138381 -10.914252 0.230082 1.228633 -10.914252 0.225661 1.273520 -10.914252 0.230082 1.228633 -9.810770 0.231294 1.228633 -9.810770 0.231294 1.228633 -10.882571 0.176383 1.228633 -6.110540 0.365335 1.228632 -6.110540 0.358315 1.157359 -6.110540 0.337526 1.088824 -6.110540 0.303765 1.025663 -6.110540 0.258331 0.970301 -6.110540 0.202969 0.924867 -6.110540 0.139808 0.891106 -6.110540 0.071273 0.870317 -6.110540 0.000000 0.863297 -6.110540 0.000000 0.863297 -6.110540 -0.071273 0.870317 -6.110540 -0.139808 0.891106 -6.110540 -0.202969 0.924867 -6.110540 -0.258331 0.970301 -6.110540 -0.303765 1.025663 -6.110540 -0.337526 1.088824 -6.110540 -0.358315 1.157359 -6.110540 -0.365335 1.228632 -6.110540 -0.365335 1.228632 -6.110540 -0.358315 1.299905 -6.110540 -0.337526 1.368440 -6.110540 -0.303765 1.431602 -6.110540 -0.258331 1.486963 -6.110540 -0.202969 1.532397 -6.110540 -0.139808 1.566158 -6.110540 -0.071273 1.586947 -6.110540 -0.000000 1.593967 -6.110540 -0.000000 1.593967 -6.110540 0.071273 1.586947 -6.110540 0.139808 1.566158 -6.110540 0.202969 1.532397 -6.110540 0.258331 1.486963 -6.110540 0.303765 1.431602 -6.110540 0.337526 1.368440 -6.110540 0.358315 1.299905 -6.110540 0.365335 1.228632 -3.361723 0.365335 1.228632 -6.110540 0.365335 1.228632 11.233745 -0.271717 1.116081 11.233745 0.294104 1.228630 11.233745 0.294104 1.228630 11.233745 -0.112549 0.956913 11.233745 -0.000000 1.522734 11.298745 -0.158600 1.387230 11.269000 -0.100145 0.986857 11.298745 0.186494 1.104019 11.298745 0.207221 1.142796 11.298745 -0.000000 1.452924 11.269000 -0.241772 1.128484 11.298745 0.043758 1.008645 
						11.298745 0.085834 1.021409 11.298745 -0.207221 1.314463 11.298745 -0.219985 1.272387 11.298745 -0.085834 1.021409 11.298745 0.219985 1.184872 11.298745 0.224294 1.228630 11.298745 -0.000000 1.452924 11.298745 -0.043758 1.448614 11.298745 0.124611 1.042136 11.298745 0.158600 1.070030 11.298745 -0.186494 1.353241 11.269000 0.261693 1.228630 11.298745 -0.124611 1.042136 11.269000 -0.000000 1.490322 11.298745 -0.224294 1.228630 11.298745 0.000000 1.004335 11.269000 0.261693 1.228630 -10.882571 0.176383 1.228633 
					</float_array>
					<technique_common>
						<accessor count="1298" offset="0" source="#meshId0-positions-array" stride="3">
							<param name="X" type="float" />
							<param name="Y" type="float" />
							<param name="Z" type="float" />
						</accessor>
					</technique_common>
				</source>
				<source id="meshId0-normals" name="meshId0-normals">
					<float_array id="meshId0-normals-array" count="3894"> 
						-0.025666 0.980462 0.195026 -0.038460 0.980060 0.194946 -0.038460 0.923196 0.382400 -0.025666 0.923575 0.382557 0.000000 0.831470 0.555570 -0.008556 0.831439 0.555550 -0.008556 0.707081 0.707081 0.000000 0.707107 0.707106 -0.008556 0.555550 0.831439 0.000000 0.555570 0.831470 -0.008556 0.382669 0.923846 0.000000 0.382683 0.923880 -0.008556 0.195083 0.980749 0.000000 0.195090 0.980785 -0.008556 -0.000000 0.999963 0.000000 -0.000000 1.000000 0.000000 -0.000000 1.000000 -0.008556 -0.000000 0.999963 -0.008556 -0.195083 0.980749 0.000000 -0.195090 0.980785 -0.008556 -0.382669 0.923846 0.000000 -0.382683 0.923880 -0.008556 -0.555550 0.831439 0.000000 -0.555570 0.831470 -0.008556 -0.707081 0.707081 0.000000 -0.707107 0.707107 -0.008556 -0.831439 0.555550 0.000000 -0.831470 0.555570 -0.008556 -0.923846 0.382669 0.000000 -0.923880 0.382684 -0.008556 -0.980749 0.195083 0.000000 -0.980785 0.195090 -0.008556 -0.999963 0.000000 0.000000 -1.000000 -0.000000 0.000000 -1.000000 -0.000000 -0.008556 -0.999963 0.000000 -0.008556 -0.980749 -0.195083 -0.000000 -0.980785 -0.195090 -0.008556 -0.923846 -0.382670 -0.000000 -0.923879 -0.382684 -0.008556 -0.831439 -0.555550 -0.000000 -0.831470 -0.555570 -0.008556 -0.707081 -0.707081 -0.000000 -0.707107 -0.707107 -0.008556 -0.555550 -0.831439 -0.000000 -0.555570 -0.831470 -0.008556 -0.382669 -0.923846 -0.000000 -0.382683 -0.923880 -0.008556 -0.195083 -0.980749 -0.000000 -0.195090 -0.980785 -0.008556 0.000000 -0.999963 -0.000000 0.000000 -1.000000 -0.000000 0.000000 -1.000000 -0.008556 0.000000 -0.999963 -0.008556 0.195083 -0.980749 -0.000000 0.195090 -0.980785 -0.008556 0.382670 -0.923846 -0.000000 0.382683 -0.923880 -0.008556 0.555550 -0.831439 -0.000000 0.555570 -0.831470 -0.008556 0.707081 -0.707081 -0.000000 0.707107 -0.707107 -0.008556 0.831439 -0.555550 -0.000000 0.831470 -0.555570 
						-0.008556 0.923846 -0.382669 -0.000000 0.923880 -0.382684 -0.008556 0.980749 -0.195083 -0.000000 0.980785 -0.195090 0.784190 0.344744 -0.515943 0.784190 0.237464 -0.573286 0.375056 0.354750 -0.856438 0.375057 0.515016 -0.770773 -0.008556 0.999963 0.000000 0.000000 1.000000 0.000001 0.096673 0.827576 0.552967 0.096673 0.703795 0.703794 0.365940 0.658061 0.658061 0.365940 0.773798 0.517035 0.951236 0.256480 -0.171369 0.951236 0.284986 -0.118041 1.000000 0.000002 -0.000000 0.096673 -0.703795 0.703795 0.096673 -0.827576 0.552967 0.365939 -0.773799 0.517034 0.365939 -0.658061 0.658061 0.096673 -0.552967 -0.827576 0.096673 -0.380893 -0.919552 0.365939 -0.356143 -0.859797 0.365939 -0.517035 -0.773798 0.096673 0.919552 -0.380891 0.096673 0.976191 -0.194177 0.365938 0.912757 -0.181558 0.365939 0.859798 -0.356140 0.096673 -0.000000 0.995316 0.096673 -0.194176 0.976191 0.365939 -0.181560 0.912757 0.365939 -0.000000 0.930639 0.096673 -0.976191 -0.194177 0.096673 -0.919552 -0.380891 0.365939 -0.859798 -0.356140 0.365938 -0.912757 -0.181558 0.096673 0.380891 -0.919552 0.096673 0.552967 -0.827576 0.365939 0.517034 -0.773799 0.365939 0.356140 -0.859798 0.096673 0.919552 0.380891 0.365939 0.859798 0.356140 0.096674 -0.552967 0.827576 0.365939 -0.517034 0.773799 0.096673 -0.703794 -0.703795 0.365938 -0.658061 -0.658061 0.096673 0.827576 -0.552967 0.365940 0.773798 -0.517035 0.096673 0.194176 0.976191 0.096673 -0.000000 0.995316 0.365939 -0.000000 0.930639 0.365939 0.181560 0.912757 0.096673 -0.995316 -0.000000 0.365938 -0.930639 -0.000000 0.096673 0.194177 -0.976191 0.365939 0.181558 -0.912757 0.096673 0.552968 0.827575 0.365939 0.517036 0.773798 0.096673 -0.919552 0.380891 0.365938 -0.859799 0.356139 0.096673 -0.194177 -0.976191 0.365939 -0.181558 -0.912757 0.096673 0.995316 0.000000 
						0.096673 0.976191 0.194177 0.365938 0.912758 0.181558 0.365938 0.930639 0.000000 0.096673 0.995316 0.000000 0.365938 0.930639 0.000000 0.096673 -0.380890 0.919553 0.365939 -0.356140 0.859798 0.096673 -0.827576 -0.552967 0.365939 -0.773799 -0.517034 0.096673 0.703795 -0.703795 0.365939 0.658061 -0.658061 0.096673 0.380891 0.919552 0.365939 0.356141 0.859798 0.096673 -0.976191 0.194177 0.365937 -0.912758 0.181558 0.096673 -0.000000 -0.995316 0.365939 0.000000 -0.930639 0.826312 0.552391 0.109876 0.826314 0.520337 0.215532 0.951238 0.284979 0.118042 0.951237 0.302535 0.060177 0.826314 -0.215533 0.520337 0.826315 -0.312900 0.468292 0.951239 -0.171364 0.256474 0.951238 -0.118044 0.284978 0.826313 -0.468294 -0.312902 0.826317 -0.398241 -0.398251 0.951239 -0.218107 -0.218114 0.951236 -0.256481 -0.171370 0.604941 0.563046 -0.563050 0.604943 0.662072 -0.442386 0.729515 0.568695 -0.379991 0.729516 0.483634 -0.483638 0.826314 0.215535 0.520337 0.826314 0.109878 0.552387 0.951238 0.060175 0.302531 0.951238 0.118044 0.284978 0.604940 0.442386 -0.662075 0.729513 0.379995 -0.568695 0.826317 0.312895 0.468293 0.951239 0.171361 0.256474 -0.241957 -0.806764 0.539064 -0.241956 -0.686096 0.686097 -0.297878 -0.675007 0.675007 -0.297879 -0.793724 0.530350 0.784193 0.344735 0.515944 0.784192 0.438772 0.438773 0.375056 0.655489 0.655490 0.375057 0.515013 0.770775 0.784194 -0.573281 0.237463 0.784192 -0.515941 0.344742 0.375055 -0.770777 0.515012 0.375056 -0.856438 0.354748 0.784190 -0.121061 -0.608597 0.784189 -0.237465 -0.573287 0.375055 -0.354748 -0.856439 0.375057 -0.180852 -0.909189 -0.108627 0.994083 0.000000 -0.108627 0.974982 -0.193936 -0.182236 0.964362 -0.191824 -0.182236 0.983255 -0.000000 0.784192 -0.237464 0.573283 0.784191 -0.121058 0.608596 0.375056 -0.180853 0.909190 
						0.375056 -0.354750 0.856437 0.784190 -0.515945 -0.344741 0.784190 -0.573287 -0.237462 0.375056 -0.856438 -0.354748 0.375055 -0.770776 -0.515012 0.784191 0.438771 -0.438776 0.375059 0.655486 -0.655491 0.784193 0.237460 0.573284 0.375057 0.354752 0.856437 0.784191 -0.608596 0.121057 0.375058 -0.909189 0.180850 0.784192 -0.000000 -0.620518 0.375058 -0.000000 -0.927001 0.784191 -0.344743 0.515943 0.375057 -0.515012 0.770775 0.784191 -0.438773 -0.438773 0.375055 -0.655491 -0.655488 0.784193 0.515939 -0.344743 0.375059 0.770772 -0.515015 0.784191 0.121058 0.608596 0.375056 0.180853 0.909189 0.784190 -0.620521 -0.000000 0.375059 -0.927001 -0.000000 0.784190 0.121061 -0.608597 0.784192 -0.000000 -0.620518 0.375058 -0.000000 -0.927001 0.375057 0.180850 -0.909190 0.060326 0.978999 0.194737 0.060326 0.998179 0.000000 -0.108627 0.994083 0.000000 -0.108627 0.974981 0.193937 0.784190 0.515945 0.344741 0.784191 0.573285 0.237463 0.375056 0.856439 0.354748 0.375054 0.770777 0.515012 0.784190 -0.438776 0.438772 0.375056 -0.655489 0.655490 0.784191 -0.344740 -0.515945 0.375057 -0.515013 -0.770775 0.784190 0.573287 -0.237462 0.375057 0.856438 -0.354748 0.784189 -0.000000 0.620522 0.375055 0.000000 0.927002 0.784189 -0.608599 -0.121057 0.784190 -0.620521 -0.000000 0.375059 -0.927001 -0.000000 0.375057 -0.909190 -0.180849 0.784189 0.608599 -0.121057 0.375058 0.909189 -0.180850 0.784189 -0.000000 0.620522 0.375055 0.000000 0.927002 -0.241957 -0.970287 -0.000001 -0.241956 -0.951643 0.189294 -0.297879 -0.936261 0.186234 -0.297880 -0.954603 -0.000000 -0.241959 0.539060 -0.806765 -0.241958 0.371314 -0.896428 -0.297882 0.365314 -0.881937 -0.297882 0.530349 -0.793723 -0.241957 -0.896428 0.371314 -0.297879 -0.881939 0.365311 -0.241958 0.686095 -0.686097 -0.297882 0.675005 -0.675007 -0.241958 0.806764 -0.539063 
						-0.297881 0.793723 -0.530349 -0.241958 0.896428 -0.371314 -0.297881 0.881938 -0.365312 -0.241957 -0.951643 -0.189293 -0.241957 -0.970287 -0.000001 -0.297880 -0.954603 -0.000000 -0.297881 -0.936261 -0.186234 -0.241957 0.951643 -0.189293 -0.297880 0.936261 -0.186234 -0.241958 -0.896428 -0.371313 -0.297881 -0.881938 -0.365312 -0.241956 0.686098 0.686096 -0.241956 0.806764 0.539063 -0.297879 0.793724 0.530349 -0.297878 0.675008 0.675006 -0.241958 -0.806765 -0.539062 -0.297881 -0.793723 -0.530349 -0.241955 0.371312 0.896429 -0.241955 0.539062 0.806765 -0.297878 0.530349 0.793725 -0.297877 0.365312 0.881939 -0.241958 -0.686096 -0.686097 -0.297882 -0.675006 -0.675006 -0.241956 0.189294 0.951643 -0.297877 0.186237 0.936261 -0.241959 -0.539060 -0.806765 -0.297882 -0.530349 -0.793723 -0.241955 0.000001 0.970287 -0.297877 0.000001 0.954604 -0.241959 -0.371313 -0.896428 -0.297882 -0.365312 -0.881937 -0.241955 -0.189294 0.951644 -0.241955 0.000001 0.970287 -0.297877 0.000001 0.954604 -0.297877 -0.186236 0.936262 -0.241958 -0.189294 -0.951643 -0.297883 -0.186234 -0.936260 -0.241955 -0.371312 0.896429 -0.297877 -0.365311 0.881939 -0.241958 -0.000001 -0.970287 -0.297882 -0.000001 -0.954603 -0.241956 -0.539062 0.806765 -0.297878 -0.530349 0.793725 -0.241958 0.189293 -0.951643 -0.241958 -0.000001 -0.970287 -0.297882 -0.000001 -0.954603 -0.297882 0.186232 -0.936261 -0.382608 -0.906158 0.180247 -0.382609 -0.853581 0.353568 -0.526914 -0.785222 0.325252 -0.526913 -0.833589 0.165811 0.948408 -0.224191 0.224189 0.948408 -0.176148 0.263619 0.948408 0.121333 -0.292917 0.948408 0.061859 -0.310960 0.948412 -0.263606 0.176145 0.948407 0.176148 -0.263619 0.948412 -0.292905 0.121331 0.948409 0.310959 0.061854 0.948405 0.317061 -0.000000 0.784190 0.620521 0.000000 0.784191 0.608596 0.121057 0.948408 0.224192 -0.224190 0.948409 -0.310959 0.061854 
						0.948410 0.292913 0.121331 0.948409 0.263615 -0.176145 0.948405 -0.317060 -0.000000 0.948409 0.263615 0.176145 0.948407 0.292921 -0.121331 0.948406 -0.310966 -0.061854 0.948405 -0.317060 -0.000000 0.948410 0.224183 0.224190 0.948406 0.310966 -0.061854 0.948407 -0.292921 -0.121331 0.948411 0.176131 0.263620 0.948405 0.317061 -0.000000 0.784190 0.620521 0.000000 0.948409 -0.263616 -0.176145 0.948410 0.121316 0.292918 0.948409 -0.224184 -0.224190 0.948409 0.061846 0.310960 0.948409 -0.176140 -0.263620 0.948408 0.000000 0.317051 0.948408 -0.121333 -0.292918 0.948409 -0.061846 0.310959 0.948408 0.000000 0.317051 0.948408 -0.061859 -0.310960 0.948409 -0.121324 0.292918 0.948408 -0.000000 -0.317053 -0.885505 -0.328533 0.328553 -0.885509 -0.258096 0.386342 -1.000000 -0.000007 -0.000001 -0.241957 0.896428 0.371314 -0.297879 0.881938 0.365312 -0.382609 0.768204 -0.513296 -0.382608 0.653305 -0.653302 -0.526913 0.600985 -0.600982 -0.526911 0.706685 -0.472187 -0.382610 -0.923910 -0.000001 -0.526918 -0.849916 -0.000000 -0.382607 0.768204 0.513297 -0.382608 0.853581 0.353567 -0.526914 0.785222 0.325252 -0.526912 0.706682 0.472191 -0.382610 0.853581 -0.353567 -0.526913 0.785223 -0.325251 -0.382611 -0.906156 -0.180247 -0.382610 -0.923910 -0.000001 -0.526918 -0.849916 -0.000000 -0.526917 -0.833586 -0.165812 -0.382607 0.653305 0.653303 -0.526911 0.600987 0.600982 -0.382611 0.906157 -0.180247 -0.526917 0.833586 -0.165812 -0.382611 -0.853580 -0.353568 -0.526914 -0.785222 -0.325252 -0.382607 0.513297 0.768205 -0.526913 0.472190 0.706682 -0.241956 0.951643 0.189293 -0.297878 0.936261 0.186234 -0.382610 -0.768203 -0.513298 -0.526913 -0.706682 -0.472190 -0.382605 0.353569 0.853582 -0.526912 0.325249 0.785224 -0.382609 -0.653305 -0.653302 -0.526914 -0.600982 -0.600984 -0.382606 0.180250 0.906158 -0.526912 0.165807 0.833589 
						-0.382609 -0.513297 -0.768203 -0.526913 -0.472189 -0.706682 -0.382606 0.000004 0.923911 -0.526913 0.000004 0.849919 -0.382610 -0.353564 -0.853582 -0.526913 -0.325250 -0.785223 -0.382606 -0.180245 0.906159 -0.382606 0.000004 0.923911 -0.526913 0.000004 0.849919 -0.526913 -0.165806 0.833589 -0.382610 -0.180243 -0.906158 -0.526914 -0.165805 -0.833589 -0.382606 -0.353565 0.853583 -0.526913 -0.325246 0.785224 -0.382610 -0.000000 -0.923910 -0.526914 -0.000000 -0.849918 -0.382607 -0.513296 0.768205 -0.526913 -0.472189 0.706683 -0.382611 0.180242 -0.906158 -0.382610 -0.000000 -0.923910 -0.526914 -0.000000 -0.849918 -0.526914 0.165810 -0.833588 -0.382607 -0.653305 0.653303 -0.526908 -0.600991 0.600980 -0.382610 0.353564 -0.853582 -0.526914 0.325251 -0.785222 -0.382609 -0.768202 0.513299 -0.526913 -0.706680 0.472192 -0.382609 0.513297 -0.768203 -0.526915 0.472184 -0.706684 -0.382607 0.906159 0.180247 -0.382608 0.923911 -0.000000 -0.526918 0.849916 -0.000000 -0.526915 0.833587 0.165812 -0.025666 0.980462 -0.195026 -0.038460 0.980060 -0.194946 -0.038460 0.999260 0.000000 -0.025666 0.999671 0.000000 -0.025666 0.923575 -0.382557 -0.038460 0.923196 -0.382400 -0.025666 0.831196 -0.555387 -0.038460 0.830855 -0.555159 -0.025666 0.706874 -0.706874 -0.038460 0.706584 -0.706584 -0.025666 0.555387 -0.831196 -0.038460 0.555159 -0.830855 -0.025666 0.382558 -0.923575 -0.038460 0.382401 -0.923196 -0.025666 0.195026 -0.980462 -0.038460 0.194946 -0.980060 -0.025666 0.000000 -0.999671 -0.038460 0.000000 -0.999260 -0.025666 -0.195026 -0.980462 -0.038460 -0.194946 -0.980060 -0.038460 0.000000 -0.999260 -0.025666 0.000000 -0.999671 -0.025666 -0.382557 -0.923575 -0.038460 -0.382400 -0.923196 -0.025666 -0.555387 -0.831196 -0.038460 -0.555159 -0.830855 -0.025666 -0.706874 -0.706874 -0.038460 -0.706584 -0.706583 -0.025666 -0.831196 -0.555387 -0.038460 -0.830854 -0.555159 
						-0.025666 -0.923575 -0.382558 -0.038460 -0.923196 -0.382401 -0.025666 -0.980462 -0.195026 -0.038460 -0.980060 -0.194946 -0.025666 -0.999671 0.000000 -0.038460 -0.999260 0.000000 -0.025666 -0.980462 0.195026 -0.038460 -0.980060 0.194946 -0.038460 -0.999260 0.000000 -0.025666 -0.999671 0.000000 -0.025666 -0.923575 0.382557 -0.038460 -0.923196 0.382400 -0.025666 -0.831196 0.555387 -0.038460 -0.830854 0.555159 -0.025666 -0.706874 0.706874 -0.038459 -0.706584 0.706584 -0.025666 -0.555387 0.831196 -0.038459 -0.555159 0.830854 -0.025666 -0.382557 0.923575 -0.038459 -0.382400 0.923196 -0.025666 -0.195026 0.980462 -0.038459 -0.194945 0.980060 -0.025666 -0.000000 0.999671 -0.038459 -0.000000 0.999260 -0.025666 0.195026 0.980462 -0.038459 0.194946 0.980060 -0.038459 -0.000000 0.999260 -0.025666 -0.000000 0.999671 -0.025666 0.382557 0.923575 -0.038459 0.382400 0.923196 -0.025666 0.555387 0.831196 -0.038459 0.555159 0.830855 -0.025666 0.706874 0.706874 -0.038459 0.706584 0.706583 -0.025666 0.831196 0.555387 -0.038459 0.830854 0.555159 0.000000 0.923880 0.382683 -0.008556 0.923846 0.382669 -0.025666 0.999671 0.000000 -0.038460 0.999260 0.000000 0.000000 0.980785 0.195091 -0.008556 0.980749 0.195083 0.948408 -0.000000 -0.317053 -0.046922 0.922862 -0.382262 -0.051165 0.922670 -0.382182 -0.051165 0.979501 -0.194835 -0.046922 0.979705 -0.194876 -0.046922 0.830554 -0.554958 -0.051165 0.830380 -0.554843 -0.046922 0.706328 -0.706328 -0.051165 0.706181 -0.706181 -0.046922 0.554958 -0.830554 -0.051165 0.554842 -0.830381 -0.046922 0.382262 -0.922862 -0.051165 0.382182 -0.922670 -0.046922 0.194875 -0.979705 -0.051165 0.194834 -0.979501 -0.046922 0.000000 -0.998899 -0.051165 -0.000000 -0.998690 -0.046922 -0.194875 -0.979705 -0.051165 -0.194834 -0.979501 -0.051165 -0.000000 -0.998690 -0.046922 0.000000 -0.998899 -0.046922 -0.382262 -0.922862 
						-0.051165 -0.382182 -0.922670 -0.046922 -0.554958 -0.830554 -0.051165 -0.554842 -0.830381 -0.046922 -0.706328 -0.706328 -0.051165 -0.706181 -0.706180 -0.046922 -0.830554 -0.554958 -0.051165 -0.830380 -0.554843 -0.046922 -0.922862 -0.382262 -0.051165 -0.922669 -0.382183 -0.046922 -0.979705 -0.194876 -0.051165 -0.979501 -0.194835 -0.046922 -0.998899 0.000000 -0.051165 -0.998690 0.000000 -0.046922 -0.979705 0.194875 -0.051165 -0.979501 0.194835 -0.051165 -0.998690 0.000000 -0.046922 -0.998899 0.000000 -0.046922 -0.922862 0.382262 -0.051165 -0.922670 0.382182 -0.046922 -0.830554 0.554958 -0.051165 -0.830380 0.554843 -0.046922 -0.706328 0.706328 -0.051165 -0.706180 0.706181 -0.046922 -0.554958 0.830554 -0.051165 -0.554842 0.830381 -0.046922 -0.382261 0.922862 -0.051165 -0.382182 0.922670 -0.046922 -0.194876 0.979705 -0.051165 -0.194836 0.979500 -0.046922 -0.000000 0.998899 -0.051165 -0.000000 0.998690 -0.046922 0.194876 0.979705 -0.051165 0.194836 0.979500 -0.051165 -0.000000 0.998690 -0.046922 -0.000000 0.998899 -0.046922 0.382261 0.922862 -0.051165 0.382181 0.922670 -0.046922 0.554958 0.830554 -0.051165 0.554842 0.830381 -0.046922 0.706328 0.706328 -0.051165 0.706181 0.706181 -0.046922 0.830554 0.554958 -0.051165 0.830381 0.554842 -0.046922 0.922862 0.382262 -0.051165 0.922670 0.382182 -0.046922 0.979705 0.194875 -0.051165 0.979501 0.194835 -0.885500 0.090613 -0.455717 -0.885498 -0.000000 -0.464643 -1.000000 -0.000007 -0.000001 -0.885494 -0.177834 0.429272 -0.885498 -0.000000 -0.464643 -0.885496 -0.090665 -0.455716 -1.000000 -0.000007 -0.000001 -0.885496 -0.090666 0.455715 -0.885494 -0.177835 -0.429274 -0.885497 -0.000000 0.464646 -0.885505 -0.258112 -0.386340 -0.885497 -0.000000 0.464646 -0.885496 0.090666 0.455715 -1.000000 -0.000007 -0.000001 -0.885498 -0.328551 -0.328553 -0.885493 0.177835 0.429275 -0.885495 -0.386342 -0.258143 
						-0.885505 0.258113 0.386341 -0.885494 -0.429282 -0.177813 -0.885490 0.464658 0.000000 -0.885496 0.455720 -0.090648 -0.885499 0.328551 0.328553 -0.885495 -0.455721 -0.090648 -0.885492 0.429287 -0.177811 -0.885496 0.386341 0.258142 -0.885489 -0.464661 0.000000 -0.885494 0.386347 -0.258141 -0.885494 0.429282 0.177812 -0.885489 -0.464661 0.000000 -0.885494 -0.455722 0.090648 -0.885504 0.328534 -0.328554 -0.885494 0.455723 0.090649 -0.885493 -0.429286 0.177810 -0.885510 0.258095 -0.386341 -0.885490 0.464658 0.000000 -0.885494 -0.386347 0.258141 -0.885502 0.177783 -0.429277 0.604941 0.155342 -0.780971 0.604941 0.304719 -0.735658 0.729514 0.261745 -0.631901 0.729515 0.133433 -0.670823 0.826315 -0.563209 -0.000000 0.826313 -0.552389 -0.109876 0.951237 -0.302534 -0.060177 0.951238 -0.308459 -0.000000 0.604940 0.304720 0.735659 0.604940 0.155347 0.780970 0.729514 0.133439 0.670823 0.729514 0.261745 0.631901 0.604944 0.735655 -0.304721 0.729515 0.631900 -0.261742 0.604943 -0.662072 -0.442386 0.604942 -0.563046 -0.563050 0.729518 -0.483630 -0.483639 0.729517 -0.568693 -0.379992 0.604941 -0.304719 0.735658 0.604940 -0.442386 0.662075 0.729515 -0.379991 0.568696 0.729515 -0.261742 0.631901 0.604945 0.780967 0.155346 0.604944 0.735655 0.304721 0.729518 0.631896 0.261744 0.729516 0.670822 0.133435 0.604941 -0.155343 -0.780971 0.604941 0.000000 -0.796271 0.729515 -0.000000 -0.683965 0.729515 -0.133436 -0.670823 0.604942 -0.662073 0.442385 0.604943 -0.735656 0.304720 0.729518 -0.631897 0.261744 0.729518 -0.568690 0.379993 0.604945 -0.780967 0.155345 0.729516 -0.670822 0.133435 0.604941 0.000000 -0.796271 0.729515 -0.000000 -0.683965 0.604941 -0.796270 0.000000 0.729515 -0.683965 0.000000 0.826312 -0.520341 -0.215530 0.951238 -0.284978 -0.118042 0.604940 -0.155346 0.780971 0.729515 -0.133436 0.670822 
						0.826317 0.468286 0.312904 0.826318 0.398238 0.398252 0.951239 0.218107 0.218114 0.951236 0.256481 0.171370 0.826315 0.563209 -0.000000 0.951237 0.308461 0.000000 0.826314 -0.109877 -0.552388 0.826314 -0.000000 -0.563210 0.951238 0.000000 -0.308458 0.951238 -0.060175 -0.302531 0.604940 0.442386 0.662074 0.729516 0.379988 0.568696 0.096673 -0.000000 -0.995316 0.365939 0.000000 -0.930639 0.096673 -0.995316 -0.000000 0.365938 -0.930639 -0.000000 0.604941 -0.796270 0.000000 0.604943 -0.780969 -0.155345 0.729516 -0.670821 -0.133435 0.729515 -0.683965 0.000000 0.604940 -0.000000 0.796271 0.729515 -0.000000 0.683965 0.604943 0.780969 -0.155345 0.729516 0.670822 -0.133436 0.604940 -0.442387 -0.662074 0.729515 -0.379992 -0.568696 0.604941 -0.563048 0.563049 0.729515 -0.483636 0.483636 0.604944 0.662070 0.442387 0.604942 0.563046 0.563049 0.729518 0.483629 0.483638 0.729521 0.568686 0.379994 1.000000 0.000002 -0.000000 0.951238 -0.302530 0.060177 0.951238 -0.308459 -0.000000 1.000000 0.000002 -0.000000 0.951237 0.218118 -0.218113 0.951239 -0.284975 0.118042 0.951239 0.171366 -0.256474 0.951238 -0.256475 0.171370 0.951240 0.118026 -0.284978 0.951240 -0.218103 0.218114 0.951238 0.060175 -0.302532 0.951238 0.000000 -0.308458 1.000000 0.000002 -0.000000 0.951238 -0.060175 0.302531 0.951238 -0.118041 -0.284978 0.951238 -0.000000 0.308458 0.951239 -0.171363 -0.256473 0.951238 -0.000000 0.308458 0.951236 0.302537 -0.060177 0.951237 0.308461 0.000000 0.096673 0.995316 0.000000 -0.000000 1.000000 0.000000 0.000000 0.980785 0.195090 0.096673 0.976191 0.194177 -0.000000 1.000000 0.000000 0.000000 1.000000 0.000000 0.000000 0.980785 0.195090 0.000000 0.980785 0.195090 0.000000 1.000000 0.000000 -0.000000 1.000000 0.000000 0.000000 0.980785 0.195090 0.000000 0.980785 0.195090 
						-0.000000 1.000000 0.000000 -0.000000 1.000000 0.000001 0.000000 0.980785 0.195090 0.000000 0.980785 0.195090 -0.000000 1.000000 0.000001 0.000000 1.000000 0.000001 0.000000 0.980785 0.195091 0.000000 0.980785 0.195090 0.000000 0.923880 0.382683 0.096673 0.919552 0.380891 0.000000 0.923880 0.382684 0.000000 0.923880 0.382683 0.000000 0.923880 0.382683 0.000000 0.923880 0.382684 0.000000 0.923880 0.382683 0.000000 0.923880 0.382683 0.000000 0.923880 0.382683 0.000000 0.923880 0.382683 0.000000 0.831469 0.555570 0.096673 0.827576 0.552967 0.000000 0.831470 0.555570 0.000000 0.831469 0.555570 0.000000 0.831470 0.555570 0.000000 0.831470 0.555570 0.000000 0.831470 0.555570 0.000000 0.831470 0.555570 0.000000 0.831470 0.555570 0.000000 0.831470 0.555570 0.000000 0.707107 0.707106 0.096673 0.703795 0.703794 0.000000 0.707107 0.707106 0.000000 0.707107 0.707106 0.000000 0.707107 0.707106 0.000000 0.707107 0.707106 0.000000 0.707107 0.707106 0.000000 0.707107 0.707106 0.000000 0.707107 0.707106 0.000000 0.707107 0.707106 0.000000 0.555570 0.831469 0.096673 0.552968 0.827575 0.000000 0.555570 0.831470 0.000000 0.555570 0.831469 0.000000 0.555570 0.831470 0.000000 0.555570 0.831470 0.000000 0.555570 0.831470 0.000000 0.555570 0.831470 0.000000 0.555570 0.831470 0.000000 0.555570 0.831470 0.000000 0.382683 0.923880 0.096673 0.380891 0.919552 0.000000 0.382683 0.923880 0.000000 0.382683 0.923880 0.000000 0.382683 0.923880 0.000000 0.382683 0.923880 0.000000 0.382683 0.923880 0.000000 0.382683 0.923880 0.000000 0.382683 0.923880 0.000000 0.382683 0.923880 0.000000 0.195090 0.980785 0.096673 0.194176 0.976191 0.000000 0.195090 0.980785 0.000000 0.195090 0.980785 0.000000 0.195090 0.980785 0.000000 0.195090 0.980785 
						0.000000 0.195090 0.980785 0.000000 0.195090 0.980785 0.000000 0.195090 0.980785 0.000000 0.195090 0.980785 0.000000 -0.000000 1.000000 0.096673 -0.000000 0.995316 0.000000 -0.000000 1.000000 0.000000 -0.000000 1.000000 0.000000 -0.000000 1.000000 0.000000 -0.000000 1.000000 0.000000 -0.000000 1.000000 0.000000 -0.000000 1.000000 0.000000 -0.000000 1.000000 0.000000 -0.000000 1.000000 0.096673 -0.000000 0.995316 0.000000 -0.000000 1.000000 0.000000 -0.195090 0.980785 0.096673 -0.194176 0.976191 0.000000 -0.195090 0.980785 0.000000 -0.195090 0.980785 0.000000 -0.000000 1.000000 0.000000 -0.000000 1.000000 0.000000 -0.195090 0.980785 0.000000 -0.195090 0.980785 0.000000 -0.000000 1.000000 0.000000 -0.000000 1.000000 0.000000 -0.195090 0.980785 0.000000 -0.195090 0.980785 0.000000 -0.000000 1.000000 0.000000 -0.000000 1.000000 0.000000 -0.195090 0.980785 0.000000 -0.195090 0.980785 0.000000 -0.382683 0.923880 0.096673 -0.380890 0.919553 0.000000 -0.382683 0.923880 0.000000 -0.382683 0.923880 0.000000 -0.382683 0.923880 0.000000 -0.382683 0.923880 0.000000 -0.382683 0.923880 0.000000 -0.382683 0.923880 0.000000 -0.382683 0.923880 0.000000 -0.382683 0.923880 0.000000 -0.555570 0.831470 0.096674 -0.552967 0.827576 0.000000 -0.555570 0.831470 0.000000 -0.555570 0.831470 0.000000 -0.555570 0.831469 0.000000 -0.555570 0.831470 0.000000 -0.555570 0.831469 0.000000 -0.555570 0.831469 0.000000 -0.555570 0.831470 0.000000 -0.555570 0.831469 0.000000 -0.707107 0.707107 0.096673 -0.703795 0.703795 0.000000 -0.707107 0.707107 0.000000 -0.707107 0.707107 0.000000 -0.707107 0.707107 0.000000 -0.707107 0.707107 0.000000 -0.707107 0.707107 0.000000 -0.707107 0.707107 0.000000 -0.707107 0.707107 0.000000 -0.707107 0.707107 0.000000 -0.831469 0.555570 0.096673 -0.827576 0.552967 
						0.000000 -0.831470 0.555570 0.000000 -0.831469 0.555570 0.000000 -0.831470 0.555570 0.000000 -0.831470 0.555570 0.000000 -0.831469 0.555570 0.000000 -0.831470 0.555570 0.000000 -0.831470 0.555570 0.000000 -0.831469 0.555570 0.000000 -0.923880 0.382683 0.096673 -0.919552 0.380891 0.000000 -0.923880 0.382684 0.000000 -0.923880 0.382683 0.000000 -0.923880 0.382684 0.000000 -0.923880 0.382684 0.000000 -0.923879 0.382684 0.000000 -0.923880 0.382684 0.000000 -0.923880 0.382684 0.000000 -0.923879 0.382684 0.000000 -0.980785 0.195090 0.096673 -0.976191 0.194177 0.000000 -0.980785 0.195090 0.000000 -0.980785 0.195090 0.000000 -0.980785 0.195090 0.000000 -0.980785 0.195090 0.000000 -0.980785 0.195090 0.000000 -0.980785 0.195090 0.000000 -0.980785 0.195090 0.000000 -0.980785 0.195090 -0.000000 -1.000000 -0.000000 0.096673 -0.995316 -0.000000 -0.000000 -1.000000 -0.000000 -0.000000 -1.000000 -0.000000 0.000000 -1.000000 -0.000000 -0.000000 -1.000000 -0.000000 -0.000000 -1.000000 0.000000 0.000000 -1.000000 -0.000000 0.000000 -1.000000 -0.000000 -0.000000 -1.000000 0.000000 -0.000000 -0.980785 -0.195090 0.096673 -0.976191 -0.194177 -0.000000 -0.980785 -0.195090 -0.000000 -0.980785 -0.195090 -0.000000 -1.000000 -0.000000 0.000000 -1.000000 -0.000000 -0.000000 -0.980785 -0.195090 -0.000000 -0.980785 -0.195090 0.000000 -1.000000 -0.000000 -0.000000 -1.000000 0.000000 -0.000000 -0.980785 -0.195090 -0.000000 -0.980785 -0.195090 -0.000000 -1.000000 0.000000 0.000000 -1.000000 -0.000000 -0.000000 -0.980785 -0.195090 -0.000000 -0.980785 -0.195090 -0.000000 -0.923880 -0.382684 0.096673 -0.919552 -0.380891 -0.000000 -0.923879 -0.382684 -0.000000 -0.923880 -0.382684 -0.000000 -0.923879 -0.382684 -0.000000 -0.923879 -0.382684 -0.000000 -0.923879 -0.382684 -0.000000 -0.923879 -0.382684 -0.000000 -0.923879 -0.382684 -0.000000 -0.923879 -0.382684 
						-0.000000 -0.831470 -0.555570 0.096673 -0.827576 -0.552967 -0.000000 -0.831470 -0.555570 -0.000000 -0.831470 -0.555570 -0.000000 -0.831470 -0.555570 -0.000000 -0.831470 -0.555570 -0.000000 -0.831470 -0.555570 -0.000000 -0.831470 -0.555570 -0.000000 -0.831470 -0.555570 -0.000000 -0.831470 -0.555570 -0.000000 -0.707107 -0.707107 0.096673 -0.703794 -0.703795 -0.000000 -0.707107 -0.707107 -0.000000 -0.707107 -0.707107 -0.000000 -0.707107 -0.707107 -0.000000 -0.707107 -0.707107 -0.000000 -0.707107 -0.707107 -0.000000 -0.707107 -0.707107 -0.000000 -0.707107 -0.707107 -0.000000 -0.707107 -0.707107 -0.000000 -0.555570 -0.831470 0.096673 -0.552967 -0.827576 -0.000000 -0.555570 -0.831470 -0.000000 -0.555570 -0.831470 -0.000000 -0.555570 -0.831470 -0.000000 -0.555570 -0.831470 -0.000000 -0.555570 -0.831470 -0.000000 -0.555570 -0.831470 -0.000000 -0.555570 -0.831470 -0.000000 -0.555570 -0.831470 -0.000000 -0.382684 -0.923879 0.096673 -0.380893 -0.919552 -0.000000 -0.382684 -0.923879 -0.000000 -0.382684 -0.923879 -0.000000 -0.382684 -0.923880 -0.000000 -0.382684 -0.923879 -0.000000 -0.382683 -0.923880 -0.000000 -0.382684 -0.923880 -0.000000 -0.382683 -0.923880 -0.000000 -0.382683 -0.923880 -0.000000 -0.195090 -0.980785 0.096673 -0.194177 -0.976191 -0.000000 -0.195090 -0.980785 -0.000000 -0.195090 -0.980785 -0.000000 -0.195090 -0.980785 -0.000000 -0.195090 -0.980785 -0.000000 -0.195090 -0.980785 -0.000000 -0.195090 -0.980785 -0.000000 -0.195090 -0.980785 -0.000000 -0.195090 -0.980785 -0.000000 -0.000000 -1.000000 0.096673 -0.000000 -0.995316 -0.000000 -0.000000 -1.000000 -0.000000 -0.000000 -1.000000 -0.000000 0.000000 -1.000000 -0.000000 -0.000000 -1.000000 -0.000000 0.000000 -1.000000 -0.000000 0.000000 -1.000000 -0.000000 0.000000 -1.000000 -0.000000 0.000000 -1.000000 0.096673 -0.000000 -0.995316 -0.000000 -0.000000 -1.000000 -0.000000 0.195090 -0.980785 0.096673 0.194177 -0.976191 
						-0.000000 -0.000000 -1.000000 -0.000000 -0.000000 -1.000000 -0.000000 0.195090 -0.980785 -0.000000 0.195090 -0.980785 -0.000000 -0.000000 -1.000000 -0.000000 0.000000 -1.000000 -0.000000 0.195090 -0.980785 -0.000000 0.195090 -0.980785 -0.000000 0.000000 -1.000000 -0.000000 0.000000 -1.000000 -0.000000 0.195090 -0.980785 -0.000000 0.195090 -0.980785 -0.000000 0.000000 -1.000000 -0.000000 0.000000 -1.000000 -0.000000 0.195090 -0.980785 -0.000000 0.195090 -0.980785 -0.000000 0.382684 -0.923880 0.096673 0.380891 -0.919552 -0.000000 0.382683 -0.923880 -0.000000 0.382684 -0.923880 -0.000000 0.382683 -0.923880 -0.000000 0.382683 -0.923880 -0.000000 0.382683 -0.923880 -0.000000 0.382683 -0.923880 -0.000000 0.382683 -0.923880 -0.000000 0.382683 -0.923880 -0.000000 0.555570 -0.831470 0.096673 0.552967 -0.827576 -0.000000 0.555570 -0.831470 -0.000000 0.555570 -0.831470 -0.000000 0.555570 -0.831470 -0.000000 0.555570 -0.831470 -0.000000 0.555570 -0.831470 -0.000000 0.555570 -0.831470 -0.000000 0.555570 -0.831470 -0.000000 0.555570 -0.831470 -0.000000 0.707107 -0.707107 0.096673 0.703795 -0.703795 -0.000000 0.707107 -0.707107 -0.000000 0.707107 -0.707107 -0.000000 0.707107 -0.707107 -0.000000 0.707107 -0.707107 -0.000000 0.707107 -0.707107 -0.000000 0.707107 -0.707107 -0.000000 0.707107 -0.707107 -0.000000 0.707107 -0.707107 -0.000000 0.831470 -0.555570 0.096673 0.827576 -0.552967 -0.000000 0.831470 -0.555570 -0.000000 0.831470 -0.555570 -0.000000 0.831470 -0.555570 -0.000000 0.831470 -0.555570 -0.000000 0.831470 -0.555570 -0.000000 0.831470 -0.555570 -0.000000 0.831470 -0.555570 -0.000000 0.831470 -0.555570 -0.000000 0.923880 -0.382684 0.096673 0.919552 -0.380891 -0.000000 0.923880 -0.382684 -0.000000 0.923880 -0.382684 -0.000000 0.923879 -0.382684 -0.000000 0.923880 -0.382684 -0.000000 0.923880 -0.382684 -0.000000 0.923879 -0.382684 
						-0.000000 0.923880 -0.382684 -0.000000 0.923880 -0.382684 -0.000000 0.980785 -0.195090 0.096673 0.976191 -0.194177 -0.000000 0.980785 -0.195090 -0.000000 0.980785 -0.195090 -0.000000 0.980785 -0.195090 -0.000000 0.980785 -0.195090 -0.000000 0.980785 -0.195090 -0.000000 0.980785 -0.195090 -0.000000 0.980785 -0.195090 -0.000000 0.980785 -0.195090 -0.000000 1.000000 0.000000 0.096673 0.995316 0.000000 0.000000 1.000000 0.000000 -0.000000 1.000000 0.000000 -0.000000 1.000000 0.000000 0.000000 1.000000 0.000000 -0.000000 1.000000 0.000001 -0.000000 1.000000 0.000000 0.000000 1.000000 0.000001 -0.000000 1.000000 0.000001 -0.182235 0.964362 0.191824 -0.182236 0.983255 -0.000000 -0.241957 0.970287 0.000000 -0.182235 0.908409 0.376276 -0.182235 0.817547 0.546267 -0.182236 0.695266 0.695266 -0.182235 0.546267 0.817547 -0.182235 0.376275 0.908409 -0.182235 0.191825 0.964362 -0.182235 -0.000000 0.983255 -0.182235 -0.191826 0.964362 -0.182235 -0.000000 0.983255 -0.182235 -0.376276 0.908409 -0.182235 -0.546267 0.817547 -0.182235 -0.695266 0.695266 -0.182236 -0.817545 0.546269 -0.182236 -0.908408 0.376277 -0.182235 -0.964362 0.191824 -0.182237 -0.983255 -0.000001 -0.182236 -0.964362 -0.191823 -0.182237 -0.983255 -0.000001 -0.182236 -0.908409 -0.376275 -0.182236 -0.817546 -0.546268 -0.182236 -0.695265 -0.695267 -0.182236 -0.546266 -0.817547 -0.182236 -0.376275 -0.908409 -0.182236 -0.191823 -0.964362 -0.182236 -0.000000 -0.983255 -0.182236 0.191821 -0.964362 -0.182236 -0.000000 -0.983255 -0.182236 0.376274 -0.908410 -0.182236 0.546265 -0.817548 -0.182236 0.695265 -0.695267 -0.182236 0.817547 -0.546266 -0.182236 0.908409 -0.376276 -0.241957 0.970287 0.000000 -0.675908 0.722825 0.143781 -0.675906 0.736988 0.000000 -0.885490 0.464658 0.000000 -0.885494 0.455723 0.090649 -0.675906 0.736988 0.000000 -0.675909 0.722824 -0.143780 
						-0.885496 0.455720 -0.090648 -0.885490 0.464658 0.000000 -0.675910 0.680883 0.282035 -0.885494 0.429282 0.177812 -0.675906 0.612782 0.409450 -0.885496 0.386341 0.258142 -0.675903 0.521134 0.521128 -0.885499 0.328551 0.328553 -0.675910 0.409439 0.612786 -0.885505 0.258113 0.386341 -0.675906 0.282029 0.680890 -0.885493 0.177835 0.429275 -0.675903 0.143788 0.722828 -0.885496 0.090666 0.455715 -0.675905 0.000000 0.736989 -0.885497 -0.000000 0.464646 -0.675904 -0.143793 0.722826 -0.675905 0.000000 0.736989 -0.885497 -0.000000 0.464646 -0.885496 -0.090666 0.455715 -0.675908 -0.282029 0.680888 -0.885494 -0.177834 0.429272 -0.675907 -0.409445 0.612784 -0.885509 -0.258096 0.386342 -0.675897 -0.521146 0.521124 -0.885505 -0.328533 0.328553 -0.675902 -0.612787 0.409448 -0.885494 -0.386347 0.258141 -0.675906 -0.680888 0.282033 -0.885493 -0.429286 0.177810 -0.675906 -0.722827 0.143779 -0.885494 -0.455722 0.090648 -0.675907 -0.736987 0.000000 -0.885489 -0.464661 0.000000 -0.675910 -0.722823 -0.143780 -0.675907 -0.736987 0.000000 -0.885489 -0.464661 0.000000 -0.885495 -0.455721 -0.090648 -0.675908 -0.680885 -0.282035 -0.885494 -0.429282 -0.177813 -0.675905 -0.612784 -0.409449 -0.885495 -0.386342 -0.258143 -0.675906 -0.521128 -0.521130 -0.885498 -0.328551 -0.328553 -0.675909 -0.409440 -0.612785 -0.885505 -0.258112 -0.386340 -0.675906 -0.282034 -0.680888 -0.885494 -0.177835 -0.429274 -0.675905 -0.143787 -0.722827 -0.885496 -0.090665 -0.455716 -0.675906 -0.000000 -0.736988 -0.885498 -0.000000 -0.464643 -0.675904 0.143793 -0.722826 -0.675906 -0.000000 -0.736988 -0.885498 -0.000000 -0.464643 -0.885500 0.090613 -0.455717 -0.675906 0.282034 -0.680887 -0.885502 0.177783 -0.429277 -0.675909 0.409441 -0.612785 -0.885510 0.258095 -0.386341 -0.675902 0.521136 -0.521127 -0.885504 0.328534 -0.328554 -0.675901 0.612790 -0.409446 -0.885494 0.386347 -0.258141 
						-0.675905 0.680889 -0.282033 -0.885492 0.429287 -0.177811 -0.382608 0.923911 -0.000000 -0.526918 0.849916 -0.000000 -0.297879 0.954604 0.000000 -0.297879 0.954604 0.000000 0.060326 0.998179 0.000000 0.060326 0.978999 -0.194736 0.060325 0.922196 0.381988 -0.108627 0.918412 0.380421 0.060325 0.829955 0.554558 -0.108627 0.826549 0.552283 0.060325 0.705818 0.705819 -0.108626 0.702924 0.702921 0.060325 0.554558 0.829956 -0.108626 0.552283 0.826549 0.060324 0.381986 0.922197 -0.108627 0.380418 0.918413 0.060325 0.194735 0.978999 -0.108626 0.193937 0.974981 0.060326 0.000000 0.998179 -0.108626 -0.000000 0.994083 0.060324 -0.194734 0.978999 0.060326 0.000000 0.998179 -0.108626 -0.000000 0.994083 -0.108627 -0.193936 0.974982 0.060324 -0.381985 0.922198 -0.108627 -0.380418 0.918413 0.060325 -0.554558 0.829956 -0.108626 -0.552284 0.826549 0.060324 -0.705818 0.705820 -0.108627 -0.702924 0.702922 0.060324 -0.829955 0.554559 -0.108627 -0.826549 0.552284 0.060325 -0.922197 0.381987 -0.108627 -0.918412 0.380420 0.060327 -0.978999 0.194736 -0.108627 -0.974982 0.193935 0.060326 -0.998179 0.000000 -0.108627 -0.994083 -0.000000 0.060326 -0.978999 -0.194736 0.060326 -0.998179 0.000000 -0.108627 -0.994083 -0.000000 -0.108627 -0.974982 -0.193936 0.060325 -0.922197 -0.381987 -0.108627 -0.918412 -0.380420 0.060325 -0.829956 -0.554557 -0.108627 -0.826549 -0.552284 0.060325 -0.705821 -0.705817 -0.108627 -0.702923 -0.702922 0.060326 -0.554558 -0.829956 -0.108626 -0.552284 -0.826549 0.060325 -0.381985 -0.922197 -0.108627 -0.380418 -0.918413 0.060325 -0.194736 -0.978999 -0.108628 -0.193934 -0.974982 0.060325 -0.000000 -0.998179 -0.108627 -0.000000 -0.994083 0.060326 0.194734 -0.978999 0.060325 -0.000000 -0.998179 -0.108627 -0.000000 -0.994083 -0.108627 0.193934 -0.974982 0.060326 0.381988 -0.922196 -0.108627 0.380419 -0.918413 
						0.060325 0.554561 -0.829953 -0.108626 0.552284 -0.826549 0.060326 0.705820 -0.705818 -0.108627 0.702923 -0.702922 0.060325 0.829956 -0.554557 -0.108627 0.826551 -0.552281 0.060325 0.922197 -0.381986 -0.108627 0.918413 -0.380419 0.375059 0.927001 0.000000 0.375058 0.909189 0.180850 0.375059 0.927001 0.000000 -0.046922 0.998899 0.000000 -0.046922 0.998899 0.000000 -0.051165 0.998690 0.000000 -0.008556 0.999963 0.000000 -0.008556 0.980749 -0.195083 -0.008556 0.923846 -0.382669 -0.008556 0.831439 -0.555550 -0.008556 0.707081 -0.707081 -0.008556 0.555550 -0.831439 -0.008556 0.382670 -0.923846 -0.008556 0.195083 -0.980749 -0.008556 0.000000 -0.999963 -0.008556 0.000000 -0.999963 -0.008556 -0.195083 -0.980749 -0.008556 -0.382669 -0.923846 -0.008556 -0.555550 -0.831439 -0.008556 -0.707081 -0.707081 -0.008556 -0.831439 -0.555550 -0.008556 -0.923846 -0.382670 -0.008556 -0.980749 -0.195083 -0.008556 -0.999963 0.000000 -0.008556 -0.999963 0.000000 -0.008556 -0.980749 0.195083 -0.008556 -0.923846 0.382669 -0.008556 -0.831439 0.555550 -0.008556 -0.707081 0.707081 -0.008556 -0.555550 0.831439 -0.008556 -0.382669 0.923846 -0.008556 -0.195083 0.980749 -0.008556 -0.000000 0.999963 -0.008556 -0.000000 0.999963 -0.008556 0.195083 0.980749 -0.008556 0.382669 0.923846 -0.008556 0.555550 0.831439 -0.008556 0.707081 0.707081 -0.008556 0.831439 0.555550 -0.008556 0.923846 0.382669 -0.008556 0.980749 0.195083 -0.008556 0.999963 0.000000 0.000000 1.000000 0.000001 -0.008556 0.999963 0.000000 0.604944 -0.735654 -0.304721 0.604941 0.796270 0.000000 0.604941 0.796270 0.000000 0.604940 -0.304722 -0.735657 0.604940 -0.000000 0.796271 0.826315 -0.398246 0.398250 0.729514 -0.261747 -0.631901 0.826313 0.468293 -0.312902 0.826311 0.520343 -0.215530 0.826314 -0.000000 0.563210 0.729516 -0.631900 -0.261743 0.826314 0.109875 -0.552388 
						0.826314 0.215531 -0.520338 0.826314 -0.520337 0.215532 0.826312 -0.552391 0.109876 0.826313 -0.215534 -0.520338 0.826312 0.552391 -0.109876 0.826315 0.563209 -0.000000 0.826314 -0.000000 0.563210 0.826314 -0.109876 0.552387 0.826313 0.312906 -0.468292 0.826314 0.398248 -0.398250 0.826315 -0.468289 0.312903 0.729515 0.683965 0.000000 0.826315 -0.312900 -0.468292 0.729515 -0.000000 0.683965 0.826315 -0.563209 -0.000000 0.826314 -0.000000 -0.563210 0.729515 0.683965 0.000000 -0.051165 0.998690 0.000000 
					</float_array>
					<technique_common>
						<accessor count="1298" offset="0" source="#meshId0-normals-array" stride="3">
							<param name="X" type="float" />
							<param name="Y" type="float" />
							<param name="Z" type="float" />
						</accessor>
					</technique_common>
				</source>
				<source id="meshId0-tangents" name="meshId0-tangents">
					<float_array id="meshId0-tangents-array" count="3894"> 
						-0.999536 -0.021962 -0.021129 -0.999008 -0.033330 -0.029528 -0.999148 -0.029801 -0.028543 -0.999610 -0.019486 -0.020021 1.000000 0.000001 -0.000002 0.999963 0.007115 0.004753 0.999963 0.006050 0.006050 1.000000 0.000001 -0.000001 0.999963 0.004752 0.007115 1.000000 -0.000000 0.000000 0.999963 0.003272 0.007906 1.000000 -0.000002 0.000001 0.999963 0.001665 0.008392 1.000000 -0.000003 0.000000 0.999963 -0.000005 0.008556 1.000000 -0.000003 -0.000000 1.000000 0.000004 -0.000000 0.999963 0.000003 0.008556 0.999963 -0.001667 0.008392 1.000000 0.000003 0.000001 0.999963 -0.003273 0.007905 1.000000 0.000002 0.000001 0.999963 -0.004754 0.007114 1.000000 0.000001 0.000000 0.999963 -0.006051 0.006049 1.000000 -0.000000 -0.000000 0.999963 -0.007116 0.004751 1.000000 -0.000001 -0.000001 0.999963 -0.007906 0.003271 1.000000 -0.000001 -0.000002 0.999963 -0.008393 0.001665 1.000000 -0.000001 -0.000004 0.999963 -0.008556 -0.000005 1.000000 0.000000 -0.000004 1.000000 0.000000 0.000004 0.999963 -0.008556 0.000002 0.999963 -0.008392 -0.001667 1.000000 -0.000001 0.000003 0.999963 -0.007905 -0.003273 1.000000 -0.000001 0.000002 0.999963 -0.007114 -0.004754 1.000000 -0.000001 0.000001 0.999963 -0.006049 -0.006051 1.000000 0.000000 -0.000000 0.999963 -0.004751 -0.007116 1.000000 0.000001 -0.000001 0.999963 -0.003271 -0.007906 1.000000 0.000002 -0.000001 0.999963 -0.001664 -0.008393 1.000000 0.000004 -0.000001 0.999963 0.000006 -0.008556 1.000000 0.000004 -0.000000 -1.000000 0.000003 0.000000 -0.999963 0.000002 0.008556 -0.999963 -0.001668 0.008392 -1.000000 0.000002 0.000001 -0.999963 -0.003274 0.007905 -1.000000 0.000001 0.000001 -0.999963 -0.004754 0.007114 -1.000000 -0.000000 0.000000 -0.999963 -0.006052 0.006049 -1.000000 -0.000001 -0.000001 -0.999963 -0.007116 0.004751 -1.000000 -0.000001 -0.000002 
						-0.999963 -0.007907 0.003270 -1.000000 -0.000001 -0.000003 -0.999963 -0.008393 0.001663 -1.000000 -0.000001 -0.000004 0.619847 -0.473943 0.625434 0.616489 -0.403290 0.676238 0.923457 -0.223703 0.311744 0.926279 -0.241040 0.289668 -0.999963 -0.008556 -0.000008 -1.000000 0.000000 -0.000005 0.796453 -0.397513 0.455682 0.728241 -0.532023 0.431992 0.651523 -0.686070 0.323767 0.721836 -0.586666 0.367118 0.170001 0.027671 0.985055 0.122949 0.000674 0.992413 0.000000 0.010170 0.999948 0.726552 -0.433392 -0.533191 0.644388 -0.371378 -0.668463 0.567672 -0.254645 -0.782882 0.649430 -0.325904 -0.687043 0.646698 0.666943 -0.370092 0.558627 0.785406 -0.266598 0.486368 0.860856 -0.149578 0.571253 0.781189 -0.251821 0.559553 0.266272 0.784856 0.472763 0.126642 0.872042 0.404451 0.019724 0.914347 0.487007 0.149182 0.860563 0.900611 -0.425733 -0.087475 0.883326 -0.435248 -0.174053 0.824678 -0.391246 -0.408451 0.854391 -0.396421 -0.335957 0.883280 0.174066 -0.435337 0.848433 0.276220 -0.451513 0.779740 0.492170 -0.387008 0.824909 0.408446 -0.390764 0.849425 0.449972 0.275685 0.796806 0.455269 0.397279 0.722143 0.366714 0.586541 0.780364 0.385962 0.492002 0.849110 -0.275855 0.450462 0.780078 -0.492079 0.386442 0.795423 -0.456883 -0.398196 0.720818 -0.368457 -0.587078 0.727474 0.532555 -0.432628 0.651063 0.686284 -0.324238 0.647775 0.369491 0.666231 0.571988 0.251239 0.780839 0.472440 -0.872207 0.126706 0.409479 -0.911452 -0.039772 0.319420 -0.939253 -0.125600 0.404180 -0.914464 0.019856 0.900455 0.087459 -0.426066 0.854321 0.335929 -0.396594 0.884202 0.433566 0.173805 0.825512 0.389498 0.408437 0.647422 -0.666464 0.369688 0.571682 -0.780984 0.251482 0.547830 -0.270341 -0.791706 0.483640 -0.151250 -0.862099 0.471999 0.872433 -0.126796 0.403900 0.914585 -0.019992 0.901154 -0.087527 0.424572 
						0.883918 -0.173886 0.434113 0.825253 -0.408440 0.390043 0.854847 -0.336136 0.395283 0.409784 -0.039802 0.911314 0.319683 -0.125703 0.939149 0.848364 -0.451620 -0.276256 0.779274 -0.387787 -0.492294 0.795711 0.398005 -0.456547 0.721438 0.586827 -0.367643 0.728619 0.431677 0.531761 0.651839 0.323443 0.685923 0.559209 -0.785061 0.266393 0.486707 -0.860701 0.149368 0.466907 -0.127814 -0.875021 0.404526 -0.019688 -0.914315 0.409114 0.911618 0.039736 0.319192 0.939342 0.125510 0.532412 -0.829745 0.167514 0.497050 -0.853696 0.155383 0.277371 -0.957683 0.076863 0.297436 -0.951305 0.080940 0.496895 -0.155946 -0.853684 0.450120 -0.132867 -0.883028 0.248373 -0.067524 -0.966308 0.277331 -0.077155 -0.957672 0.450590 0.882983 -0.131565 0.393596 0.914106 -0.097425 0.212132 0.975923 -0.050741 0.248477 0.966318 -0.066999 0.559189 0.203009 0.803801 0.480891 0.139041 0.865685 0.405270 0.088128 0.909939 0.478961 0.143557 0.866018 0.252422 -0.967617 -0.000047 0.169833 -0.983743 -0.058371 0.071619 -0.997070 -0.026869 0.122910 -0.992418 0.000815 0.626648 0.248507 0.738618 0.542163 0.185628 0.819513 0.327106 -0.943488 0.053214 0.169942 -0.985060 0.027859 0.970213 -0.194321 0.144655 0.969878 -0.191541 0.150492 0.954194 -0.231259 0.189824 0.954180 -0.231019 0.190185 0.618437 -0.502226 -0.604405 0.620404 -0.567963 -0.540848 0.926961 -0.271843 -0.258544 0.925472 -0.255781 -0.279425 0.613390 0.658346 -0.436273 0.618418 0.604159 -0.502544 0.925257 0.277176 -0.258986 0.920847 0.300180 -0.248862 0.602079 0.385780 0.699053 0.613224 0.437847 0.657455 0.920702 0.250083 0.299610 0.911279 0.251803 0.325831 0.994082 0.108627 -0.000538 0.994022 0.108684 -0.010377 0.981078 0.165365 -0.100698 0.978304 0.181319 -0.100221 0.617847 0.384438 -0.685910 0.610687 0.324470 -0.722344 0.920737 0.186510 -0.342720 
						0.925006 0.203811 -0.320662 0.620200 0.633840 0.462169 0.617503 0.683274 0.389650 0.924559 0.317829 0.210180 0.926690 0.297311 0.229897 0.620472 -0.545778 0.563152 0.926989 -0.261616 0.268790 0.613461 -0.435614 -0.658715 0.921205 -0.245790 -0.301610 0.602414 0.699900 -0.383715 0.911511 0.326189 -0.250496 0.574915 0.376275 0.726560 0.892404 0.270649 0.361060 0.620209 0.461791 -0.634106 0.926735 0.228264 -0.298426 0.620324 0.572051 0.536614 0.926869 0.277174 0.253158 0.618778 -0.608652 0.496644 0.925717 -0.282183 0.251837 0.602860 -0.380957 -0.701022 0.912691 -0.243715 -0.328022 0.575627 0.727454 -0.373449 0.893218 0.361391 -0.267503 0.608258 -0.343992 0.715327 0.587475 -0.321974 0.742433 0.908159 -0.200595 0.367435 0.918114 -0.207959 0.337373 0.995733 -0.045374 -0.080351 0.994108 -0.060080 -0.090215 0.993634 0.108578 0.030030 0.994038 0.104680 0.030517 0.619886 -0.626232 -0.472838 0.616237 -0.674616 -0.406380 0.923576 -0.312354 -0.222355 0.926343 -0.290662 -0.239594 0.620337 0.537169 -0.571516 0.926869 0.253157 -0.277176 0.618379 0.503175 0.603674 0.925220 0.259501 0.276817 0.613679 -0.659841 0.433598 0.921722 -0.303750 0.241173 0.577188 -0.367140 -0.729426 0.895469 -0.258605 -0.362297 0.609933 0.720109 0.330794 0.589021 0.744380 0.314567 0.909324 0.367907 0.194357 0.919799 0.340719 0.194632 0.603265 -0.702042 0.378429 0.913734 -0.329698 0.237465 0.592086 0.299254 -0.748253 0.912584 0.175686 -0.369222 0.960122 -0.239422 0.144367 0.965619 -0.217051 0.143068 0.944156 -0.260173 0.202188 0.934176 -0.291506 0.205767 0.969332 0.171171 -0.176342 0.966542 0.173330 -0.189087 0.947582 0.224998 -0.226856 0.952825 0.215910 -0.213326 0.968856 -0.202432 0.142617 0.950839 -0.240165 0.195515 0.970285 0.172352 -0.169828 0.954602 0.211188 -0.210081 0.969481 0.178383 -0.168183 
						0.952889 0.213956 -0.215002 0.966856 0.190594 -0.169894 0.947609 0.226951 -0.224789 0.959261 -0.205284 -0.194106 0.951188 -0.237194 -0.197436 0.922527 -0.287871 -0.257049 0.935600 -0.247608 -0.251681 0.962163 0.210128 -0.173460 0.938658 0.251769 -0.235654 0.964840 -0.181793 -0.189830 0.945202 -0.218922 -0.242211 0.970257 0.165491 0.176675 0.969170 0.174294 0.174158 0.952639 0.211543 0.218468 0.954582 0.205778 0.215475 0.968334 -0.165550 -0.186873 0.951458 -0.201802 -0.232387 0.967719 0.159524 0.195120 0.969790 0.160971 0.183290 0.953370 0.207545 0.219114 0.948966 0.213588 0.232045 0.970047 -0.155347 -0.186749 0.954369 -0.194950 -0.226216 0.963789 0.160210 0.213176 0.941347 0.220197 0.255695 0.970115 -0.150029 -0.190704 0.953954 -0.196037 -0.227029 0.957551 0.161494 0.238779 0.930453 0.223516 0.290341 0.968503 -0.148419 -0.199936 0.950217 -0.201926 -0.237304 0.958093 -0.201613 0.203492 0.949627 -0.205265 0.236803 0.920603 -0.264513 0.287268 0.934132 -0.258898 0.245701 0.964986 -0.149330 -0.215647 0.943130 -0.209015 -0.258493 0.964032 -0.196735 0.178712 0.944177 -0.248929 0.215789 0.959177 -0.150896 -0.239187 0.932745 -0.212767 -0.291061 0.967864 -0.192812 0.161438 0.950865 -0.238361 0.197585 0.961656 0.177311 -0.209234 0.954318 0.180677 -0.237976 0.926650 0.240220 -0.289160 0.938861 0.234533 -0.252059 0.904727 -0.327915 0.271921 0.916508 -0.302305 0.261964 0.837220 -0.413625 0.357739 0.818087 -0.444541 0.364852 0.316959 0.687683 -0.653168 0.316092 0.590022 -0.742940 0.313286 -0.500620 0.806989 0.308582 -0.405291 0.860532 0.316851 0.768820 -0.555447 0.315651 -0.602725 0.732862 0.315071 0.828182 -0.463514 0.308076 -0.857763 -0.411500 0.294170 -0.879934 -0.373067 0.586231 -0.740855 -0.327821 0.607262 -0.712580 -0.351373 0.316857 -0.695108 0.645311 0.309029 0.863040 -0.399578 
						0.313291 -0.807099 -0.500439 0.316881 -0.770032 0.553748 0.292688 0.875500 -0.384491 0.315850 -0.737341 -0.597133 0.314940 -0.826245 0.467046 0.309125 0.863540 0.398423 0.295924 0.885180 0.359007 0.316951 -0.652939 -0.687904 0.309156 -0.863713 0.398023 0.313853 0.813115 0.490245 0.316831 -0.557084 -0.767643 0.294373 -0.880540 0.371475 0.578888 -0.731575 0.360122 0.316029 0.741499 0.591865 0.315061 -0.463862 -0.827991 0.316954 0.653202 0.687654 0.309094 -0.398702 -0.863422 0.316841 0.556682 0.767930 0.293805 -0.375854 -0.878870 0.315007 0.465399 0.827148 0.309722 0.390380 -0.866992 0.297107 0.349076 -0.888748 0.308846 0.401959 0.861999 0.314051 0.486256 -0.815431 0.292297 0.387380 0.874357 -0.316555 -0.091033 -0.944196 -0.376157 -0.089850 -0.922189 0.000001 -0.020636 -0.999787 0.966412 0.188477 0.174714 0.947524 0.226642 0.225461 0.920989 0.272976 -0.277962 0.923911 0.270766 -0.270324 0.849919 0.372721 -0.372445 0.845414 0.378652 -0.376694 0.887886 -0.367691 0.276518 0.790443 -0.490047 0.367497 0.920665 0.270481 0.281452 0.912060 0.287852 0.292041 0.831596 0.397277 0.388096 0.844931 0.375434 0.380972 0.912118 0.288029 -0.291684 0.831913 0.398135 -0.386535 0.893517 -0.313288 -0.321679 0.872403 -0.361279 -0.329226 0.770386 -0.477612 -0.422364 0.803909 -0.425499 -0.415549 0.923893 0.266061 0.275016 0.849896 0.367171 0.377972 0.897306 0.317974 -0.306161 0.809458 0.432715 -0.396907 0.909047 -0.279434 -0.309112 0.827860 -0.387549 -0.405529 0.921598 0.270834 0.278040 0.846189 0.369274 0.384189 0.961580 0.209101 0.177876 0.939263 0.252624 0.232308 0.919178 -0.260340 -0.295526 0.843180 -0.364813 -0.394917 0.913877 0.280622 0.293393 0.833855 0.376606 0.403551 0.923674 -0.254479 -0.286472 0.849681 -0.355788 -0.389174 0.900880 0.290413 0.322609 0.813157 0.383684 0.437679 
						0.922466 -0.258708 -0.286578 0.847288 -0.357209 -0.393071 0.882883 0.294691 0.365615 0.784012 0.386108 0.486051 0.915620 -0.268592 -0.299164 0.836087 -0.364363 -0.410120 0.891723 -0.328672 0.311134 0.870064 -0.336403 0.360309 0.767683 -0.429130 0.475932 0.801822 -0.422236 0.422847 0.903308 -0.278941 -0.325923 0.816313 -0.371796 -0.442042 0.907787 -0.315714 0.276129 0.826387 -0.411951 0.383902 0.885956 -0.283675 -0.366893 0.788043 -0.374571 -0.488554 0.918458 -0.301513 0.255977 0.842348 -0.400864 0.360219 0.897825 0.303941 -0.318636 0.877861 0.311766 -0.363541 0.777416 0.404145 -0.481966 0.809363 0.397244 -0.432585 0.923495 -0.291653 0.249191 0.849509 -0.394455 0.350342 0.912187 0.291268 -0.288232 0.831766 0.387260 -0.397737 0.922822 -0.290797 0.252658 0.847772 -0.397538 0.351065 0.920960 0.278285 -0.272746 0.845349 0.377259 -0.378233 0.898456 0.319437 0.301225 0.879415 0.364182 0.306595 0.778956 0.482925 0.400013 0.809939 0.433351 0.395230 -0.999537 -0.021974 0.021068 -0.999007 -0.033321 0.029574 -0.998810 -0.038442 0.030016 -0.999438 -0.025660 0.021558 -0.999610 -0.019511 0.019959 -0.999148 -0.029790 0.028569 -0.999656 -0.018292 0.018820 -0.999232 -0.027811 0.027602 -0.999671 -0.018177 0.018120 -0.999260 -0.027188 0.027202 -0.999655 -0.018885 0.018249 -0.999232 -0.027584 0.027823 -0.999610 -0.020021 0.019486 -0.999148 -0.028543 0.029801 -0.999536 -0.021128 0.021962 -0.999008 -0.029528 0.033330 -0.999436 -0.021643 0.025660 -0.998812 -0.029957 0.038442 -0.999536 0.021072 0.021974 -0.999007 0.029577 0.033320 -0.998810 0.030019 0.038442 -0.999438 0.021562 0.025660 -0.999610 0.019963 0.019510 -0.999148 0.028572 0.029789 -0.999656 0.018823 0.018290 -0.999232 0.027604 0.027809 -0.999671 0.018122 0.018175 -0.999260 0.027204 0.027186 -0.999655 0.018251 0.018882 -0.999232 0.027825 0.027581 
						-0.999610 0.019487 0.020017 -0.999148 0.029802 0.028540 -0.999536 0.021963 0.021125 -0.999008 0.033330 0.029525 -0.999437 0.025660 0.021639 -0.998812 0.038442 0.029954 -0.999537 0.021974 -0.021071 -0.999007 0.033320 -0.029575 -0.998810 0.038442 -0.030018 -0.999438 0.025660 -0.021560 -0.999610 0.019511 -0.019961 -0.999148 0.029789 -0.028571 -0.999656 0.018291 -0.018822 -0.999232 0.027810 -0.027603 -0.999671 0.018176 -0.018121 -0.999260 0.027187 -0.027203 -0.999655 0.018883 -0.018250 -0.999232 0.027582 -0.027824 -0.999610 0.020018 -0.019487 -0.999148 0.028540 -0.029802 -0.999536 0.021125 -0.021963 -0.999008 0.029526 -0.033330 -0.999437 0.021640 -0.025660 -0.998812 0.029954 -0.038442 -0.999537 -0.021064 -0.021975 -0.999007 -0.029570 -0.033321 -0.998810 -0.030013 -0.038442 -0.999438 -0.021552 -0.025660 -0.999610 -0.019957 -0.019512 -0.999148 -0.028566 -0.029791 -0.999656 -0.018817 -0.018294 -0.999232 -0.027599 -0.027812 -0.999671 -0.018118 -0.018179 -0.999260 -0.027201 -0.027189 -0.999655 -0.018248 -0.018886 -0.999232 -0.027822 -0.027585 1.000000 0.000001 -0.000003 0.999963 0.007906 0.003272 -0.999436 -0.025660 -0.021645 -0.998812 -0.038442 -0.029957 1.000000 0.000001 -0.000004 0.999963 0.008392 0.001666 0.295037 -0.366133 0.882553 -0.998731 -0.036338 0.034865 -0.998492 -0.039645 0.037963 -0.998244 -0.044331 0.039279 -0.998522 -0.040648 0.036070 -0.998857 -0.033923 0.033684 -0.998641 -0.037017 0.036691 -0.998899 -0.033168 0.033190 -0.998690 -0.036189 0.036169 -0.998857 -0.033659 0.033940 -0.998641 -0.036714 0.037002 -0.998732 -0.034840 0.036348 -0.998492 -0.037984 0.039636 -0.998523 -0.036052 0.040652 -0.998244 -0.039285 0.044330 -0.998230 -0.036579 0.046891 -0.997897 -0.039848 0.051125 -0.998522 0.036072 0.040648 -0.998244 0.039281 0.044331 -0.997897 0.039858 0.051125 -0.998230 0.036594 0.046891 -0.998731 0.034867 0.036337 
						-0.998492 0.037966 0.039644 -0.998857 0.033687 0.033922 -0.998641 0.036693 0.037015 -0.998899 0.033192 0.033166 -0.998690 0.036171 0.036188 -0.998857 0.033941 0.033657 -0.998641 0.037003 0.036712 -0.998732 0.036349 0.034838 -0.998492 0.039637 0.037982 -0.998523 0.040652 0.036050 -0.998244 0.044331 0.039283 -0.998230 0.046890 0.036576 -0.997897 0.051125 0.039846 -0.998522 0.040648 -0.036070 -0.998244 0.044331 -0.039280 -0.997897 0.051125 -0.039857 -0.998230 0.046890 -0.036592 -0.998731 0.036338 -0.034865 -0.998492 0.039645 -0.037964 -0.998857 0.033923 -0.033685 -0.998641 0.037016 -0.036691 -0.998899 0.033168 -0.033190 -0.998690 0.036190 -0.036169 -0.998857 0.033659 -0.033940 -0.998641 0.036715 -0.037001 -0.998732 0.034840 -0.036348 -0.998492 0.037986 -0.039636 -0.998523 0.036052 -0.040652 -0.998244 0.039287 -0.044330 -0.998230 0.036578 -0.046890 -0.997897 0.039850 -0.051124 -0.998522 -0.036068 -0.040648 -0.998244 -0.039280 -0.044331 -0.997897 -0.039858 -0.051124 -0.998230 -0.036589 -0.046890 -0.998731 -0.034863 -0.036338 -0.998492 -0.037964 -0.039645 -0.998857 -0.033683 -0.033924 -0.998641 -0.036691 -0.037016 -0.998899 -0.033189 -0.033169 -0.998690 -0.036169 -0.036190 -0.998857 -0.033938 -0.033661 -0.998641 -0.037000 -0.036715 -0.998732 -0.036347 -0.034842 -0.998492 -0.039635 -0.037986 -0.998523 -0.040651 -0.036054 -0.998244 -0.044329 -0.039288 -0.085368 -0.995831 -0.032130 -0.002524 -0.999985 0.004810 0.000007 -0.999788 -0.020599 -0.422247 -0.077606 -0.903153 -0.464431 -0.030255 0.885093 -0.452293 -0.056475 0.890080 -0.000001 -0.020595 0.999788 -0.452289 -0.056499 -0.890080 -0.422259 -0.077557 0.903152 -0.464432 -0.030293 -0.885090 -0.376170 -0.089797 0.922189 -0.464433 0.030255 -0.885091 -0.452291 0.056485 -0.890080 0.000001 0.020612 -0.999788 -0.316553 -0.091042 0.944196 -0.422263 0.077542 -0.903151 -0.246324 -0.080758 0.965817 
						-0.376170 0.089801 -0.922189 -0.168357 -0.060258 0.983882 -0.464446 -0.885085 -0.030253 -0.452299 -0.890078 -0.056457 -0.316563 0.091013 -0.944195 -0.085399 -0.032146 0.995828 -0.422271 -0.903145 -0.077563 -0.246337 0.080726 -0.965817 -0.002526 0.004815 0.999985 -0.376170 -0.922186 -0.089829 -0.168330 0.060312 -0.983884 -0.002462 0.004691 -0.999986 -0.085375 -0.032194 -0.995829 -0.316542 -0.944202 -0.091017 -0.085362 0.032220 -0.995829 -0.168341 -0.060285 -0.983884 -0.246280 -0.965830 -0.080740 -0.002485 -0.004736 -0.999986 -0.246310 -0.080785 -0.965818 -0.168322 -0.983888 -0.060263 0.726538 0.293698 0.621196 0.682637 0.277177 0.676151 0.594305 0.214714 0.775048 0.635195 0.231547 0.736827 0.554999 0.814270 -0.170119 0.532373 0.829730 -0.167709 0.297511 0.951359 -0.080016 0.307441 0.948101 -0.081144 0.394369 -0.917266 0.055651 0.302819 -0.951976 -0.045201 0.233415 -0.970475 -0.060791 0.323017 -0.946202 0.019019 0.394560 0.055464 0.917195 0.323145 0.018850 0.946162 0.626409 0.738682 -0.248920 0.558670 0.803977 -0.203735 0.478782 0.866067 -0.143860 0.542026 0.819538 -0.185920 0.682077 -0.278419 -0.676205 0.625442 -0.250618 -0.738926 0.540949 -0.188262 -0.819714 0.593819 -0.216062 -0.775046 0.726356 -0.621165 0.294213 0.682445 -0.676173 0.277595 0.594166 -0.775052 0.215086 0.635065 -0.736785 0.232033 0.302819 0.951975 0.045206 0.194457 0.969723 0.147732 0.126386 0.982779 0.134803 0.233567 0.970427 0.060971 0.479569 -0.140573 -0.866171 0.394237 -0.055778 -0.917315 0.322749 -0.019359 -0.946286 0.404931 -0.088632 -0.910041 0.302298 0.044765 -0.952162 0.233523 0.060922 -0.970441 0.757737 0.307316 0.575666 0.663457 0.243039 0.707642 0.194923 0.148087 -0.969575 0.126567 0.134995 -0.982729 0.497404 0.853721 -0.154111 0.277437 0.957703 -0.076377 0.725955 -0.295379 -0.621080 0.634836 -0.232905 -0.736708 
						0.450315 -0.883012 0.132309 0.393195 -0.914183 0.098325 0.212135 -0.975923 0.050727 0.248431 -0.966312 0.067250 0.554720 -0.813861 0.172964 0.307426 -0.948046 0.081846 0.170023 0.983692 0.058669 0.073078 0.991546 0.107216 0.013888 0.998986 0.042828 0.071752 0.997049 0.027290 0.480647 -0.865775 0.139327 0.405096 -0.909992 0.088382 0.901425 0.423990 0.087553 0.855084 0.394692 0.336230 0.406851 0.039517 -0.912640 0.317248 0.124746 -0.940102 0.757492 0.575480 -0.308268 0.726809 0.621253 -0.292905 0.635706 0.736997 -0.229593 0.664559 0.708816 -0.236521 0.757321 -0.308931 -0.575350 0.663223 -0.244401 -0.707392 0.302999 -0.045356 0.951911 0.233541 -0.060942 0.970435 0.480631 0.865781 -0.139346 0.405459 0.909882 -0.087849 0.557208 -0.205801 -0.804466 0.478062 -0.145144 -0.866251 0.626427 -0.738678 0.248886 0.558910 -0.803896 0.203398 0.478659 -0.866099 0.144075 0.541998 -0.819546 0.185965 0.000002 -0.999947 0.010256 0.071649 0.026953 -0.997066 0.013812 0.042595 -0.998997 -0.000000 -0.010371 -0.999946 0.212097 0.050919 0.975921 0.122888 -0.000881 -0.992420 0.248436 0.067181 0.966316 0.169908 -0.028022 -0.985061 0.277416 0.076538 0.957696 0.212084 -0.050978 -0.975921 0.297456 0.080657 0.951322 0.307431 0.081569 0.948068 -0.000002 0.999951 -0.009942 0.297411 -0.081195 -0.951291 0.123106 0.992394 -0.000143 0.307418 -0.082062 -0.948030 0.170009 0.985055 -0.027617 0.013750 -0.999006 -0.042402 0.071645 -0.026940 0.997066 0.013752 -0.042408 0.999006 0.995316 -0.096673 0.000009 1.000000 0.000000 0.000006 1.000000 -0.000001 0.000006 0.995316 -0.094817 -0.018853 1.000000 0.000000 0.000006 1.000000 -0.000000 0.000003 1.000000 -0.000001 0.000003 1.000000 -0.000001 0.000005 1.000000 -0.000000 0.000005 1.000000 -0.000000 0.000002 1.000000 -0.000000 0.000002 1.000000 -0.000001 0.000004 
						1.000000 -0.000000 0.000004 1.000000 0.000000 0.000001 1.000000 -0.000000 0.000001 1.000000 -0.000000 0.000002 1.000000 0.000000 0.000004 1.000000 -0.000000 0.000001 1.000000 -0.000000 0.000001 1.000000 -0.000001 0.000003 1.000000 -0.000002 0.000005 0.995316 -0.089317 -0.036989 1.000000 -0.000001 0.000003 1.000000 -0.000001 0.000003 1.000000 -0.000001 0.000002 1.000000 -0.000001 0.000002 1.000000 -0.000000 0.000000 1.000000 -0.000000 0.000001 1.000000 -0.000000 0.000001 1.000000 -0.000000 0.000001 1.000000 -0.000002 0.000004 0.995316 -0.080384 -0.053704 1.000000 -0.000001 0.000001 1.000000 -0.000002 0.000002 1.000000 -0.000000 0.000000 1.000000 -0.000001 0.000002 1.000000 -0.000000 0.000000 1.000000 -0.000000 0.000000 1.000000 -0.000000 0.000000 1.000000 -0.000000 0.000001 1.000000 -0.000001 0.000001 0.995316 -0.068361 -0.068355 1.000000 0.000001 -0.000001 1.000000 -0.000001 0.000001 1.000000 0.000001 -0.000001 1.000000 -0.000000 0.000000 1.000000 0.000000 -0.000000 1.000000 -0.000000 0.000000 1.000000 -0.000000 -0.000000 1.000000 -0.000000 0.000000 1.000000 -0.000000 0.000000 0.995316 -0.053710 -0.080380 1.000000 0.000002 -0.000002 1.000000 0.000001 -0.000001 1.000000 0.000001 -0.000001 1.000000 0.000001 -0.000001 1.000000 0.000000 -0.000000 1.000000 0.000000 -0.000000 1.000000 0.000000 -0.000000 1.000000 -0.000000 -0.000000 1.000000 -0.000000 -0.000000 0.995316 -0.036996 -0.089314 1.000000 0.000003 -0.000001 1.000000 0.000002 -0.000001 1.000000 0.000002 -0.000001 1.000000 0.000001 -0.000001 1.000000 0.000001 -0.000000 1.000000 0.000000 -0.000000 1.000000 0.000000 -0.000000 1.000000 0.000000 -0.000000 1.000000 0.000001 -0.000000 0.995316 -0.018860 -0.094816 1.000000 0.000004 -0.000001 1.000000 0.000003 -0.000001 1.000000 0.000003 -0.000001 1.000000 0.000002 -0.000000 
						1.000000 0.000001 -0.000000 1.000000 0.000001 -0.000000 1.000000 0.000001 -0.000000 1.000000 0.000000 -0.000000 1.000000 0.000003 -0.000000 0.995316 0.000000 -0.096673 1.000000 0.000006 -0.000000 1.000000 0.000003 -0.000000 1.000000 0.000004 -0.000000 1.000000 0.000002 -0.000000 1.000000 0.000001 -0.000000 1.000000 0.000001 -0.000000 1.000000 0.000001 -0.000000 1.000000 0.000001 -0.000000 0.995316 -0.000007 -0.096673 1.000000 -0.000004 -0.000000 1.000000 -0.000004 -0.000001 0.995316 0.018855 -0.094817 1.000000 -0.000004 -0.000001 1.000000 -0.000005 -0.000001 1.000000 -0.000007 -0.000000 1.000000 -0.000005 -0.000000 1.000000 -0.000004 -0.000001 1.000000 -0.000006 -0.000001 1.000000 -0.000002 -0.000000 1.000000 -0.000001 -0.000000 1.000000 -0.000001 -0.000000 1.000000 -0.000002 -0.000000 0.000000 -1.000000 -0.000000 0.000003 -1.000000 -0.000000 0.000002 -0.980785 -0.195090 0.000000 -0.980785 -0.195090 1.000000 -0.000003 -0.000001 0.995316 0.036992 -0.089316 1.000000 -0.000003 -0.000001 1.000000 -0.000004 -0.000002 1.000000 -0.000004 -0.000002 1.000000 -0.000004 -0.000002 1.000000 -0.000001 -0.000000 1.000000 -0.000001 -0.000001 -0.000000 -0.923880 -0.382683 -0.000002 -0.923880 -0.382683 1.000000 -0.000002 -0.000001 0.995316 0.053706 -0.080383 1.000000 -0.000002 -0.000001 1.000000 -0.000003 -0.000002 1.000000 -0.000002 -0.000002 1.000000 -0.000003 -0.000002 1.000000 -0.000001 -0.000000 1.000000 -0.000001 -0.000001 0.000000 -0.831469 -0.555570 -0.000002 -0.831469 -0.555570 1.000000 0.000000 0.000000 0.995316 0.068357 -0.068360 1.000000 0.000000 0.000000 1.000000 -0.000001 -0.000002 1.000000 -0.000000 -0.000000 1.000000 -0.000002 -0.000002 1.000000 -0.000000 -0.000000 1.000000 -0.000000 -0.000001 0.000000 -0.707107 -0.707107 0.000000 -0.707107 -0.707107 1.000000 0.000001 0.000002 0.995316 0.080381 -0.053708 
						1.000000 0.000001 0.000002 1.000000 0.000000 0.000000 1.000000 0.000001 0.000001 1.000000 -0.000000 -0.000000 1.000000 -0.000000 -0.000000 1.000000 -0.000000 -0.000000 0.000000 -0.555570 -0.831470 -0.000000 -0.555571 -0.831469 1.000000 0.000001 0.000002 0.995316 0.089315 -0.036993 1.000000 0.000001 0.000002 1.000000 0.000001 0.000002 1.000000 0.000001 0.000002 1.000000 0.000001 0.000001 1.000000 0.000000 0.000000 1.000000 -0.000000 -0.000000 0.000000 -0.382684 -0.923880 -0.000000 -0.382684 -0.923879 1.000000 0.000001 0.000004 0.995316 0.094816 -0.018858 1.000000 0.000001 0.000004 1.000000 0.000000 0.000002 1.000000 0.000001 0.000003 1.000000 0.000000 0.000002 1.000000 0.000000 0.000000 1.000000 0.000000 0.000000 -0.000002 -0.195090 -0.980785 0.000000 -0.195090 -0.980785 1.000000 -0.000000 0.000005 0.995316 0.096673 0.000002 1.000000 -0.000000 0.000005 1.000000 -0.000000 0.000002 1.000000 0.000000 0.000005 1.000000 -0.000000 0.000002 1.000000 -0.000000 0.000001 1.000000 0.000000 0.000000 -0.000003 0.000000 -1.000000 -0.000000 -0.000000 -1.000000 1.000000 0.000001 -0.000004 0.995316 0.094817 0.018855 1.000000 0.000001 -0.000004 1.000000 0.000001 -0.000005 1.000000 0.000000 -0.000007 1.000000 0.000000 -0.000005 1.000000 0.000001 -0.000004 1.000000 0.000001 -0.000006 1.000000 0.000000 -0.000002 1.000000 -0.000000 -0.000002 1.000000 0.000000 -0.000002 1.000000 0.000000 -0.000002 -0.000003 -0.000000 -1.000000 -0.000000 0.000000 -1.000000 -0.000002 0.195090 -0.980785 -0.000002 0.195090 -0.980785 1.000000 0.000001 -0.000003 0.995316 0.089316 0.036992 1.000000 0.000001 -0.000004 1.000000 0.000002 -0.000004 1.000000 0.000002 -0.000004 1.000000 0.000002 -0.000004 1.000000 0.000001 -0.000001 1.000000 0.000001 -0.000002 -0.000003 0.382684 -0.923880 -0.000000 0.382684 -0.923879 
						1.000000 0.000001 -0.000002 0.995316 0.080383 0.053705 1.000000 0.000001 -0.000002 1.000000 0.000002 -0.000003 1.000000 0.000001 -0.000002 1.000000 0.000002 -0.000004 1.000000 0.000001 -0.000001 1.000000 0.000001 -0.000001 -0.000000 0.555570 -0.831470 -0.000002 0.555570 -0.831469 1.000000 -0.000000 0.000000 0.995316 0.068360 0.068357 1.000000 -0.000000 0.000000 1.000000 0.000002 -0.000002 1.000000 -0.000000 -0.000000 1.000000 0.000002 -0.000002 1.000000 0.000001 -0.000001 1.000000 0.000001 -0.000001 0.000002 0.707107 -0.707107 -0.000002 0.707107 -0.707107 1.000000 -0.000002 0.000001 0.995316 0.053708 0.080381 1.000000 -0.000002 0.000001 1.000000 -0.000000 0.000000 1.000000 -0.000001 0.000001 1.000000 -0.000000 -0.000000 1.000000 0.000000 -0.000000 1.000000 0.000001 -0.000001 -0.000000 0.831470 -0.555570 0.000000 0.831470 -0.555570 1.000000 -0.000002 0.000001 0.995316 0.036994 0.089315 1.000000 -0.000002 0.000001 1.000000 -0.000002 0.000001 1.000000 -0.000002 0.000001 1.000000 -0.000001 0.000000 1.000000 0.000000 -0.000000 1.000000 0.000001 -0.000000 -0.000002 0.923880 -0.382684 0.000002 0.923880 -0.382684 1.000000 -0.000004 0.000001 0.995316 0.018858 0.094816 1.000000 -0.000004 0.000001 1.000000 -0.000002 0.000000 1.000000 -0.000003 0.000001 1.000000 -0.000002 0.000000 1.000000 -0.000000 -0.000000 1.000000 0.000000 -0.000000 -0.000002 0.980785 -0.195090 0.000002 0.980785 -0.195090 1.000000 -0.000005 -0.000000 0.995316 -0.000003 0.096673 1.000000 -0.000005 -0.000000 1.000000 -0.000003 -0.000000 1.000000 -0.000005 -0.000000 1.000000 -0.000002 -0.000000 1.000000 -0.000000 -0.000000 1.000000 -0.000000 -0.000000 0.000000 1.000000 0.000000 0.000000 1.000000 0.000000 -0.995316 -0.000009 -0.096673 -1.000000 -0.000006 0.000000 -1.000000 -0.000006 -0.000001 -0.995316 0.018853 -0.094817 
						-0.000000 1.000000 -0.000000 -0.000007 1.000000 -0.000000 -0.000007 0.980785 0.195090 -0.000014 0.980785 0.195090 -1.000000 -0.000007 0.000000 -1.000000 -0.000004 0.000000 -1.000000 -0.000004 -0.000001 -1.000000 -0.000005 -0.000001 -0.000000 1.000000 0.000000 -0.000000 1.000000 0.000000 -0.000001 0.980785 0.195090 -0.000000 0.980785 0.195090 -1.000000 -0.000002 0.000000 -1.000000 -0.000002 0.000000 -1.000000 -0.000002 -0.000000 -1.000000 -0.000002 -0.000000 -1.000000 -0.000005 -0.000002 -0.995316 0.036990 -0.089316 -0.000007 0.923880 0.382683 -0.000007 0.923880 0.382684 -1.000000 -0.000003 -0.000001 -1.000000 -0.000004 -0.000001 -0.000002 0.923880 0.382683 -0.000000 0.923880 0.382683 -1.000000 -0.000001 -0.000000 -1.000000 -0.000002 -0.000000 -1.000000 -0.000004 -0.000003 -0.995316 0.053704 -0.080384 -0.000010 0.831470 0.555570 -0.000000 0.831470 0.555570 -1.000000 -0.000003 -0.000002 -1.000000 -0.000003 -0.000002 -0.000001 0.831470 0.555570 -0.000002 0.831470 0.555570 -1.000000 -0.000001 -0.000000 -1.000000 -0.000001 -0.000001 -1.000000 -0.000003 -0.000002 -0.995316 0.068355 -0.068362 -0.000007 0.707107 0.707107 -0.000007 0.707107 0.707107 -1.000000 -0.000001 -0.000001 -1.000000 -0.000002 -0.000002 0.000000 0.707107 0.707107 -0.000002 0.707107 0.707107 -1.000000 -0.000001 -0.000000 -1.000000 -0.000001 -0.000001 -1.000000 -0.000001 -0.000002 -0.995316 0.080379 -0.053711 -0.000000 0.555570 0.831470 -0.000007 0.555570 0.831470 -1.000000 -0.000000 -0.000000 -1.000000 -0.000001 -0.000001 -0.000000 0.555570 0.831470 0.000002 0.555570 0.831470 -1.000000 -0.000000 -0.000000 -1.000000 -0.000000 -0.000001 -1.000000 -0.000001 -0.000002 -0.995316 0.089314 -0.036997 0.000000 0.382684 0.923880 -0.000007 0.382684 0.923880 -1.000000 0.000000 0.000000 -1.000000 -0.000000 -0.000000 -0.000000 0.382684 0.923880 0.000002 0.382684 0.923879 
						-1.000000 -0.000000 -0.000000 -1.000000 -0.000000 -0.000000 -1.000000 -0.000000 -0.000000 -0.995316 0.094815 -0.018862 0.000001 0.195090 0.980785 0.000002 0.195090 0.980785 -1.000000 0.000000 0.000002 -1.000000 0.000000 0.000000 0.000002 0.195090 0.980785 -0.000000 0.195090 0.980785 -1.000000 0.000000 0.000001 -1.000000 -0.000000 -0.000000 -1.000000 -0.000000 0.000001 -0.995316 0.096673 -0.000001 0.000002 -0.000000 1.000000 0.000004 -0.000000 1.000000 -1.000000 -0.000000 0.000003 -1.000000 -0.000000 0.000000 0.000003 -0.000001 1.000000 -0.000000 -0.000000 1.000000 -1.000000 0.000000 0.000002 -1.000000 -0.000000 -0.000000 0.980180 0.162758 0.112946 0.976736 0.181028 0.114961 0.954342 0.237981 0.180543 0.981963 0.148535 0.116984 0.982837 0.135267 0.125434 0.983212 0.122258 0.135450 0.983209 0.109294 0.146134 0.982798 0.097866 0.156621 0.981744 0.089859 0.167645 0.979465 0.087721 0.181532 0.977878 -0.137790 0.157381 0.973580 -0.139937 0.180442 0.980504 -0.138611 0.139283 0.982019 -0.142792 0.123486 0.982859 -0.148883 0.108733 0.983229 -0.155580 0.095164 0.983149 -0.162720 0.083313 0.982486 -0.170879 0.074311 0.980728 -0.181768 0.071647 0.978690 -0.159129 -0.129781 0.974748 -0.180660 -0.131254 0.981073 -0.142513 -0.131092 0.982353 -0.127598 -0.136753 0.983013 -0.113148 -0.144510 0.983253 -0.099495 -0.152692 0.983071 -0.087604 -0.160927 0.982273 -0.079347 -0.169838 0.980328 -0.077103 -0.181694 0.980121 0.113679 -0.162602 0.976740 0.114923 -0.181029 0.982012 0.116089 -0.148916 0.982934 0.122445 -0.137287 0.983249 0.131275 -0.126445 0.983103 0.141720 -0.115865 0.982479 0.153031 -0.106379 0.955017 0.238149 -0.176712 0.686449 0.546461 0.479759 0.645833 0.592306 0.481741 0.394971 0.752688 0.526743 0.427323 0.722097 0.544032 0.646487 0.592906 -0.480122 0.686454 0.546473 -0.479737 
						0.426241 0.719028 -0.548924 0.394710 0.752191 -0.527649 0.714429 0.511395 0.477563 0.448696 0.690581 0.567247 0.731207 0.488132 0.476512 0.460878 0.659676 0.593650 0.736984 0.474894 0.480969 0.464639 0.628984 0.623290 0.731992 0.469585 0.493637 0.460454 0.598728 0.655368 0.716252 0.468990 0.516750 0.448474 0.568769 0.689473 0.689463 0.469874 0.551235 0.428140 0.540283 0.724424 0.650517 0.469997 0.596600 0.397209 0.518853 0.756979 0.679177 -0.502316 0.535161 0.635718 -0.505906 0.583028 0.389284 -0.545966 0.741876 0.422895 -0.563590 0.709596 0.709702 -0.498139 0.498178 0.445724 -0.586088 0.676632 0.728740 -0.495348 0.472830 0.459356 -0.611164 0.644571 0.736712 -0.497386 0.458107 0.464549 -0.639271 0.612803 0.733740 -0.507393 0.451860 0.461739 -0.669559 0.581796 0.719809 -0.527757 0.450941 0.450930 -0.701616 0.551722 0.694729 -0.559794 0.451644 0.431774 -0.734952 0.522892 0.657561 -0.603063 0.451586 0.402226 -0.766507 0.500680 0.681396 -0.538589 -0.495602 0.638550 -0.585628 -0.499294 0.391248 -0.745588 -0.539466 0.424621 -0.714449 -0.556111 0.711211 -0.502294 -0.491813 0.446879 -0.681975 -0.578972 0.729554 -0.477606 -0.489535 0.459930 -0.649822 -0.605141 0.736836 -0.463509 -0.492171 0.464615 -0.618336 -0.633872 0.733200 -0.457738 -0.502886 0.461317 -0.587530 -0.664827 0.718664 -0.456963 -0.524125 0.450159 -0.557267 -0.697717 0.692948 -0.457952 -0.556868 0.430599 -0.528647 -0.731517 0.655064 -0.458221 -0.600771 0.400493 -0.507015 -0.763243 0.687079 0.477736 -0.547441 0.646082 0.481124 -0.592534 0.396569 0.521109 -0.755764 0.428510 0.538448 -0.725571 0.715101 0.474457 -0.513342 0.449364 0.562606 -0.693936 0.731632 0.472813 -0.491082 0.461167 0.589440 -0.663239 0.736990 0.476487 -0.479381 0.464606 0.618705 -0.633518 0.731265 0.488495 -0.476052 0.459995 0.650431 -0.604437 
						0.714430 0.511384 -0.477573 0.447305 0.683952 -0.576305 0.877485 0.363383 -0.313005 0.778505 0.482645 -0.401226 0.926421 0.289085 -0.241192 0.927726 0.289492 0.235625 0.990857 -0.059884 0.120899 0.993637 -0.040308 0.105172 0.997230 -0.038994 -0.063348 0.994080 0.099558 0.043501 0.998046 -0.041091 -0.047071 0.994073 0.087871 0.064012 0.998107 -0.051117 -0.034190 0.994031 0.069631 0.083981 0.997306 -0.068253 -0.026884 0.993955 0.047018 0.099211 0.995552 -0.090004 -0.027842 0.993882 0.022990 0.108030 0.992939 -0.112073 -0.038891 0.993899 0.002337 0.110269 0.989807 -0.129244 -0.059820 0.994056 -0.007352 0.108624 0.997291 0.053109 -0.050887 0.996835 0.051869 -0.060245 0.992477 -0.056810 0.108451 0.993453 -0.056080 0.099530 0.997878 0.045761 -0.046319 0.993759 -0.065139 0.090557 0.998178 0.034431 -0.049546 0.993799 -0.080204 0.077015 0.997865 0.024903 -0.060381 0.993739 -0.095382 0.058186 0.996755 0.020426 -0.077857 0.993595 -0.107675 0.034281 0.994833 0.024240 -0.098589 0.993459 -0.113844 0.008834 0.992073 0.037261 -0.120010 0.993570 -0.112748 -0.010309 0.988465 0.059739 -0.139172 0.993888 -0.108606 -0.019782 0.996749 0.048644 0.064225 0.995982 0.060193 0.066300 0.993072 -0.108516 -0.045084 0.993783 -0.101718 -0.045265 0.997689 0.043722 0.052005 0.993913 -0.093269 -0.058637 0.998154 0.046268 0.039334 0.993913 -0.080046 -0.075694 0.997981 0.056728 0.028568 0.993859 -0.061796 -0.091791 0.996987 0.074088 0.022962 0.993750 -0.038838 -0.104650 0.994980 0.096915 0.024943 0.993642 -0.014045 -0.111708 0.991961 0.120998 0.037056 0.993655 0.007591 -0.112218 0.988233 0.140814 0.059724 0.993915 0.018336 -0.108609 0.996057 -0.075653 0.046329 0.995241 -0.076668 0.060148 0.993580 0.031780 -0.108573 0.994013 0.032804 -0.104223 0.997152 -0.064953 0.038325 0.994078 0.044300 -0.099226 
						0.997974 -0.050352 0.038894 0.994080 0.062209 -0.089077 0.998154 -0.037675 0.047636 0.994065 0.080957 -0.072662 0.997525 -0.030013 0.063593 0.994032 0.095919 -0.051960 0.995959 -0.030102 0.084613 0.994003 0.105208 -0.029838 0.906619 -0.366813 -0.208545 0.917850 -0.336875 -0.209918 0.897877 -0.363276 0.248692 -0.998230 -0.046890 0.036591 -0.998230 -0.046890 -0.036581 -0.997897 -0.051125 -0.039851 -0.999823 -0.008555 0.016762 -0.999876 -0.005812 0.014636 -0.999920 -0.004343 0.011873 -0.999950 -0.004271 0.009009 -0.999963 -0.005497 0.006603 -0.999957 -0.007758 0.005106 -0.999932 -0.010651 0.004849 -0.999888 -0.013681 0.006002 -0.999834 -0.016061 0.008555 -0.999823 0.016765 0.008555 -0.999876 0.014639 0.005811 -0.999920 0.011877 0.004341 -0.999950 0.009012 0.004269 -0.999963 0.006606 0.005494 -0.999957 0.005109 0.007755 -0.999932 0.004851 0.010647 -0.999888 0.006003 0.013677 -0.999834 0.008555 0.016057 -0.999823 0.008555 -0.016763 -0.999876 0.005812 -0.014637 -0.999920 0.004342 -0.011875 -0.999950 0.004269 -0.009011 -0.999963 0.005495 -0.006605 -0.999957 0.007756 -0.005108 -0.999932 0.010648 -0.004850 -0.999888 0.013677 -0.006002 -0.999834 0.016058 -0.008555 -0.999823 -0.016751 -0.008555 -0.999876 -0.014626 -0.005813 -0.999920 -0.011870 -0.004344 -0.999950 -0.009005 -0.004273 -0.999963 -0.006599 -0.005502 -0.999957 -0.005104 -0.007761 -0.999932 -0.004848 -0.010653 -0.999888 -0.006002 -0.013681 -0.999834 -0.008555 -0.016062 1.000000 -0.000000 -0.000005 0.999963 0.008556 -0.000004 0.682572 0.676161 -0.277312 0.194558 -0.147809 0.969690 0.757578 -0.575546 0.307931 0.394336 0.917278 -0.055685 0.194388 -0.969744 -0.147680 0.393277 -0.098168 -0.914164 0.323119 0.946170 -0.018892 0.327135 0.053174 0.943480 0.252468 -0.000133 0.967605 0.072802 -0.991610 -0.106812 0.594184 0.775049 -0.215045 0.532491 0.167073 0.829783 
						0.497143 0.155049 0.853703 0.252307 -0.000142 -0.967647 0.169952 0.058559 -0.983711 0.252460 0.967607 0.000112 0.169887 -0.058457 0.983728 0.072842 -0.106871 0.991601 0.554672 -0.173464 -0.813787 0.532308 -0.168045 -0.829704 0.450528 0.131731 0.882990 0.393435 0.097812 0.914134 0.326905 -0.053617 -0.943535 0.126260 -0.134668 0.982814 0.327231 0.943458 -0.052985 0.126171 -0.982838 -0.134574 0.073029 0.107146 -0.991558 0.554771 0.172457 0.813933 0.663353 -0.707530 0.243648 -0.997897 -0.051125 0.039856 
					</float_array>
					<technique_common>
						<accessor count="1298" offset="0" source="#meshId0-tangents-array" stride="3">
							<param name="X" type="float" />
							<param name="Y" type="float" />
							<param name="Z" type="float" />
						</accessor>
					</technique_common>
				</source>
				<source id="meshId0-bitangents" name="meshId0-bitangents">
					<float_array id="meshId0-bitangents-array" count="3894"> 
						-0.016433 -0.195478 0.980570 -0.022442 -0.195888 0.980369 -0.014955 -0.383172 0.923556 -0.011036 -0.382922 0.923715 -0.000002 0.555570 -0.831470 -0.000001 0.555570 -0.831470 0.000000 0.707107 -0.707107 -0.000001 0.707107 -0.707107 0.000002 0.831470 -0.555570 0.000000 0.831470 -0.555570 0.000003 0.923880 -0.382683 0.000002 0.923880 -0.382683 0.000004 0.980785 -0.195090 0.000003 0.980785 -0.195090 0.000005 1.000000 0.000000 0.000003 1.000000 0.000000 -0.000004 1.000000 0.000000 -0.000003 1.000000 0.000000 -0.000002 0.980785 0.195090 -0.000003 0.980785 0.195090 -0.000001 0.923880 0.382683 -0.000002 0.923880 0.382683 0.000000 0.831470 0.555570 -0.000001 0.831469 0.555570 0.000001 0.707107 0.707107 0.000000 0.707107 0.707107 0.000003 0.555570 0.831469 0.000001 0.555570 0.831469 0.000004 0.382683 0.923880 0.000003 0.382684 0.923880 0.000005 0.195090 0.980785 0.000004 0.195090 0.980785 0.000005 -0.000000 1.000000 0.000004 -0.000000 1.000000 -0.000004 -0.000000 1.000000 -0.000002 0.000000 1.000000 -0.000002 -0.195090 0.980785 -0.000003 -0.195090 0.980785 -0.000001 -0.382684 0.923880 -0.000002 -0.382684 0.923879 0.000000 -0.555570 0.831470 -0.000001 -0.555570 0.831470 0.000001 -0.707107 0.707107 0.000000 -0.707107 0.707107 0.000003 -0.831470 0.555570 0.000001 -0.831470 0.555570 0.000004 -0.923880 0.382683 0.000003 -0.923880 0.382683 0.000005 -0.980785 0.195090 0.000004 -0.980785 0.195090 0.000006 -1.000000 -0.000000 0.000004 -1.000000 -0.000000 0.000003 1.000000 0.000000 0.000002 1.000000 -0.000000 0.000001 0.980785 0.195090 0.000002 0.980785 0.195090 0.000000 0.923879 0.382684 0.000001 0.923880 0.382683 -0.000001 0.831470 0.555570 0.000000 0.831470 0.555570 -0.000002 0.707107 0.707107 -0.000001 0.707107 0.707107 -0.000003 0.555570 0.831470 -0.000002 0.555570 0.831470 
						-0.000004 0.382683 0.923880 -0.000003 0.382684 0.923880 -0.000007 0.195090 0.980785 -0.000004 0.195090 0.980785 -0.028913 -0.810265 -0.585350 -0.070618 -0.883724 -0.462650 -0.080997 -0.907805 -0.411497 -0.036603 -0.822593 -0.567452 -0.000008 -0.000001 1.000000 -0.000005 -0.000001 1.000000 0.596923 0.396360 -0.697554 0.678468 0.470770 -0.563965 0.664534 0.310263 -0.679803 0.587402 0.238872 -0.773240 0.257389 -0.966153 -0.017280 0.282904 -0.958531 -0.034398 0.000002 -0.999948 0.010170 0.680277 0.562889 0.469446 0.758563 0.420948 0.497378 0.737453 0.579993 0.346080 0.666580 0.678780 0.308104 0.756595 -0.499414 0.422078 0.823766 -0.487913 0.288704 0.793432 -0.363441 0.488237 0.734683 -0.349883 0.581225 0.823137 -0.289003 -0.488797 0.875870 -0.176103 -0.449265 0.838158 -0.408026 -0.361948 0.793040 -0.488357 -0.364137 0.423739 0.904849 -0.041157 0.458683 0.879121 0.129444 0.431271 0.902199 0.006556 0.368925 0.918069 -0.145066 0.458772 -0.129427 0.879078 0.520400 -0.279511 0.806881 0.508030 -0.136076 0.850523 0.430829 -0.006774 0.902408 0.518778 -0.807742 -0.280038 0.596451 -0.697824 -0.396595 0.587024 -0.773432 -0.239177 0.507071 -0.850998 -0.136680 0.519295 0.279871 -0.807469 0.507511 0.136403 -0.850780 0.598294 0.696768 0.395674 0.588651 0.772603 0.237855 0.679291 -0.470169 0.563476 0.664985 -0.309788 0.679578 0.755673 -0.422605 -0.500363 0.734111 -0.581478 -0.350664 0.876045 0.448943 -0.176056 0.907183 0.411406 -0.088113 0.874105 0.343227 -0.343709 0.838288 0.361652 -0.408021 0.424070 0.041189 0.904692 0.369086 0.145129 0.917994 0.456992 -0.879952 -0.129777 0.429672 -0.902955 -0.007346 0.755975 0.500052 -0.422433 0.734349 0.350339 -0.581373 0.830985 0.285200 0.477623 0.795098 0.487718 0.360485 0.876283 -0.448504 0.175992 0.838423 -0.361347 0.408014 0.422583 -0.041044 -0.905394 
						0.457541 0.129669 -0.879683 0.430171 0.007100 -0.902720 0.367866 -0.144649 -0.918559 0.907045 -0.088099 -0.411712 0.874009 -0.343671 -0.343509 0.520511 0.806822 0.279474 0.508744 0.850168 0.135624 0.597911 -0.395867 0.696988 0.587891 -0.238473 0.772991 0.678063 -0.564205 -0.471067 0.664224 -0.679956 -0.310590 0.823371 0.488469 -0.288892 0.793225 0.363810 -0.488300 0.879006 0.175254 0.443435 0.838122 0.408027 0.362030 0.907348 -0.411039 0.088129 0.874188 -0.342981 0.343742 0.183702 -0.079919 -0.979728 0.264850 -0.021265 -0.964055 0.134951 -0.040373 -0.990029 0.081734 -0.059094 -0.994901 0.265142 0.963964 -0.021763 0.338520 0.940447 0.031053 0.182908 0.982891 -0.021669 0.135035 0.990006 -0.040655 0.337898 -0.032277 0.940629 0.402842 -0.076246 0.912088 0.223929 0.001998 0.974603 0.182782 0.021150 0.982926 0.566881 -0.801103 -0.192041 0.634656 -0.736430 -0.234272 0.550966 -0.817814 -0.166184 0.488265 -0.863417 -0.126915 0.503477 0.131384 -0.853961 0.536993 0.142046 -0.831541 0.300028 0.047226 -0.952761 0.282913 0.034251 -0.958534 0.491284 -0.861707 -0.126888 0.416976 -0.906171 -0.070601 0.458479 0.109210 -0.881970 0.257416 0.017085 -0.966150 -0.011951 0.558007 0.829750 0.028164 0.701843 0.711775 0.027969 0.700632 0.712974 -0.028434 0.562701 0.826171 0.050761 0.793049 -0.607039 0.011898 0.696345 -0.717609 0.008717 0.704582 -0.709569 0.053242 0.818130 -0.572563 0.093775 0.487780 0.867915 0.051005 0.607286 0.792844 0.056871 0.573652 0.817122 0.106647 0.420006 0.901233 0.150157 -0.914614 0.375413 0.094889 -0.867122 0.488974 0.107895 -0.900895 0.420413 0.170010 -0.950730 0.259247 -0.000535 -0.000058 -1.000000 0.010960 -0.193904 -0.980959 -0.065388 -0.206545 -0.976250 -0.098543 -0.018264 -0.994965 -0.057514 0.892086 0.448190 -0.110025 0.938117 0.328375 -0.107591 0.965664 0.236470 
						-0.060797 0.912476 0.404587 -0.019943 -0.576236 0.817040 -0.061129 -0.452193 0.889823 -0.067257 -0.406815 0.911031 -0.024080 -0.563480 0.825778 0.007620 -0.713867 -0.700240 0.004701 -0.708445 -0.705750 0.093313 0.868247 -0.487278 0.103507 0.902075 -0.418984 0.148800 0.373833 0.915482 0.168757 0.258797 0.951076 0.233485 -0.926508 0.295072 0.250892 -0.962678 0.101509 -0.019654 0.817252 0.575945 -0.022247 0.826231 0.562892 0.015549 -0.692990 0.720779 0.015742 -0.702499 0.711510 0.046409 -0.602785 -0.796553 0.048780 -0.571212 -0.819352 0.146985 0.916633 -0.371725 0.162259 0.952835 -0.256470 0.231733 0.292855 0.927651 0.247975 0.100329 0.963557 -0.122755 -0.931136 -0.343391 -0.199790 -0.946749 -0.252489 -0.185952 -0.979674 -0.075235 -0.128060 -0.961273 -0.244038 -0.069827 0.198753 -0.977559 -0.090051 0.005443 -0.995922 0.029852 0.003262 -0.999549 0.009452 0.196095 -0.980539 -0.028070 0.584495 -0.810912 -0.072775 0.465013 -0.882308 -0.079626 0.411032 -0.908137 -0.034979 0.566938 -0.823017 0.015073 0.720365 0.693432 0.015744 0.711510 0.702500 0.051500 -0.792445 0.607766 0.057453 -0.816958 0.573828 0.091889 -0.485749 -0.869255 0.098794 -0.417433 -0.903321 0.227819 0.930166 -0.287908 0.239727 0.965983 -0.096992 -0.114147 -0.333242 0.935906 -0.195195 -0.246680 0.949235 -0.180169 -0.072895 0.980931 -0.115338 -0.239343 0.964060 0.145324 -0.369789 -0.917680 0.156275 -0.254312 -0.954413 -0.185693 0.954174 0.234671 -0.162862 0.984446 0.065892 -0.140078 0.034930 0.989524 -0.095063 0.217402 0.971442 -0.140848 0.236061 0.961476 -0.196426 0.061294 0.978601 0.043036 -0.824691 -0.563944 0.085167 -0.912186 -0.400829 0.115561 -0.903284 -0.413187 0.058236 -0.819825 -0.569646 -0.052680 0.394257 0.917489 -0.084697 0.405592 0.910122 0.001732 -0.706801 -0.707410 0.000748 -0.706942 -0.707271 -0.039525 -0.563304 -0.825304 
						-0.057181 -0.569409 -0.820063 -0.081527 -0.400114 -0.912832 -0.115342 -0.413133 -0.903337 0.145861 -0.228547 0.962544 0.191569 -0.047772 0.980316 0.245380 -0.076570 0.966398 0.189526 -0.249211 0.949723 -0.125296 -0.224101 -0.966478 -0.173746 -0.245007 -0.953826 0.102667 -0.404188 0.908896 0.133641 -0.417444 0.898822 0.007673 0.708437 -0.705733 0.046549 0.564582 -0.824063 0.061212 0.570309 -0.819147 0.006546 0.708534 -0.705646 0.061521 -0.567207 0.821274 0.077426 -0.573829 0.815307 -0.070552 0.914702 -0.397924 -0.031061 0.826741 -0.561725 -0.048527 0.821983 -0.567441 -0.103603 0.906050 -0.410292 0.021545 -0.710732 0.703133 0.021104 -0.711590 0.702278 -0.112110 0.968762 -0.221203 -0.158542 0.957512 -0.240905 -0.018237 -0.828798 0.559251 -0.035194 -0.824803 0.564324 -0.156696 0.986874 -0.039075 -0.213369 0.974700 -0.066581 -0.058808 -0.916569 0.395529 -0.091396 -0.908720 0.407276 0.153344 0.960999 0.230143 0.199166 0.978706 0.049664 0.252506 0.964382 0.078791 0.196638 0.947781 0.251089 -0.101288 -0.970499 0.218798 -0.147552 -0.960016 0.237904 0.110001 0.907426 0.405558 0.140710 0.896985 0.419069 -0.146412 -0.988550 0.036512 -0.203108 -0.977103 0.063381 0.068529 0.819900 0.568390 0.084404 0.813581 0.575292 0.129130 -0.965779 -0.224937 0.175309 -0.983542 -0.043715 0.229315 -0.970718 -0.071556 0.172642 -0.954103 -0.244710 -0.187298 0.267113 0.945288 -0.116722 0.424278 0.897978 -0.146372 0.460805 0.875348 -0.230427 0.327893 0.916182 -0.007737 0.690529 0.723264 -0.024674 0.787937 0.615261 -0.048726 -0.857122 -0.512804 -0.072798 -0.912092 -0.403470 0.010996 0.582604 0.812682 -0.029798 -0.778263 -0.627231 0.035281 0.477830 0.877743 -0.074904 0.409326 -0.909308 -0.118285 0.353819 -0.927804 -0.203420 0.257074 -0.944740 -0.127581 0.349057 -0.928376 -0.011163 -0.683054 -0.730282 0.070870 0.398078 0.914610 
						-0.048659 0.512633 -0.857228 0.010339 -0.580997 -0.813840 0.121907 0.364653 0.923129 -0.027534 0.621962 -0.782564 0.036559 -0.481161 -0.875869 -0.070483 -0.396988 0.915114 -0.113827 -0.340484 0.933335 -0.007834 0.723472 -0.690309 0.070348 -0.396610 -0.915288 -0.044947 -0.503032 0.863098 0.011653 0.811563 -0.584148 0.117780 -0.352309 -0.928443 0.223463 -0.282404 -0.932905 -0.025413 -0.616997 0.786555 0.035425 0.877562 -0.478153 -0.007719 -0.723235 0.690559 0.070581 0.914993 -0.397249 0.011489 -0.811837 0.583771 0.119165 0.926679 -0.356463 0.035963 -0.876745 0.479609 -0.067773 0.918574 0.389395 -0.110675 0.937095 0.331066 0.071671 -0.913566 0.400326 -0.043502 0.865353 0.499272 0.122820 -0.921920 0.367394 0.340109 -0.940095 -0.023388 0.272726 -0.961932 -0.017522 0.000007 -0.999787 0.020636 0.086635 0.401115 -0.911922 0.116047 0.413301 -0.903169 -0.073414 -0.579091 -0.811951 0.000288 -0.707021 -0.707192 0.000165 -0.707033 -0.707181 -0.087409 -0.597678 -0.796957 -0.255478 0.105798 0.961009 -0.312341 0.193640 0.930025 0.077376 0.580261 -0.810747 0.147505 0.434212 -0.888652 0.175527 0.474971 -0.862318 0.091950 0.599708 -0.794919 -0.147139 -0.434096 -0.888769 -0.174023 -0.474251 -0.863019 0.235022 -0.284132 0.929534 0.304175 -0.125965 0.944251 0.358974 -0.222551 0.906426 0.275843 -0.352258 0.894329 0.005851 0.708805 -0.705381 0.006493 0.709930 -0.704243 -0.220116 -0.278877 -0.934760 -0.259107 -0.343355 -0.902758 0.165053 -0.439679 0.882859 0.192380 -0.482942 0.854258 -0.065338 0.814356 -0.576676 -0.079549 0.800420 -0.594137 0.129693 0.225059 -0.965675 0.170454 0.244122 -0.954647 0.093392 -0.584883 0.805723 0.106820 -0.606228 0.788085 -0.135799 0.892323 -0.430486 -0.164466 0.867399 -0.469649 0.020902 -0.713045 0.700807 0.020064 -0.715706 0.698113 -0.205009 0.939771 -0.273497 -0.247264 0.908457 -0.336995 
						-0.051641 -0.818289 0.572483 -0.066829 -0.805878 0.588298 -0.272267 0.955593 -0.112754 -0.328159 0.922453 -0.203449 -0.123491 -0.896020 0.426496 -0.152714 -0.872612 0.463925 0.241749 0.927085 0.286480 0.310808 0.941718 0.128706 0.364728 0.903243 0.226111 0.281860 0.891193 0.355429 -0.194019 -0.943241 0.269541 -0.236633 -0.913387 0.331254 0.171859 0.880520 0.441756 0.198611 0.851183 0.485841 -0.262091 -0.958920 0.108537 -0.318355 -0.927198 0.197367 0.100232 0.803503 0.586802 0.113193 0.785077 0.608968 0.217987 -0.935485 -0.278117 0.288043 -0.950159 -0.119285 0.343490 -0.914695 -0.212950 0.259410 -0.902610 -0.343514 0.027740 0.698664 0.714912 0.026507 0.695136 0.718389 0.146713 -0.888907 -0.433959 0.174721 -0.862694 -0.474585 -0.044827 0.570353 0.820176 -0.060377 0.585292 0.808572 0.073780 -0.811840 -0.579200 0.088007 -0.796692 -0.597944 0.215380 0.277194 -0.936362 0.283267 0.117306 -0.951840 0.339978 0.210774 -0.916509 0.257604 0.342550 -0.903493 0.016371 0.195477 0.980572 0.022488 0.195890 0.980368 0.029994 0.001154 0.999550 0.021551 0.000553 0.999768 0.010969 0.382921 0.923716 0.014983 0.383173 0.923555 0.005484 0.555679 0.831379 0.007494 0.555794 0.831286 -0.000041 0.707106 0.707107 0.000010 0.707107 0.707107 -0.005562 0.831378 0.555680 -0.007472 0.831287 0.555794 -0.011036 0.923715 0.382922 -0.014954 0.923556 0.383173 -0.016432 0.980570 0.195478 -0.022442 0.980369 0.195888 -0.021636 0.999766 0.000556 -0.029935 0.999551 0.001152 0.016375 0.980572 -0.195476 0.022491 0.980368 -0.195890 0.029997 0.999549 -0.001154 0.021555 0.999768 -0.000553 0.010973 0.923716 -0.382921 0.014987 0.923555 -0.383173 0.005488 0.831379 -0.555679 0.007497 0.831286 -0.555794 -0.000037 0.707107 -0.707106 0.000013 0.707106 -0.707107 -0.005558 0.555680 -0.831378 -0.007469 0.555794 -0.831287 
						-0.011032 0.382922 -0.923715 -0.014951 0.383173 -0.923556 -0.016429 0.195478 -0.980570 -0.022439 0.195888 -0.980369 -0.021632 0.000555 -0.999766 -0.029932 0.001152 -0.999551 0.016373 -0.195476 -0.980572 0.022490 -0.195890 -0.980368 0.029996 -0.001154 -0.999549 0.021553 -0.000553 -0.999768 0.010972 -0.382921 -0.923716 0.014985 -0.383173 -0.923555 0.005487 -0.555679 -0.831379 0.007496 -0.555795 -0.831286 -0.000038 -0.707106 -0.707107 0.000012 -0.707107 -0.707106 -0.005559 -0.831377 -0.555681 -0.007470 -0.831287 -0.555794 -0.011033 -0.923715 -0.382922 -0.014952 -0.923556 -0.383172 -0.016429 -0.980571 -0.195477 -0.022440 -0.980370 -0.195888 -0.021633 -0.999766 -0.000555 -0.029932 -0.999551 -0.001152 0.016367 -0.980572 0.195477 0.022485 -0.980368 0.195890 0.029990 -0.999550 0.001154 0.021545 -0.999768 0.000553 0.010967 -0.923716 0.382920 0.014980 -0.923555 0.383173 0.005480 -0.831379 0.555679 0.007491 -0.831286 0.555794 -0.000043 -0.707107 0.707106 0.000008 -0.707106 0.707107 -0.005563 -0.555680 0.831377 -0.007473 -0.555794 0.831287 -0.000003 0.382683 -0.923880 -0.000002 0.382683 -0.923880 -0.021638 -0.000556 0.999766 -0.029934 -0.001152 0.999551 -0.000004 0.195091 -0.980785 -0.000003 0.195091 -0.980785 -0.116083 -0.930563 -0.347243 0.018285 0.383413 0.923396 0.019876 0.383548 0.923307 0.029836 0.196503 0.980049 0.027416 0.196280 0.980165 0.009151 0.555904 0.831196 0.009929 0.555966 0.831146 0.000016 0.707107 0.707106 -0.000014 0.707106 0.707107 -0.009121 0.831197 0.555903 -0.009956 0.831145 0.555966 -0.018258 0.923397 0.383412 -0.019899 0.923306 0.383549 -0.027398 0.980165 0.196279 -0.029842 0.980049 0.196502 -0.036538 0.999331 0.001716 -0.039795 0.999206 0.002039 0.027419 0.980165 -0.196280 0.029839 0.980049 -0.196502 0.039806 0.999205 -0.002039 0.036553 0.999330 -0.001717 0.018287 0.923396 -0.383413 
						0.019879 0.923307 -0.383548 0.009153 0.831196 -0.555904 0.009932 0.831146 -0.555966 0.000018 0.707106 -0.707108 -0.000012 0.707107 -0.707107 -0.009118 0.555903 -0.831197 -0.009954 0.555967 -0.831145 -0.018256 0.383412 -0.923397 -0.019897 0.383550 -0.923306 -0.027396 0.196279 -0.980165 -0.029840 0.196503 -0.980049 -0.036536 0.001716 -0.999331 -0.039793 0.002039 -0.999206 0.027417 -0.196280 -0.980165 0.029837 -0.196503 -0.980049 0.039804 -0.002039 -0.999205 0.036551 -0.001717 -0.999330 0.018285 -0.383413 -0.923396 0.019876 -0.383548 -0.923307 0.009151 -0.555905 -0.831196 0.009929 -0.555966 -0.831146 0.000016 -0.707108 -0.707106 -0.000015 -0.707107 -0.707107 -0.009121 -0.831197 -0.555903 -0.009958 -0.831145 -0.555966 -0.018258 -0.923397 -0.383411 -0.019900 -0.923306 -0.383549 -0.027398 -0.980165 -0.196279 -0.029844 -0.980049 -0.196504 -0.036538 -0.999331 -0.001716 -0.039798 -0.999206 -0.002039 0.027415 -0.980165 0.196280 0.029838 -0.980049 0.196503 0.039806 -0.999205 0.002039 0.036549 -0.999330 0.001717 0.018283 -0.923396 0.383412 0.019877 -0.923307 0.383548 0.009149 -0.831196 0.555904 0.009930 -0.831146 0.555965 0.000014 -0.707106 0.707107 -0.000015 -0.707107 0.707106 -0.009123 -0.555903 0.831197 -0.009958 -0.555967 0.831145 -0.018260 -0.383412 0.923397 -0.019901 -0.383549 0.923306 -0.027400 -0.196279 0.980165 -0.029846 -0.196503 0.980049 -0.456729 0.010453 0.889544 -0.464637 0.005432 0.885485 -0.000001 -0.020599 0.999788 0.193925 -0.980996 -0.006371 -0.014058 0.999542 0.026791 -0.106436 0.994279 0.009001 -0.000007 0.999788 0.020595 0.106447 -0.994277 0.009023 -0.193905 0.980999 -0.006416 0.014076 -0.999541 0.026824 -0.272721 0.961933 -0.017578 -0.014058 -0.999542 -0.026790 -0.106441 -0.994278 -0.009010 0.000007 -0.999788 -0.020612 -0.340129 0.940088 -0.023386 -0.193899 -0.981001 0.006430 -0.393983 0.918813 -0.023654 
						-0.272722 -0.961932 0.017575 -0.433078 0.901158 -0.018914 -0.014057 -0.026788 0.999542 -0.106412 -0.008993 0.994281 -0.340119 -0.940091 0.023415 -0.456733 0.889542 -0.010453 -0.193886 0.006403 0.981003 -0.393973 -0.918817 0.023687 -0.464654 0.885476 -0.005438 -0.272759 0.017562 0.961922 -0.433087 -0.901155 0.018855 0.464655 -0.885476 -0.005298 0.456740 -0.889540 -0.010400 -0.340123 0.023405 0.940089 -0.456743 -0.889538 0.010371 0.433086 -0.901155 -0.018885 -0.393978 0.023652 0.918816 -0.464652 -0.885477 0.005349 0.393995 -0.918809 -0.023626 -0.433074 0.018894 0.901160 0.325867 -0.943192 0.064808 0.409944 -0.911218 -0.040337 0.338542 -0.940951 0.001080 0.253644 -0.963629 0.084161 0.095813 0.140571 0.985424 0.183808 0.080085 0.979694 0.081458 0.058211 0.994975 0.025029 0.077187 0.996702 0.691752 0.256455 -0.675063 0.736443 0.263837 -0.622930 0.642905 0.200928 -0.739122 0.602884 0.190240 -0.774816 0.691640 -0.675082 -0.256707 0.602814 -0.774820 -0.190444 0.491585 -0.126532 0.861588 0.567392 -0.191311 0.800916 0.488438 -0.126609 0.863364 0.417149 -0.070334 0.906112 0.410874 0.910840 0.039414 0.492818 0.861096 0.125078 0.418548 0.905629 0.068215 0.339391 0.940643 -0.002193 0.326266 -0.065146 -0.943031 0.410258 0.040026 -0.911091 0.338777 -0.001390 -0.940866 0.253966 -0.084532 -0.963512 0.736443 -0.263840 0.622929 0.772162 -0.244209 0.586624 0.672186 -0.184784 0.716952 0.642849 -0.201161 0.739107 0.635656 0.736138 0.232471 0.691824 0.675055 0.256280 0.603022 0.774811 0.189821 0.551211 0.817763 0.165622 0.736653 0.622966 0.263165 0.642864 0.739112 0.201096 0.244707 -0.951608 0.185908 0.166230 -0.970017 0.177301 0.772044 0.586535 0.244795 0.672153 0.716915 0.185048 0.264193 0.020138 0.964260 0.134815 0.039904 0.990067 0.327164 0.942666 -0.065912 0.254541 0.963302 -0.085197 
						0.338256 0.031576 -0.940524 0.403231 0.075343 -0.911991 0.223926 -0.001984 -0.974604 0.182845 -0.021397 -0.982909 0.097415 -0.142923 -0.984928 0.025246 -0.077855 -0.996645 0.536933 -0.142397 0.831520 0.558449 -0.129752 0.819329 0.308146 -0.045023 0.950273 0.299997 -0.047667 0.952749 0.634844 0.233939 -0.736373 0.551093 0.165900 -0.817786 0.422004 -0.905667 0.040988 0.367316 -0.918813 0.144433 0.908365 0.088228 0.408765 0.874896 0.344019 0.340893 0.245464 0.186484 0.951300 0.325259 0.064285 0.943438 0.252358 0.082666 0.964096 0.161772 0.172545 0.971626 0.245993 0.951084 -0.186885 0.167161 0.969674 -0.178294 0.736367 -0.622921 -0.264071 0.642857 -0.739111 -0.201122 0.634856 -0.233918 0.736370 0.550828 -0.166496 0.817843 0.568829 0.800389 0.189237 0.489147 0.863151 0.125323 0.491562 0.126561 -0.861597 0.567155 0.191649 -0.801003 0.488557 0.126393 -0.863329 0.417178 0.070290 -0.906102 -0.000000 -0.010256 -0.999947 0.300021 0.952759 0.047315 0.308149 0.950284 0.044779 -0.000002 0.999946 -0.010371 0.223972 -0.974593 0.002173 0.282919 0.958534 0.034182 0.182824 -0.982914 0.021332 0.257446 0.966145 0.016922 0.134845 -0.990056 0.040063 0.223970 0.974593 -0.002236 0.081647 -0.994924 0.058825 0.025161 -0.996668 0.077592 0.000000 0.009942 0.999951 0.081808 0.994880 -0.059339 0.282827 -0.034947 0.958534 0.025313 0.996627 -0.078061 0.257373 -0.017333 0.966157 0.308151 0.044575 -0.950292 0.300029 -0.952757 -0.047302 0.308154 -0.950291 -0.044582 0.000009 -0.000001 -1.000000 0.000006 0.000000 -1.000000 0.000006 0.195090 -0.980785 0.000008 0.195090 -0.980785 0.000006 0.000000 -1.000000 0.000003 0.000000 -1.000000 0.000003 0.195090 -0.980785 0.000005 0.195090 -0.980785 0.000005 0.000000 -1.000000 0.000002 0.000000 -1.000000 0.000002 0.195090 -0.980785 0.000004 0.195090 -0.980785 
						0.000004 0.000000 -1.000000 0.000001 0.000001 -1.000000 0.000001 0.195090 -0.980785 0.000002 0.195090 -0.980785 0.000004 0.000001 -1.000000 0.000001 0.000001 -1.000000 0.000001 0.195091 -0.980785 0.000003 0.195090 -0.980785 0.000006 0.382683 -0.923880 0.000006 0.382683 -0.923880 0.000003 0.382684 -0.923880 0.000003 0.382683 -0.923880 0.000002 0.382683 -0.923880 0.000002 0.382684 -0.923880 0.000001 0.382683 -0.923880 0.000001 0.382683 -0.923880 0.000001 0.382683 -0.923880 0.000001 0.382683 -0.923880 0.000004 0.555570 -0.831469 0.000006 0.555569 -0.831470 0.000001 0.555570 -0.831470 0.000003 0.555570 -0.831469 0.000000 0.555570 -0.831470 0.000002 0.555570 -0.831470 0.000000 0.555570 -0.831470 0.000001 0.555570 -0.831470 0.000000 0.555570 -0.831470 0.000001 0.555570 -0.831470 0.000002 0.707106 -0.707107 0.000004 0.707106 -0.707107 -0.000001 0.707106 -0.707107 0.000001 0.707106 -0.707107 -0.000001 0.707106 -0.707107 0.000000 0.707106 -0.707107 -0.000000 0.707106 -0.707107 0.000000 0.707106 -0.707107 0.000000 0.707107 -0.707107 0.000000 0.707106 -0.707107 0.000000 0.831469 -0.555570 0.000002 0.831470 -0.555570 -0.000003 0.831470 -0.555570 -0.000001 0.831469 -0.555570 -0.000001 0.831470 -0.555570 -0.000001 0.831470 -0.555570 -0.000000 0.831470 -0.555570 -0.000000 0.831470 -0.555570 -0.000000 0.831470 -0.555570 0.000000 0.831470 -0.555570 -0.000000 0.923880 -0.382683 0.000000 0.923880 -0.382683 -0.000003 0.923880 -0.382683 -0.000003 0.923880 -0.382683 -0.000002 0.923880 -0.382683 -0.000001 0.923880 -0.382683 -0.000001 0.923880 -0.382683 -0.000000 0.923880 -0.382683 -0.000000 0.923880 -0.382683 -0.000000 0.923880 -0.382683 -0.000001 0.980785 -0.195090 -0.000000 0.980785 -0.195090 -0.000004 0.980785 -0.195090 -0.000003 0.980785 -0.195090 -0.000003 0.980785 -0.195090 -0.000002 0.980785 -0.195090 
						-0.000001 0.980785 -0.195090 -0.000001 0.980785 -0.195090 -0.000001 0.980785 -0.195090 -0.000000 0.980785 -0.195090 -0.000003 1.000000 0.000000 -0.000000 1.000000 0.000000 -0.000006 1.000000 0.000000 -0.000003 1.000000 0.000000 -0.000004 1.000000 0.000000 -0.000002 1.000000 0.000000 -0.000001 1.000000 0.000000 -0.000001 1.000000 0.000000 -0.000001 1.000000 0.000000 -0.000001 1.000000 0.000000 0.000007 1.000000 -0.000001 0.000004 1.000000 0.000000 0.000004 0.980785 0.195090 0.000005 0.980785 0.195090 0.000004 0.980785 0.195090 0.000005 0.980785 0.195090 0.000007 1.000000 0.000000 0.000005 1.000000 0.000000 0.000004 0.980785 0.195090 0.000006 0.980785 0.195090 0.000002 1.000000 0.000000 0.000001 1.000000 0.000000 0.000001 0.980785 0.195090 0.000002 0.980785 0.195090 1.000000 0.000000 -0.000000 1.000000 0.000003 -0.000000 1.000000 0.000002 0.000000 1.000000 0.000000 -0.000000 0.000004 0.923880 0.382683 0.000004 0.923880 0.382682 0.000004 0.923880 0.382683 0.000004 0.923880 0.382683 0.000004 0.923880 0.382683 0.000004 0.923880 0.382683 0.000001 0.923880 0.382683 0.000001 0.923880 0.382683 1.000000 0.000000 -0.000000 1.000000 -0.000002 -0.000001 0.000002 0.831469 0.555570 0.000004 0.831471 0.555569 0.000002 0.831469 0.555570 0.000004 0.831470 0.555570 0.000003 0.831469 0.555570 0.000004 0.831469 0.555570 0.000001 0.831469 0.555570 0.000001 0.831469 0.555570 1.000000 0.000000 -0.000000 1.000000 -0.000001 -0.000001 -0.000000 0.707107 0.707107 0.000002 0.707107 0.707107 -0.000000 0.707107 0.707107 0.000002 0.707107 0.707107 0.000000 0.707107 0.707107 0.000003 0.707107 0.707107 0.000000 0.707107 0.707107 0.000001 0.707107 0.707107 1.000000 0.000000 -0.000000 1.000000 0.000000 -0.000000 -0.000002 0.555570 0.831469 -0.000000 0.555569 0.831470 
						-0.000002 0.555570 0.831470 -0.000000 0.555570 0.831469 -0.000001 0.555570 0.831470 0.000000 0.555570 0.831469 0.000000 0.555570 0.831469 0.000000 0.555570 0.831470 1.000000 0.000000 -0.000000 1.000000 0.000000 -0.000000 -0.000002 0.382683 0.923880 -0.000002 0.382683 0.923880 -0.000002 0.382684 0.923880 -0.000002 0.382683 0.923880 -0.000002 0.382684 0.923880 -0.000001 0.382684 0.923880 -0.000000 0.382684 0.923879 0.000000 0.382684 0.923880 1.000000 0.000000 -0.000000 1.000000 0.000000 -0.000000 -0.000004 0.195090 0.980785 -0.000002 0.195090 0.980785 -0.000004 0.195090 0.980785 -0.000002 0.195090 0.980785 -0.000003 0.195090 0.980785 -0.000002 0.195090 0.980785 -0.000000 0.195090 0.980785 -0.000000 0.195090 0.980785 1.000000 -0.000000 -0.000002 1.000000 0.000000 -0.000000 -0.000005 -0.000000 1.000000 -0.000002 -0.000000 1.000000 -0.000005 -0.000000 1.000000 -0.000002 -0.000000 1.000000 -0.000005 -0.000000 1.000000 -0.000002 -0.000000 1.000000 -0.000001 0.000000 1.000000 -0.000000 -0.000000 1.000000 1.000000 0.000000 -0.000003 1.000000 -0.000000 -0.000000 0.000004 -0.195090 0.980785 0.000006 -0.195090 0.980785 0.000004 -0.195090 0.980785 0.000006 -0.195090 0.980785 0.000007 -0.000000 1.000000 0.000005 -0.000000 1.000000 0.000005 -0.195090 0.980785 0.000006 -0.195090 0.980785 0.000002 -0.000000 1.000000 0.000002 0.000000 1.000000 0.000002 -0.195090 0.980785 0.000002 -0.195090 0.980785 1.000000 -0.000000 -0.000003 1.000000 0.000000 -0.000000 1.000000 0.000000 -0.000002 1.000000 0.000000 -0.000002 0.000004 -0.382684 0.923880 0.000004 -0.382683 0.923880 0.000004 -0.382684 0.923879 0.000004 -0.382684 0.923880 0.000004 -0.382684 0.923879 0.000005 -0.382684 0.923879 0.000002 -0.382684 0.923879 0.000002 -0.382684 0.923879 1.000000 0.000001 -0.000003 1.000000 -0.000000 -0.000000 
						0.000002 -0.555570 0.831470 0.000004 -0.555569 0.831470 0.000002 -0.555570 0.831469 0.000004 -0.555570 0.831469 0.000003 -0.555570 0.831470 0.000004 -0.555570 0.831469 0.000001 -0.555570 0.831470 0.000002 -0.555570 0.831469 1.000000 -0.000000 -0.000000 1.000000 0.000001 -0.000001 -0.000000 -0.707107 0.707107 0.000002 -0.707107 0.707106 -0.000000 -0.707107 0.707107 0.000002 -0.707107 0.707107 -0.000000 -0.707107 0.707107 0.000003 -0.707107 0.707107 0.000001 -0.707107 0.707107 0.000001 -0.707107 0.707107 1.000000 -0.000001 0.000001 1.000000 0.000001 -0.000001 -0.000002 -0.831469 0.555570 -0.000001 -0.831470 0.555569 -0.000002 -0.831469 0.555570 -0.000001 -0.831469 0.555570 -0.000002 -0.831469 0.555570 -0.000000 -0.831469 0.555570 0.000001 -0.831470 0.555570 0.000001 -0.831469 0.555570 1.000000 -0.000000 -0.000000 1.000000 -0.000000 -0.000000 -0.000002 -0.923879 0.382684 -0.000002 -0.923879 0.382685 -0.000002 -0.923879 0.382684 -0.000002 -0.923879 0.382684 -0.000002 -0.923880 0.382684 -0.000002 -0.923879 0.382684 0.000000 -0.923880 0.382683 0.000001 -0.923880 0.382684 1.000000 0.000001 -0.000001 1.000000 -0.000002 0.000001 -0.000004 -0.980785 0.195090 -0.000002 -0.980785 0.195091 -0.000004 -0.980785 0.195090 -0.000002 -0.980785 0.195090 -0.000003 -0.980785 0.195090 -0.000002 -0.980785 0.195090 -0.000000 -0.980785 0.195090 0.000000 -0.980785 0.195090 1.000000 0.000002 -0.000000 1.000000 -0.000002 0.000000 -0.000005 -1.000000 0.000000 -0.000003 -1.000000 -0.000000 -0.000005 -1.000000 0.000000 -0.000003 -1.000000 0.000000 -0.000005 -1.000000 -0.000000 -0.000002 -1.000000 0.000000 -0.000000 -1.000000 -0.000000 -0.000000 -1.000000 -0.000000 1.000000 -0.000000 -0.000000 1.000000 -0.000000 -0.000000 -0.000009 1.000000 -0.000001 -0.000006 1.000000 -0.000000 -0.000006 0.980785 0.195090 -0.000007 0.980785 0.195090 
						1.000000 0.000000 -0.000000 1.000000 0.000007 -0.000000 1.000000 0.000007 0.000001 1.000000 0.000013 0.000003 -0.000007 1.000000 0.000000 -0.000004 1.000000 0.000000 -0.000004 0.980785 0.195090 -0.000005 0.980785 0.195090 1.000000 0.000000 -0.000000 1.000000 0.000000 -0.000000 1.000000 0.000001 0.000000 1.000000 0.000000 -0.000000 -0.000002 1.000000 0.000000 -0.000002 1.000000 0.000000 -0.000002 0.980785 0.195090 -0.000002 0.980785 0.195090 -0.000005 0.923880 0.382684 -0.000006 0.923880 0.382683 1.000000 0.000006 0.000002 1.000000 0.000006 0.000002 -0.000004 0.923880 0.382683 -0.000004 0.923880 0.382683 1.000000 0.000002 0.000001 1.000000 0.000000 -0.000000 -0.000001 0.923880 0.382683 -0.000002 0.923880 0.382683 -0.000005 0.831470 0.555570 -0.000005 0.831471 0.555569 1.000000 0.000008 0.000006 1.000000 0.000000 0.000000 -0.000003 0.831470 0.555570 -0.000003 0.831470 0.555570 1.000000 0.000001 0.000001 1.000000 0.000001 0.000001 -0.000001 0.831470 0.555570 -0.000001 0.831470 0.555570 -0.000004 0.707107 0.707107 -0.000005 0.707107 0.707106 1.000000 0.000005 0.000005 1.000000 0.000005 0.000005 -0.000002 0.707107 0.707107 -0.000003 0.707107 0.707107 1.000000 0.000000 -0.000000 1.000000 0.000001 0.000001 -0.000001 0.707107 0.707107 -0.000001 0.707107 0.707107 -0.000002 0.555570 0.831470 -0.000004 0.555570 0.831470 1.000000 0.000000 0.000000 1.000000 0.000004 0.000006 -0.000000 0.555570 0.831470 -0.000002 0.555570 0.831470 1.000000 0.000000 0.000000 1.000000 -0.000001 -0.000001 -0.000000 0.555570 0.831470 -0.000001 0.555570 0.831470 -0.000002 0.382684 0.923880 -0.000002 0.382684 0.923879 1.000000 0.000000 -0.000000 1.000000 0.000003 0.000006 0.000000 0.382684 0.923879 -0.000000 0.382684 0.923880 1.000000 0.000000 0.000000 1.000000 -0.000001 -0.000002 
						-0.000000 0.382684 0.923880 -0.000000 0.382684 0.923880 -0.000000 0.195090 0.980785 -0.000002 0.195091 0.980785 1.000000 -0.000000 -0.000001 1.000000 -0.000000 -0.000002 0.000002 0.195090 0.980785 0.000000 0.195090 0.980785 1.000000 -0.000000 -0.000002 1.000000 0.000000 0.000000 0.000001 0.195090 0.980785 -0.000000 0.195090 0.980785 0.000001 -0.000000 1.000000 -0.000001 -0.000000 1.000000 1.000000 0.000000 -0.000002 1.000000 0.000000 -0.000004 0.000003 -0.000000 1.000000 0.000000 -0.000000 1.000000 1.000000 0.000000 -0.000003 1.000000 -0.000000 0.000000 0.000002 -0.000001 1.000000 -0.000000 -0.000001 1.000000 0.077700 0.208605 -0.974909 0.113036 0.020950 -0.993370 0.175179 0.043684 -0.983567 0.050379 0.390808 -0.919093 0.028656 0.559750 -0.828166 0.009172 0.708278 -0.705874 -0.009525 0.830450 -0.557011 -0.029970 0.921325 -0.387637 -0.054498 0.977307 -0.204698 -0.086252 0.996145 -0.015986 0.102689 0.971708 0.212692 0.137593 0.990160 0.025501 0.073507 0.916081 0.394199 0.049283 0.825350 0.562466 0.027915 0.703163 0.710480 0.007188 0.554449 0.832186 -0.014454 0.385119 0.922754 -0.038885 0.202006 0.978612 -0.070447 0.013056 0.997430 0.094631 -0.211387 0.972811 0.129056 -0.023920 0.991349 0.065462 -0.393043 0.917187 0.042099 -0.561549 0.826372 0.021804 -0.709792 0.704074 0.002068 -0.831681 0.555249 -0.019028 -0.922357 0.385870 -0.043940 -0.978217 0.202883 -0.075812 -0.997023 0.014051 0.078437 -0.974824 -0.208725 0.112999 -0.993374 -0.020943 0.049423 -0.919207 -0.390661 0.025110 -0.828614 -0.559256 0.003358 -0.706664 -0.707542 -0.017308 -0.558151 -0.829559 -0.039053 -0.389069 -0.920380 -0.171462 -0.042757 -0.984263 0.268212 0.422971 -0.865539 0.355037 0.325612 -0.876314 0.244755 0.466426 -0.850025 0.182470 0.520473 -0.834154 -0.353844 -0.324517 -0.877202 -0.268193 -0.422957 -0.865552 
						-0.184977 -0.524707 -0.830943 -0.245177 -0.467228 -0.849462 0.180933 0.524284 -0.832099 0.120715 0.582078 -0.804123 0.092132 0.621470 -0.778002 0.059061 0.644646 -0.762196 0.003168 0.709151 -0.705049 -0.001872 0.704581 -0.709621 -0.085640 0.782208 -0.617103 -0.062154 0.758223 -0.649026 -0.173592 0.836964 -0.518997 -0.121546 0.803042 -0.583395 -0.260377 0.870944 -0.416726 -0.180535 0.836585 -0.517236 -0.346382 0.882668 -0.317673 -0.241083 0.854864 -0.459442 0.286134 0.852644 0.437179 0.372847 0.862589 0.341944 0.253681 0.837808 0.483451 0.192500 0.821064 0.537399 0.198676 0.819950 0.536852 0.131263 0.790491 0.598243 0.109943 0.766149 0.633189 0.069757 0.748241 0.659749 0.020459 0.693552 0.720116 0.008708 0.695268 0.718697 -0.069143 0.605842 0.792575 -0.051935 0.634371 0.771282 -0.158195 0.507804 0.846823 -0.112092 0.568725 0.814854 -0.245974 0.405156 0.880537 -0.171672 0.502158 0.847565 -0.332812 0.305230 0.892228 -0.232646 0.443347 0.865632 0.280794 -0.432954 0.856566 0.367974 -0.337476 0.866432 0.250669 -0.477691 0.842007 0.188668 -0.530925 0.826150 0.193204 -0.533007 0.823757 0.127278 -0.592137 0.795722 0.104424 -0.629594 0.769875 0.066045 -0.654578 0.753104 0.014936 -0.716648 0.697275 0.005103 -0.713943 0.700185 -0.074594 -0.789199 0.609590 -0.055386 -0.766933 0.639332 -0.163319 -0.843589 0.511551 -0.115142 -0.811066 0.573511 -0.250950 -0.877271 0.409169 -0.174590 -0.843986 0.507155 -0.337703 -0.888838 0.309714 -0.235581 -0.861937 0.448961 0.266602 -0.866656 -0.421701 0.354583 -0.876652 -0.325195 0.242130 -0.853490 -0.461441 0.179634 -0.837772 -0.515625 0.178272 -0.833875 -0.522372 0.118143 -0.807384 -0.578078 0.088664 -0.780260 -0.619139 0.056546 -0.765472 -0.640980 -0.001512 -0.708080 -0.706131 -0.004854 -0.713631 -0.700505 -0.091708 -0.621177 -0.778286 -0.065620 -0.653969 -0.753670 
						-0.180947 -0.524287 -0.832095 -0.125786 -0.589849 -0.797656 -0.289189 -0.119759 -0.949751 -0.341009 -0.211413 -0.915979 -0.230243 -0.071846 -0.970477 0.224928 0.070188 -0.971844 0.120679 -0.007293 -0.992665 0.095114 -0.199841 -0.975201 -0.043524 0.384751 -0.921994 0.002078 0.382894 -0.923790 -0.016279 0.556314 -0.830812 0.004380 0.555963 -0.831195 0.011947 0.706546 -0.707566 0.010087 0.707848 -0.706292 0.041738 0.829341 -0.557181 0.015930 0.832330 -0.554052 0.072366 0.919775 -0.385717 0.019982 0.924529 -0.380588 0.102146 0.974432 -0.200121 0.019106 0.981011 -0.193008 0.129008 0.991613 -0.007797 0.007308 0.999973 0.000799 -0.042084 0.979417 0.197410 -0.051775 0.998654 0.003129 0.056474 0.998385 0.006171 0.035374 0.979410 0.198758 -0.024508 0.923035 0.383935 0.025375 0.922518 0.385120 -0.001100 0.831432 0.555625 0.023758 0.829789 0.557571 0.025041 0.707955 0.705813 0.026146 0.704841 0.708883 0.053290 0.557456 0.828494 0.031132 0.552470 0.832951 0.081659 0.385961 0.918894 0.035196 0.378891 0.924772 0.110233 0.200432 0.973486 0.031917 0.191568 0.980960 0.138918 0.008396 0.990268 0.019665 -0.002149 0.999804 -0.053403 -0.197977 0.978751 -0.066179 -0.004000 0.997800 0.044818 -0.004897 0.998983 0.024406 -0.197647 0.979969 -0.031258 -0.384241 0.922704 0.018372 -0.384474 0.922953 -0.006988 -0.555907 0.831215 0.018356 -0.557144 0.830213 0.019876 -0.706115 0.707818 0.021084 -0.708576 0.705319 0.048756 -0.828840 0.557357 0.025695 -0.832751 0.553051 0.079846 -0.919073 0.385914 0.029596 -0.924708 0.379525 0.111241 -0.973364 0.200470 0.029164 -0.980985 0.191879 0.140558 -0.990036 0.008495 0.018227 -0.999832 -0.001992 -0.065042 -0.977934 -0.198530 -0.076528 -0.997057 -0.004625 0.031592 -0.999495 -0.003452 0.011771 -0.980466 -0.196336 -0.045260 -0.921882 -0.384819 0.002938 -0.923753 -0.382978 
						-0.020220 -0.830618 -0.556475 0.002223 -0.831332 -0.555772 0.007031 -0.707389 -0.706790 0.005831 -0.706643 -0.707546 0.036136 -0.557021 -0.829712 0.010027 -0.554629 -0.832037 0.066532 -0.385547 -0.920286 0.012620 -0.381378 -0.924333 -0.193322 0.078217 -0.978013 -0.129931 0.244724 -0.960848 0.230538 -0.093274 -0.968583 0.036550 0.001717 0.999330 -0.036541 -0.001717 0.999331 -0.039799 -0.002039 0.999206 0.016762 0.000143 0.999860 0.013220 0.195184 0.980677 0.009307 0.382740 0.923809 0.005118 0.555599 0.831435 0.000782 0.707111 0.707102 -0.003614 0.831447 0.555592 -0.007984 0.923824 0.382734 -0.012246 0.980691 0.195179 -0.016061 0.999871 0.000137 0.016765 0.999859 -0.000143 0.013224 0.980677 -0.195184 0.009311 0.923809 -0.382740 0.005122 0.831435 -0.555599 0.000786 0.707102 -0.707111 -0.003610 0.555592 -0.831447 -0.007980 0.382735 -0.923824 -0.012242 0.195178 -0.980691 -0.016057 0.000137 -0.999871 0.016763 -0.000143 -0.999859 0.013221 -0.195184 -0.980677 0.009309 -0.382740 -0.923809 0.005120 -0.555600 -0.831434 0.000785 -0.707111 -0.707102 -0.003611 -0.831447 -0.555592 -0.007981 -0.923824 -0.382734 -0.012243 -0.980691 -0.195178 -0.016057 -0.999871 -0.000137 0.016751 -0.999860 0.000143 0.013211 -0.980678 0.195184 0.009304 -0.923809 0.382740 0.005114 -0.831435 0.555599 0.000776 -0.707102 0.707111 -0.003617 -0.555592 0.831447 -0.007987 -0.382734 0.923824 -0.012247 -0.195179 0.980691 -0.016061 -0.000138 0.999871 -0.000005 0.000001 -1.000000 -0.000004 0.000000 -1.000000 0.410046 -0.040236 0.911177 0.772136 -0.586606 -0.244337 0.245197 -0.186280 -0.951409 0.691771 -0.256410 0.675061 0.772179 0.244123 -0.586638 0.403158 0.912011 0.075503 0.602830 -0.190397 0.774819 0.458464 -0.881971 -0.109256 0.503458 -0.853957 -0.131480 0.558484 0.129264 -0.819381 0.338750 0.001356 0.940875 0.183462 -0.979803 0.079547 
						0.264677 -0.964109 0.020969 0.503533 0.853961 0.131168 0.536959 0.831526 0.142268 0.503459 -0.131456 0.853961 0.536980 -0.831533 -0.142148 0.558478 -0.819375 -0.129334 0.097697 0.984840 -0.143336 0.183991 0.979637 -0.080370 0.337981 -0.940605 -0.032122 0.403006 -0.912048 -0.075862 0.458624 0.881947 0.108782 0.672210 -0.716977 -0.184600 0.458392 -0.109457 0.881984 0.672227 0.184470 -0.716995 0.558454 0.819339 0.129667 0.097129 -0.985017 0.142503 0.166647 -0.177745 -0.969864 0.039804 0.002039 0.999205 
					</float_array>
					<technique_common>
						<accessor count="1298" offset="0" source="#meshId0-bitangents-array" stride="3">
							<param name="X" type="float" />
							<param name="Y" type="float" />
							<param name="Z" type="float" />
						</accessor>
					</technique_common>
				</source>
				<source id="meshId0-tex0" name="meshId0-tex0">
					<float_array id="meshId0-tex0-array" count="2596"> 
						0.034012 0.223548 0.285150 0.228586 0.285016 0.235686 0.033895 0.232331 0.412748 0.973302 0.071190 0.973303 0.071190 0.964404 0.412748 0.964404 0.071190 0.955505 0.412748 0.955505 0.071190 0.946606 0.412748 0.946606 0.071190 0.937707 0.412748 0.937708 0.071190 0.928808 0.412748 0.928809 0.771196 0.997522 0.429638 0.997524 0.429638 0.988625 0.771196 0.988624 0.429638 0.979726 0.771196 0.979725 0.429638 0.970827 0.771196 0.970826 0.429638 0.961928 0.771196 0.961928 0.429638 0.953028 0.771196 0.953029 0.429638 0.944129 0.771196 0.944130 0.429638 0.935230 0.771196 0.935232 0.429638 0.926331 0.771196 0.926333 0.412748 0.928806 0.071190 0.928808 0.071190 0.919909 0.412748 0.919908 0.071190 0.911010 0.412748 0.911009 0.071190 0.902111 0.412748 0.902110 0.071190 0.893211 0.412748 0.893212 0.071190 0.884312 0.412748 0.884313 0.071190 0.875413 0.412748 0.875414 0.071190 0.866514 0.412748 0.866516 0.071190 0.857615 0.412748 0.857617 0.000000 0.712758 0.341559 0.712757 0.341559 0.721656 0.000000 0.721657 0.341559 0.730555 0.000000 0.730555 0.341559 0.739454 0.000000 0.739454 0.341559 0.748353 0.000000 0.748353 0.341559 0.757253 0.000000 0.757252 
						0.341559 0.766152 0.000000 0.766150 0.341559 0.775051 0.000000 0.775049 0.738478 0.027668 0.738884 0.032725 0.736368 0.032989 0.736018 0.027781 0.341559 0.783950 0.000000 0.783947 0.607552 0.028401 0.613732 0.021310 0.621578 0.028985 0.616100 0.035133 0.647763 0.126975 0.650934 0.125211 0.658139 0.142795 0.613827 0.235240 0.620864 0.228797 0.627879 0.237451 0.621668 0.242955 0.620794 0.162822 0.628535 0.157129 0.634705 0.166569 0.627824 0.171416 0.628451 0.085706 0.636826 0.080770 0.642200 0.090977 0.634636 0.095148 0.593607 0.266118 0.597628 0.257940 0.607228 0.263040 0.603625 0.270811 0.597628 0.191923 0.602237 0.183943 0.611365 0.189791 0.607225 0.197020 0.602189 0.112570 0.607538 0.104957 0.616090 0.111686 0.611319 0.118397 0.602199 0.036009 0.611325 0.041842 0.607617 0.242335 0.616169 0.249098 0.613794 0.169255 0.621633 0.176937 0.620709 0.091413 0.627753 0.100005 0.636846 0.004231 0.645697 0.000000 0.650499 0.010872 0.642215 0.014438 0.593604 0.200099 0.603621 0.204794 0.597603 0.120551 0.607194 0.125622 0.620728 0.014866 0.627767 0.023459 0.628677 0.223104 0.634780 0.232655 0.636905 0.152207 0.642265 0.162407 0.593605 0.052154 
						0.597608 0.043987 0.607196 0.049064 0.603610 0.056825 0.645678 0.076535 0.650485 0.087408 0.602239 0.249953 0.611374 0.255811 0.607605 0.176338 0.616149 0.183082 0.613715 0.097862 0.621566 0.105534 0.628471 0.009163 0.634651 0.018606 0.637085 0.218343 0.642313 0.228455 0.645749 0.147984 0.650543 0.158847 0.629539 0.058912 0.631735 0.053967 0.640771 0.058562 0.639475 0.062022 0.631793 0.267978 0.634651 0.263531 0.642693 0.269455 0.640835 0.272581 0.634648 0.197473 0.638104 0.193550 0.645030 0.200656 0.642680 0.203383 0.630143 0.114094 0.635315 0.109634 0.638723 0.114188 0.634099 0.118106 0.646610 0.039515 0.651646 0.037481 0.654426 0.047485 0.650940 0.048670 0.625611 0.119169 0.630084 0.122635 0.642066 0.042246 0.647769 0.050433 0.791519 0.016832 0.791468 0.021774 0.780123 0.021425 0.780128 0.017059 0.868899 0.490696 0.868749 0.495579 0.866343 0.495568 0.866501 0.490557 0.827809 0.012820 0.827344 0.017745 0.824925 0.017600 0.825374 0.012525 0.870083 0.435862 0.869229 0.440817 0.866799 0.440519 0.867601 0.435350 0.724523 0.000000 0.724399 0.006052 0.713129 0.006365 0.712661 0.000601 0.827540 0.032801 0.828179 0.038085 0.825520 0.038480 
						0.824982 0.033004 0.868655 0.455628 0.868996 0.460695 0.866471 0.460911 0.866194 0.455709 0.738349 0.022693 0.735912 0.022688 0.869383 0.485788 0.866943 0.485495 0.828655 0.007851 0.826168 0.007344 0.871500 0.430756 0.868902 0.429917 0.827223 0.027682 0.824747 0.027770 0.868582 0.450652 0.866147 0.450621 0.738496 0.017762 0.736063 0.017633 0.870203 0.480799 0.867706 0.480303 0.830060 0.002735 0.827456 0.001903 0.739614 0.037960 0.740882 0.043528 0.738044 0.044249 0.736983 0.038409 0.861280 0.511737 0.861785 0.517828 0.854496 0.517931 0.854562 0.511957 0.868835 0.500483 0.869219 0.505480 0.866731 0.505749 0.866409 0.500600 0.827161 0.022683 0.824727 0.022658 0.868760 0.445727 0.866346 0.445581 0.738933 0.012809 0.736469 0.012524 0.871596 0.475632 0.868968 0.474817 0.869673 0.465925 0.870868 0.471454 0.868049 0.472172 0.867041 0.466321 0.739761 0.007748 0.737222 0.007257 0.829314 0.043731 0.826440 0.044383 0.790363 0.001657 0.790986 0.006800 0.779346 0.008246 0.778540 0.003780 0.702469 0.027482 0.702133 0.032447 0.690701 0.031227 0.691107 0.026863 0.791363 0.011850 0.779871 0.012671 0.702588 0.022545 0.691242 0.022512 0.702496 0.017595 
						0.691111 0.018156 0.702188 0.012596 0.690710 0.013781 0.831616 0.464861 0.830712 0.469956 0.819013 0.467227 0.820060 0.462796 0.701647 0.007516 0.690027 0.009373 0.832272 0.459837 0.820827 0.458396 0.833217 0.495246 0.833074 0.500191 0.821676 0.499519 0.821836 0.495135 0.832702 0.454867 0.821324 0.454020 0.832910 0.485297 0.833163 0.490289 0.821742 0.490752 0.821390 0.486344 0.832923 0.449922 0.821557 0.449653 0.832438 0.480235 0.820774 0.481903 0.832942 0.444972 0.821531 0.445279 0.831721 0.475082 0.819879 0.477424 0.832752 0.439982 0.821242 0.440883 0.790051 0.036684 0.789108 0.041764 0.777451 0.038948 0.778530 0.034533 0.832341 0.434921 0.820683 0.436452 0.790745 0.031672 0.779329 0.030148 0.831681 0.429768 0.819843 0.431981 0.791212 0.026711 0.779858 0.025782 0.701569 0.037468 0.700755 0.042562 0.689059 0.040038 0.690022 0.035616 0.768152 0.010218 0.768765 0.013861 0.760443 0.015114 0.759795 0.012243 0.832733 0.022737 0.832887 0.027428 0.744593 0.032006 0.745432 0.036734 0.832832 0.018115 0.744086 0.027315 0.833218 0.013578 0.875631 0.509369 0.876941 0.513921 0.871219 0.516037 0.869962 0.510620 0.743857 0.022673 0.833982 0.009153 
						0.874806 0.504767 0.743895 0.018105 0.835300 0.004918 0.874329 0.500170 0.744414 0.013592 0.875461 0.464740 0.876723 0.469391 0.874136 0.495625 0.745297 0.009091 0.874693 0.460046 0.874409 0.491078 0.746673 0.004672 0.741127 0.002479 0.874270 0.455359 0.874765 0.486544 0.874120 0.450704 0.875643 0.482116 0.874226 0.446104 0.876941 0.477801 0.874620 0.441583 0.834062 0.036942 0.835300 0.041693 0.875394 0.437173 0.833307 0.032174 0.876723 0.432951 0.855779 0.038648 0.851266 0.033328 0.881039 0.012644 0.832728 0.505156 0.821258 0.503918 0.680127 0.018923 0.680276 0.022499 0.672069 0.022510 0.671926 0.019675 0.767237 0.006557 0.758828 0.009377 0.810578 0.498706 0.810126 0.502340 0.801764 0.500795 0.802218 0.497903 0.679681 0.015340 0.671482 0.016852 0.808950 0.460219 0.807826 0.463840 0.799580 0.460539 0.800704 0.457743 0.810745 0.495068 0.802373 0.495012 0.678933 0.011747 0.670739 0.014048 0.809770 0.456610 0.801514 0.454919 0.810629 0.491426 0.802251 0.492116 0.832163 0.510171 0.820583 0.508334 0.810293 0.453005 0.802021 0.452075 0.810226 0.487776 0.801836 0.489219 0.810525 0.449399 0.802236 0.449216 0.809530 0.484110 0.801118 0.486325 
						0.810469 0.445785 0.802160 0.446348 0.808536 0.480430 0.800080 0.483442 0.810122 0.442158 0.801791 0.443476 0.767461 0.031877 0.766313 0.035483 0.758108 0.032127 0.759251 0.029345 0.809479 0.438512 0.801120 0.440604 0.768307 0.028281 0.760079 0.026532 0.808535 0.434849 0.800130 0.437740 0.768855 0.024687 0.760607 0.023698 0.678948 0.033263 0.677902 0.036871 0.669686 0.033760 0.670741 0.030975 0.769114 0.021090 0.760842 0.020846 0.679690 0.029669 0.671483 0.028166 0.769085 0.017483 0.760789 0.017983 0.680134 0.026084 0.671923 0.025343 0.809388 0.505993 0.808352 0.509655 0.799941 0.506547 0.801008 0.503683 0.034016 0.133433 0.285150 0.128388 0.285338 0.135484 0.034181 0.142225 0.033898 0.124649 0.285016 0.121289 0.033826 0.115870 0.284936 0.114190 0.033802 0.107093 0.284909 0.107090 0.033825 0.098316 0.284936 0.099991 0.033896 0.089537 0.285016 0.092892 0.034013 0.080753 0.285149 0.085792 0.034179 0.071964 0.285337 0.078692 0.034016 0.062035 0.285151 0.056989 0.285338 0.064086 0.034180 0.070827 0.033897 0.053251 0.285017 0.049890 0.033826 0.044472 0.284936 0.042791 0.033802 0.035695 0.284909 0.035692 0.033825 0.026918 0.284936 0.028593 
						0.033895 0.018139 0.285016 0.021493 0.034013 0.009356 0.285150 0.014393 0.034178 0.000566 0.285337 0.007294 0.034016 0.204830 0.285151 0.199785 0.285338 0.206881 0.034181 0.213622 0.033898 0.196046 0.285017 0.192685 0.033826 0.187267 0.284936 0.185586 0.033802 0.178490 0.284909 0.178487 0.033825 0.169713 0.284936 0.171388 0.033895 0.160934 0.285016 0.164288 0.034013 0.152151 0.285150 0.157189 0.034178 0.143361 0.285337 0.150089 0.034015 0.276227 0.285151 0.271182 0.285338 0.278279 0.034180 0.285018 0.033897 0.267443 0.285017 0.264083 0.033826 0.258664 0.284937 0.256984 0.033801 0.249887 0.284910 0.249885 0.033825 0.241110 0.284936 0.242785 0.412748 0.982201 0.071190 0.982202 0.034178 0.214759 0.285338 0.221487 0.412748 0.991100 0.071190 0.991101 0.746673 0.041393 0.459996 0.118353 0.593347 0.115683 0.593455 0.119981 0.460126 0.123986 0.459919 0.112719 0.593283 0.111385 0.459893 0.107086 0.593261 0.107086 0.459919 0.101453 0.593283 0.102787 0.459996 0.095819 0.593347 0.098489 0.460126 0.090186 0.593455 0.094191 0.460307 0.084555 0.593605 0.089895 0.460126 0.052587 0.593454 0.048582 0.593605 0.052877 0.460307 0.058220 0.459996 0.046954 
						0.593346 0.044284 0.459918 0.041320 0.593282 0.039986 0.459893 0.035687 0.593260 0.035687 0.459918 0.030054 0.593282 0.031388 0.459996 0.024420 0.593346 0.027090 0.460126 0.018787 0.593454 0.022792 0.460307 0.013156 0.593605 0.018496 0.460127 0.195383 0.593454 0.191377 0.593604 0.195673 0.460308 0.201015 0.459997 0.189749 0.593346 0.187080 0.459919 0.184116 0.593282 0.182781 0.459894 0.178482 0.593260 0.178483 0.459919 0.172849 0.593282 0.174184 0.459997 0.167216 0.593346 0.169886 0.460127 0.161583 0.593454 0.165588 0.460308 0.155951 0.593604 0.161292 0.460129 0.266781 0.593456 0.262776 0.593607 0.267071 0.460310 0.272414 0.459999 0.261148 0.593349 0.258478 0.459921 0.255514 0.593284 0.254180 0.459895 0.249881 0.593263 0.249881 0.459921 0.244247 0.593284 0.245582 0.459999 0.238614 0.593349 0.241284 0.460129 0.232981 0.593456 0.236987 0.946568 0.013316 0.953511 0.012644 0.953511 0.048896 0.847856 0.027243 0.881039 0.047845 0.881911 0.040924 0.917275 0.048896 0.845674 0.020617 0.884092 0.034298 0.844802 0.013696 0.887502 0.028213 0.953511 0.047845 0.954383 0.040924 0.989748 0.048896 0.892015 0.022893 0.956565 0.034299 0.897463 0.018537 
						0.959976 0.028213 0.903645 0.015304 0.917275 0.047845 0.918147 0.040925 0.964488 0.022894 0.910331 0.013315 0.920328 0.034298 0.969936 0.018536 0.917275 0.012644 0.923739 0.028213 0.976118 0.015304 0.881039 0.048896 0.874095 0.048226 0.928252 0.022894 0.982804 0.013316 0.867409 0.046237 0.933700 0.018537 0.989748 0.012645 0.861227 0.043005 0.939881 0.015305 0.618499 0.131047 0.621728 0.124821 0.626693 0.127718 0.623967 0.133355 0.628186 0.212280 0.629602 0.206878 0.639535 0.209963 0.638872 0.213688 0.641127 0.029289 0.647561 0.026187 0.649726 0.031806 0.643941 0.034372 0.641117 0.105830 0.643933 0.110913 0.625669 0.190575 0.630205 0.185504 0.634161 0.189521 0.630141 0.194042 0.621787 0.262268 0.625684 0.256602 0.630142 0.260093 0.626752 0.265176 0.618498 0.054496 0.621731 0.048272 0.626695 0.051171 0.623966 0.056807 0.647605 0.174148 0.654691 0.171789 0.656129 0.177983 0.649767 0.179763 0.635407 0.247092 0.641210 0.243303 0.644017 0.248385 0.638803 0.251654 0.647638 0.240207 0.649799 0.245821 0.615930 0.137884 0.621960 0.139571 0.654714 0.237848 0.656159 0.244040 0.631796 0.201924 0.640828 0.206505 0.618542 0.268496 0.624014 0.270816 
						0.634588 0.049521 0.638045 0.045600 0.644978 0.052709 0.642626 0.055438 0.628088 0.064338 0.638808 0.065754 0.651687 0.185432 0.657176 0.184193 0.658193 0.194893 0.654475 0.195430 0.635325 0.033091 0.638731 0.037646 0.593605 0.128720 0.603613 0.133384 0.645849 0.214192 0.650557 0.224944 0.615964 0.209333 0.618547 0.202463 0.624032 0.204762 0.622030 0.211037 0.615958 0.275341 0.621995 0.277039 0.647551 0.102726 0.649717 0.108346 0.635378 0.181048 0.638785 0.185600 0.630234 0.251543 0.634174 0.255579 0.625617 0.042620 0.630151 0.037548 0.634105 0.041563 0.630088 0.046088 0.658146 0.066259 0.654500 0.261500 0.658222 0.260963 0.658222 0.280286 0.644973 0.129251 0.651013 0.262686 0.642621 0.131977 0.647840 0.264449 0.640768 0.135101 0.645047 0.266726 0.639473 0.138561 0.638807 0.142292 0.658193 0.214192 0.639537 0.276044 0.650993 0.196616 0.638868 0.279780 0.647818 0.198382 0.658146 0.046949 0.654420 0.124026 0.658139 0.123490 0.716887 0.427978 0.358444 0.427975 0.358444 0.419076 0.716887 0.419078 0.358443 0.499173 0.000000 0.499171 0.000000 0.490272 0.358444 0.490273 0.788083 0.570366 0.429638 0.570364 0.429638 0.561466 0.788083 0.561467 
						0.788085 0.712753 0.429638 0.712752 0.429638 0.703853 0.788085 0.703853 0.788085 0.783946 0.429638 0.783945 0.429638 0.775046 0.788085 0.775046 0.358444 0.410177 0.716887 0.410179 0.000000 0.481373 0.358444 0.481374 0.429638 0.552567 0.788083 0.552568 0.429638 0.694954 0.788085 0.694954 0.429638 0.766147 0.788085 0.766147 0.358444 0.401278 0.716887 0.401280 0.000000 0.472474 0.358444 0.472475 0.429638 0.543668 0.788083 0.543669 0.429638 0.686055 0.788085 0.686055 0.429638 0.757248 0.788085 0.757248 0.358444 0.392379 0.716887 0.392381 0.000000 0.463575 0.358444 0.463575 0.429638 0.534769 0.788083 0.534769 0.429638 0.677156 0.788085 0.677156 0.429638 0.748349 0.788085 0.748349 0.358444 0.383481 0.716887 0.383481 0.000000 0.454676 0.358444 0.454676 0.429638 0.525870 0.788083 0.525870 0.429638 0.668258 0.788085 0.668257 0.429638 0.739450 0.788085 0.739450 0.358444 0.374582 0.716887 0.374582 0.000000 0.445778 0.358444 0.445777 0.429638 0.516971 0.788083 0.516971 0.429638 0.659359 0.788085 0.659359 0.429638 0.730551 0.788085 0.730551 0.358444 0.365683 0.716887 0.365683 0.000000 0.436879 0.358444 0.436878 0.429638 0.508073 0.788083 0.508072 
						0.429638 0.650460 0.788085 0.650459 0.429638 0.721653 0.788085 0.721652 0.358444 0.356784 0.716887 0.356783 0.000000 0.427980 0.358444 0.427978 0.429638 0.499174 0.788083 0.499172 0.429638 0.641561 0.788085 0.641560 0.429638 0.712754 0.788085 0.712753 0.358443 0.712757 0.000000 0.712755 0.000000 0.703856 0.358443 0.703857 0.000000 0.419077 0.358444 0.419078 0.358443 0.570368 0.000000 0.570365 0.000000 0.561466 0.358443 0.561468 0.788086 0.926331 0.429638 0.926331 0.429638 0.917432 0.788086 0.917432 0.859272 0.427978 0.859273 0.069530 0.868172 0.069530 0.868171 0.427978 0.000000 0.694957 0.358443 0.694958 0.000000 0.410178 0.358444 0.410179 0.000000 0.552567 0.358443 0.552569 0.429638 0.908533 0.788086 0.908533 0.877071 0.069530 0.877070 0.427978 0.000000 0.686058 0.358444 0.686060 0.000000 0.401279 0.358444 0.401280 0.000000 0.543669 0.358443 0.543670 0.429638 0.899634 0.788086 0.899634 0.885970 0.069530 0.885969 0.427978 0.000000 0.677159 0.358443 0.677160 0.000000 0.392380 0.358444 0.392381 0.000000 0.534770 0.358444 0.534770 0.429638 0.890735 0.788086 0.890735 0.894868 0.069530 0.894868 0.427978 0.000000 0.668261 0.358444 0.668260 
						0.000000 0.383481 0.358444 0.383481 0.000000 0.525871 0.358444 0.525870 0.429638 0.881836 0.788086 0.881836 0.903767 0.069530 0.903767 0.427978 0.000000 0.659362 0.358443 0.659361 0.000000 0.374583 0.358444 0.374582 0.000000 0.516972 0.358443 0.516971 0.429638 0.872937 0.788086 0.872937 0.912666 0.069530 0.912666 0.427978 0.000000 0.650463 0.358443 0.650462 0.000000 0.365684 0.358444 0.365683 0.000000 0.508073 0.358444 0.508073 0.429638 0.864038 0.788086 0.864038 0.921565 0.069530 0.921565 0.427978 0.000000 0.641564 0.358443 0.641562 0.000000 0.356785 0.358444 0.356783 0.000000 0.499175 0.358443 0.499173 0.429638 0.855139 0.788086 0.855139 0.930464 0.069530 0.930464 0.427978 0.000000 0.632661 0.358443 0.632663 0.000000 0.347882 0.358444 0.347883 0.716887 0.356783 0.358444 0.356781 0.358444 0.347882 0.716887 0.347883 0.429638 0.857615 0.071190 0.857614 0.071190 0.848716 0.429638 0.848716 0.716887 0.427978 0.716888 0.069530 0.725787 0.069530 0.725786 0.427978 0.000000 0.623762 0.358444 0.623764 0.000000 0.338983 0.358444 0.338984 0.358444 0.338983 0.716887 0.338984 0.071190 0.839817 0.429638 0.839817 0.734686 0.069530 0.734686 0.427978 
						0.000000 0.614864 0.358444 0.614865 0.000000 0.330084 0.358444 0.330086 0.358444 0.330084 0.716887 0.330086 0.071190 0.830918 0.429638 0.830918 0.743585 0.069530 0.743585 0.427978 0.000000 0.605965 0.358444 0.605965 0.000000 0.321185 0.358444 0.321186 0.358444 0.321185 0.716887 0.321186 0.071190 0.822019 0.429638 0.822019 0.752484 0.069530 0.752484 0.427978 0.000000 0.597066 0.358444 0.597065 0.000000 0.312287 0.358444 0.312286 0.358444 0.312286 0.716887 0.312286 0.071190 0.813120 0.429638 0.813120 0.761383 0.069530 0.761383 0.427978 0.000000 0.588167 0.358444 0.588166 0.000000 0.303388 0.358444 0.303387 0.358444 0.303388 0.716887 0.303387 0.071190 0.804221 0.429638 0.804221 0.770282 0.069530 0.770282 0.427978 0.000000 0.579268 0.358444 0.579267 0.000000 0.294489 0.358444 0.294488 0.358444 0.294489 0.716887 0.294488 0.071190 0.795322 0.429638 0.795322 0.779181 0.069530 0.779181 0.427978 0.000000 0.570369 0.358444 0.570368 0.000000 0.285590 0.358444 0.285588 0.358444 0.285590 0.716887 0.285588 0.071190 0.786423 0.429638 0.786423 0.788080 0.069530 0.788080 0.427978 0.429638 0.427978 0.788083 0.427981 0.788083 0.436880 0.429638 0.436878 
						0.358444 0.786423 0.358447 0.427978 0.367346 0.427978 0.367344 0.786423 0.429638 0.570366 0.788083 0.570369 0.788083 0.579268 0.429638 0.579266 0.788080 0.427978 0.788081 0.069530 0.796980 0.069530 0.796979 0.427978 0.429638 0.783946 0.788085 0.783947 0.788085 0.792846 0.429638 0.792845 0.788083 0.445779 0.429638 0.445777 0.376245 0.427978 0.376243 0.786423 0.788083 0.588166 0.429638 0.588165 0.805878 0.069530 0.805878 0.427978 0.788085 0.801745 0.429638 0.801744 0.788083 0.454678 0.429638 0.454676 0.385144 0.427978 0.385142 0.786423 0.788083 0.597065 0.429638 0.597064 0.814777 0.069530 0.814777 0.427978 0.788085 0.810644 0.429638 0.810643 0.788083 0.463576 0.429638 0.463575 0.394043 0.427978 0.394040 0.786423 0.788083 0.605964 0.429638 0.605963 0.823676 0.069530 0.823676 0.427978 0.788085 0.819543 0.429638 0.819542 0.788083 0.472475 0.429638 0.472474 0.402941 0.427978 0.402940 0.786423 0.788083 0.614863 0.429638 0.614863 0.832575 0.069530 0.832575 0.427978 0.788085 0.828442 0.429638 0.828441 0.788083 0.481374 0.429638 0.481373 0.411840 0.427978 0.411839 0.786423 0.788083 0.623762 0.429638 0.623762 0.841474 0.069530 0.841474 0.427978 
						0.788085 0.837340 0.429638 0.837340 0.788083 0.490273 0.429638 0.490272 0.420739 0.427978 0.420738 0.786423 0.788083 0.632661 0.429638 0.632661 0.850373 0.069530 0.850373 0.427978 0.788085 0.846239 0.429638 0.846239 0.788083 0.499172 0.429638 0.499172 0.429638 0.427978 0.429638 0.786423 0.788083 0.641559 0.429638 0.641560 0.859272 0.069530 0.859272 0.427978 0.788085 0.855138 0.429638 0.855139 0.843463 0.511438 0.842917 0.517037 0.831362 0.515241 0.843833 0.505970 0.844057 0.500637 0.844170 0.495355 0.844182 0.490065 0.844090 0.484707 0.843871 0.479218 0.843480 0.473540 0.801359 0.038230 0.800670 0.043843 0.801854 0.032766 0.802198 0.027410 0.802418 0.022113 0.802529 0.016816 0.802530 0.011460 0.802402 0.005984 0.802104 0.000322 0.842947 0.466319 0.842306 0.471942 0.843398 0.460845 0.843702 0.455488 0.843887 0.450190 0.843967 0.444890 0.843939 0.439526 0.843781 0.434033 0.843453 0.428352 0.712904 0.038728 0.712356 0.044349 0.713264 0.033258 0.713476 0.027897 0.713566 0.022589 0.713544 0.017274 0.713406 0.011888 0.700841 0.002360 0.792960 0.500761 0.792096 0.502602 0.788083 0.500220 0.788700 0.498985 0.662064 0.015111 0.662902 0.016900 
						0.658751 0.018639 0.658146 0.017437 0.793566 0.498866 0.789146 0.497685 0.793932 0.496931 0.789409 0.496335 0.794060 0.494976 0.789495 0.494962 0.793950 0.493018 0.789405 0.493587 0.793601 0.491075 0.789140 0.492231 0.793005 0.489163 0.788708 0.490912 0.792160 0.487308 0.788096 0.489667 0.751435 0.026268 0.750548 0.028042 0.746673 0.025624 0.747303 0.024430 0.752077 0.024424 0.747769 0.023165 0.752483 0.022533 0.748055 0.021847 0.752653 0.020613 0.748169 0.020500 0.752589 0.018684 0.748109 0.019147 0.752287 0.016764 0.747877 0.017809 0.751744 0.014870 0.747471 0.016508 0.750949 0.013025 0.746893 0.015267 0.792850 0.454720 0.791975 0.456502 0.788083 0.454114 0.788704 0.452915 0.793482 0.452867 0.789155 0.451640 0.793874 0.450969 0.789431 0.450316 0.794030 0.449045 0.789535 0.448966 0.793951 0.447113 0.789465 0.447610 0.793635 0.445192 0.789222 0.446270 0.793073 0.443297 0.788814 0.444965 0.792264 0.441456 0.788226 0.443729 0.662928 0.028153 0.662101 0.029930 0.658207 0.027652 0.658795 0.026455 0.663515 0.026311 0.659214 0.025186 0.663859 0.024431 0.659469 0.023879 0.663973 0.022531 0.659543 0.022547 0.663849 0.020629 0.659457 0.021215 
						0.663495 0.018747 0.659189 0.019906 0.677876 0.008142 0.669686 0.011277 0.689052 0.004928 0.819637 0.512779 0.731864 0.000431 0.731170 0.006439 0.860940 0.506133 0.854550 0.506314 0.860782 0.500787 0.854561 0.500846 0.860772 0.495539 0.854612 0.495480 0.860914 0.490302 0.854709 0.490121 0.861228 0.484980 0.854855 0.484670 0.861737 0.479454 0.855037 0.479021 0.862469 0.473522 0.855209 0.473037 0.819285 0.039023 0.819583 0.045136 0.812263 0.045046 0.812487 0.039053 0.819094 0.033326 0.812626 0.033340 0.819033 0.027883 0.812752 0.027827 0.819102 0.022575 0.812894 0.022422 0.819317 0.017313 0.813066 0.017028 0.819660 0.011984 0.813295 0.011572 0.820203 0.006447 0.813551 0.005958 0.820993 0.000555 0.813790 0.000000 0.860870 0.466930 0.861244 0.473020 0.853922 0.473037 0.854075 0.467050 0.860604 0.461287 0.854167 0.461319 0.860508 0.455855 0.854253 0.455830 0.860548 0.450559 0.854364 0.450439 0.860736 0.445296 0.854517 0.445061 0.861092 0.439969 0.854717 0.439604 0.861650 0.434455 0.854957 0.433955 0.862442 0.428548 0.855194 0.427978 0.730807 0.039089 0.731249 0.045164 0.723958 0.045258 0.724036 0.039278 0.730498 0.033424 0.724043 0.033578 
						0.730327 0.027999 0.724046 0.028069 0.730304 0.022698 0.724073 0.022655 0.730397 0.017407 0.724152 0.017254 0.730689 0.012032 0.724259 0.011758 0.868468 0.516750 0.867383 0.511080 0.738453 0.001680 0.460308 0.129619 0.460310 0.227349 0.593607 0.232690 0.000328 0.142795 0.000192 0.133878 0.000090 0.124955 0.000025 0.116031 0.000000 0.107105 0.000016 0.098178 0.000072 0.089251 0.000168 0.080324 0.000300 0.071398 0.000328 0.071398 0.000192 0.062480 0.000090 0.053558 0.000025 0.044633 0.000000 0.035707 0.000016 0.026780 0.000072 0.017853 0.000167 0.008926 0.000300 0.000000 0.000328 0.214192 0.000192 0.205275 0.000090 0.196353 0.000025 0.187428 0.000000 0.178502 0.000016 0.169575 0.000072 0.160648 0.000168 0.151721 0.000300 0.142795 0.000327 0.285588 0.000192 0.276671 0.000090 0.267749 0.000025 0.258825 0.000000 0.249899 0.000016 0.240972 0.000072 0.232045 0.000168 0.223119 0.000300 0.214192 0.412748 0.999998 0.071190 1.000000 0.621781 0.196229 0.654644 0.100363 0.615925 0.061333 0.641175 0.177248 0.654654 0.023826 0.638114 0.259611 0.643987 0.182328 0.642059 0.118787 0.646603 0.116056 0.657138 0.036243 0.626752 0.199127 0.629540 0.135456 
						0.631733 0.130512 0.646683 0.253528 0.651719 0.251493 0.646653 0.187466 0.651638 0.114021 0.657131 0.112783 0.628137 0.278359 0.629592 0.272927 0.634586 0.126067 0.638040 0.122141 0.642137 0.256256 0.656084 0.106565 0.642124 0.190194 0.656093 0.030027 0.657209 0.250253 0.628092 0.140881 0.621954 0.063024 0.593605 0.124277 
					</float_array>
					<technique_common>
						<accessor count="1298" offset="0" source="#meshId0-tex0-array" stride="2">
							<param name="S" type="float" />
							<param name="T" type="float" />
						</accessor>
					</technique_common>
				</source>
				<vertices id="meshId0-vertices">
					<input semantic="POSITION" source="#meshId0-positions" />
				</vertices>
				<polylist count="1728" material="defaultMaterial">
					<input offset="0" semantic="VERTEX" source="#meshId0-vertices" />
					<input offset="0" semantic="NORMAL" source="#meshId0-normals" />
					<input offset="0" semantic="TANGENT" source="#meshId0-tangents" />
					<input offset="0" semantic="BINORMAL" source="#meshId0-bitangents" />
					<input offset="0" semantic="TEXCOORD" source="#meshId0-tex0" set="0" />
					<vcount>
						3 3 3 3 3 3 3 3 3 3 3 3 3 3 3 3 3 3 3 3 3 3 3 3 3 3 3 3 3 3 3 3 3 3 3 3 3 3 3 3 3 3 3 3 3 3 3 3 3 3 3 3 3 3 3 3 3 3 3 3 3 3 3 3 
						3 3 3 3 3 3 3 3 3 3 3 3 3 3 3 3 3 3 3 3 3 3 3 3 3 3 3 3 3 3 3 3 3 3 3 3 3 3 3 3 3 3 3 3 3 3 3 3 3 3 3 3 3 3 3 3 3 3 3 3 3 3 3 3 
						3 3 3 3 3 3 3 3 3 3 3 3 3 3 3 3 3 3 3 3 3 3 3 3 3 3 3 3 3 3 3 3 3 3 3 3 3 3 3 3 3 3 3 3 3 3 3 3 3 3 3 3 3 3 3 3 3 3 3 3 3 3 3 3 
						3 3 3 3 3 3 3 3 3 3 3 3 3 3 3 3 3 3 3 3 3 3 3 3 3 3 3 3 3 3 3 3 3 3 3 3 3 3 3 3 3 3 3 3 3 3 3 3 3 3 3 3 3 3 3 3 3 3 3 3 3 3 3 3 
						3 3 3 3 3 3 3 3 3 3 3 3 3 3 3 3 3 3 3 3 3 3 3 3 3 3 3 3 3 3 3 3 3 3 3 3 3 3 3 3 3 3 3 3 3 3 3 3 3 3 3 3 3 3 3 3 3 3 3 3 3 3 3 3 
						3 3 3 3 3 3 3 3 3 3 3 3 3 3 3 3 3 3 3 3 3 3 3 3 3 3 3 3 3 3 3 3 3 3 3 3 3 3 3 3 3 3 3 3 3 3 3 3 3 3 3 3 3 3 3 3 3 3 3 3 3 3 3 3 
						3 3 3 3 3 3 3 3 3 3 3 3 3 3 3 3 3 3 3 3 3 3 3 3 3 3 3 3 3 3 3 3 3 3 3 3 3 3 3 3 3 3 3 3 3 3 3 3 3 3 3 3 3 3 3 3 3 3 3 3 3 3 3 3 
						3 3 3 3 3 3 3 3 3 3 3 3 3 3 3 3 3 3 3 3 3 3 3 3 3 3 3 3 3 3 3 3 3 3 3 3 3 3 3 3 3 3 3 3 3 3 3 3 3 3 3 3 3 3 3 3 3 3 3 3 3 3 3 3 
						3 3 3 3 3 3 3 3 3 3 3 3 3 3 3 3 3 3 3 3 3 3 3 3 3 3 3 3 3 3 3 3 3 3 3 3 3 3 3 3 3 3 3 3 3 3 3 3 3 3 3 3 3 3 3 3 3 3 3 3 3 3 3 3 
						3 3 3 3 3 3 3 3 3 3 3 3 3 3 3 3 3 3 3 3 3 3 3 3 3 3 3 3 3 3 3 3 3 3 3 3 3 3 3 3 3 3 3 3 3 3 3 3 3 3 3 3 3 3 3 3 3 3 3 3 3 3 3 3 
						3 3 3 3 3 3 3 3 3 3 3 3 3 3 3 3 3 3 3 3 3 3 3 3 3 3 3 3 3 3 3 3 3 3 3 3 3 3 3 3 3 3 3 3 3 3 3 3 3 3 3 3 3 3 3 3 3 3 3 3 3 3 3 3 
						3 3 3 3 3 3 3 3 3 3 3 3 3 3 3 3 3 3 3 3 3 3 3 3 3 3 3 3 3 3 3 3 3 3 3 3 3 3 3 3 3 3 3 3 3 3 3 3 3 3 3 3 3 3 3 3 3 3 3 3 3 3 3 3 
						3 3 3 3 3 3 3 3 3 3 3 3 3 3 3 3 3 3 3 3 3 3 3 3 3 3 3 3 3 3 3 3 3 3 3 3 3 3 3 3 3 3 3 3 3 3 3 3 3 3 3 3 3 3 3 3 3 3 3 3 3 3 3 3 
						3 3 3 3 3 3 3 3 3 3 3 3 3 3 3 3 3 3 3 3 3 3 3 3 3 3 3 3 3 3 3 3 3 3 3 3 3 3 3 3 3 3 3 3 3 3 3 3 3 3 3 3 3 3 3 3 3 3 3 3 3 3 3 3 
						3 3 3 3 3 3 3 3 3 3 3 3 3 3 3 3 3 3 3 3 3 3 3 3 3 3 3 3 3 3 3 3 3 3 3 3 3 3 3 3 3 3 3 3 3 3 3 3 3 3 3 3 3 3 3 3 3 3 3 3 3 3 3 3 
						3 3 3 3 3 3 3 3 3 3 3 3 3 3 3 3 3 3 3 3 3 3 3 3 3 3 3 3 3 3 3 3 3 3 3 3 3 3 3 3 3 3 3 3 3 3 3 3 3 3 3 3 3 3 3 3 3 3 3 3 3 3 3 3 
						3 3 3 3 3 3 3 3 3 3 3 3 3 3 3 3 3 3 3 3 3 3 3 3 3 3 3 3 3 3 3 3 3 3 3 3 3 3 3 3 3 3 3 3 3 3 3 3 3 3 3 3 3 3 3 3 3 3 3 3 3 3 3 3 
						3 3 3 3 3 3 3 3 3 3 3 3 3 3 3 3 3 3 3 3 3 3 3 3 3 3 3 3 3 3 3 3 3 3 3 3 3 3 3 3 3 3 3 3 3 3 3 3 3 3 3 3 3 3 3 3 3 3 3 3 3 3 3 3 
						3 3 3 3 3 3 3 3 3 3 3 3 3 3 3 3 3 3 3 3 3 3 3 3 3 3 3 3 3 3 3 3 3 3 3 3 3 3 3 3 3 3 3 3 3 3 3 3 3 3 3 3 3 3 3 3 3 3 3 3 3 3 3 3 
						3 3 3 3 3 3 3 3 3 3 3 3 3 3 3 3 3 3 3 3 3 3 3 3 3 3 3 3 3 3 3 3 3 3 3 3 3 3 3 3 3 3 3 3 3 3 3 3 3 3 3 3 3 3 3 3 3 3 3 3 3 3 3 3 
						3 3 3 3 3 3 3 3 3 3 3 3 3 3 3 3 3 3 3 3 3 3 3 3 3 3 3 3 3 3 3 3 3 3 3 3 3 3 3 3 3 3 3 3 3 3 3 3 3 3 3 3 3 3 3 3 3 3 3 3 3 3 3 3 
						3 3 3 3 3 3 3 3 3 3 3 3 3 3 3 3 3 3 3 3 3 3 3 3 3 3 3 3 3 3 3 3 3 3 3 3 3 3 3 3 3 3 3 3 3 3 3 3 3 3 3 3 3 3 3 3 3 3 3 3 3 3 3 3 
						3 3 3 3 3 3 3 3 3 3 3 3 3 3 3 3 3 3 3 3 3 3 3 3 3 3 3 3 3 3 3 3 3 3 3 3 3 3 3 3 3 3 3 3 3 3 3 3 3 3 3 3 3 3 3 3 3 3 3 3 3 3 3 3 
						3 3 3 3 3 3 3 3 3 3 3 3 3 3 3 3 3 3 3 3 3 3 3 3 3 3 3 3 3 3 3 3 3 3 3 3 3 3 3 3 3 3 3 3 3 3 3 3 3 3 3 3 3 3 3 3 3 3 3 3 3 3 3 3 
						3 3 3 3 3 3 3 3 3 3 3 3 3 3 3 3 3 3 3 3 3 3 3 3 3 3 3 3 3 3 3 3 3 3 3 3 3 3 3 3 3 3 3 3 3 3 3 3 3 3 3 3 3 3 3 3 3 3 3 3 3 3 3 3 
						3 3 3 3 3 3 3 3 3 3 3 3 3 3 3 3 3 3 3 3 3 3 3 3 3 3 3 3 3 3 3 3 3 3 3 3 3 3 3 3 3 3 3 3 3 3 3 3 3 3 3 3 3 3 3 3 3 3 3 3 3 3 3 3 
						3 3 3 3 3 3 3 3 3 3 3 3 3 3 3 3 3 3 3 3 3 3 3 3 3 3 3 3 3 3 3 3 3 3 3 3 3 3 3 3 3 3 3 3 3 3 3 3 3 3 3 3 3 3 3 3 3 3 3 3 3 3 3 3 
					</vcount>
					<p>
						3 0 1 1 2 3 7 4 5 5 6 7 9 7 6 6 8 9 11 9 8 8 10 11 13 11 10 10 12 13 15 13 12 12 14 15 19 16 17 17 18 19 21 19 18 18 20 21 23 21 20 20 22 23 25 23 22 22 24 25 27 25 24 24 26 27 29 27 26 26 28 29 31 29 28 28 30 31 33 31 30 30 32 33 37 34 35 35 36 37 39 37 36 36 38 39 41 39 38 38 40 41 43 41 40 40 42 43 45 43 42 42 44 45 47 45 44 44 46 47 49 47 46 46 48 49 51 49 48 48 50 51 55 52 53 53 54 55 57 55 54 54 56 57 59 57 56 56 58 59 61 59 58 58 60 61 63 61 60 60 62 63 65 63 62 62 64 65 67 65 64 64 66 67 71 68 69 69 70 71 73 67 66 66 72 73 77 74 75 75 76 77 
						78 79 80 84 81 82 82 83 84 88 85 86 86 87 88 92 89 90 90 91 92 96 93 94 94 95 96 100 97 98 98 99 100 104 101 102 102 103 104 106 105 74 74 77 106 108 107 81 81 84 108 110 109 85 85 88 110 112 111 89 89 92 112 116 113 114 114 115 116 118 117 97 97 100 118 120 119 101 101 104 120 76 75 121 121 122 76 83 82 123 123 124 83 87 86 125 125 126 87 130 127 128 128 129 130 91 90 131 131 132 91 95 94 133 133 134 95 99 98 135 135 136 99 103 102 137 137 138 103 122 121 139 139 140 122 124 123 141 141 142 124 126 125 143 143 144 126 148 145 146 146 147 148 152 149 150 150 151 152 156 153 154 154 155 156 160 157 158 158 159 160 164 161 162 162 163 164 166 165 157 157 160 166 168 167 161 161 164 168 172 169 170 
						170 171 172 176 173 174 174 175 176 180 177 178 178 179 180 184 181 182 182 183 184 188 185 186 186 187 188 192 189 190 190 191 192 196 193 194 194 195 196 198 197 68 68 71 198 200 199 173 173 176 200 202 201 177 177 180 202 204 203 181 181 184 204 206 205 189 189 192 206 208 207 193 193 196 208 210 209 197 197 198 210 212 211 199 199 200 212 214 213 201 201 202 214 218 215 216 216 217 218 222 219 220 220 221 222 226 223 224 224 225 226 228 227 205 205 206 228 230 229 207 207 208 230 232 231 209 209 210 232 234 233 211 211 212 234 238 235 236 236 237 238 70 69 215 215 218 70 175 174 223 223 226 175 179 178 227 227 228 179 183 182 229 229 230 183 240 239 231 231 232 240 191 190 241 241 242 191 195 194 235 235 238 195 246 243 244 244 245 246 250 247 248 
						248 249 250 252 251 169 169 172 252 254 253 247 247 250 254 256 255 253 253 254 256 245 244 251 251 252 245 258 257 255 255 256 258 262 259 260 260 261 262 264 263 257 257 258 264 266 265 259 259 262 266 270 267 268 268 269 270 272 271 265 265 266 272 276 273 274 274 275 276 278 277 271 271 272 278 280 279 273 273 276 280 282 281 277 277 278 282 284 283 279 279 280 284 286 285 281 281 282 286 290 287 288 288 289 290 275 274 267 267 270 275 292 291 285 285 286 292 294 293 287 287 290 294 296 295 291 291 292 296 298 297 293 293 294 298 302 299 300 300 301 302 171 170 297 297 298 171 249 248 299 299 302 249 306 303 304 304 305 306 227 307 308 308 205 227 69 309 310 310 215 69 178 311 307 307 227 178 68 312 309 309 69 68 177 313 311 311 178 177 317 314 315 
						315 316 317 197 318 312 312 68 197 201 319 313 313 177 201 224 320 314 314 317 224 209 321 318 318 197 209 213 322 319 319 201 213 223 323 320 320 224 223 231 324 321 321 209 231 235 325 326 326 236 235 174 327 323 323 223 174 239 328 324 324 231 239 194 329 325 325 235 194 173 330 327 327 174 173 332 331 328 328 239 332 193 333 329 329 194 193 199 334 330 330 173 199 207 335 333 333 193 207 211 336 334 334 199 211 229 337 335 335 207 229 233 338 336 336 211 233 182 339 337 337 229 182 190 340 341 341 241 190 181 342 339 339 182 181 189 343 340 340 190 189 203 344 342 342 181 203 205 308 343 343 189 205 345 346 347 269 268 348 348 349 269 353 350 351 351 352 353 355 354 303 303 306 355 359 356 357 357 358 359 361 360 350 350 353 361 365 362 363 363 364 365 
						367 366 356 356 359 367 369 368 360 360 361 369 371 370 362 362 365 371 373 372 366 366 367 373 349 348 374 374 375 349 377 376 370 370 371 377 379 378 372 372 373 379 381 380 376 376 377 381 383 382 378 378 379 383 385 384 380 380 381 385 387 386 382 382 383 387 389 388 384 384 385 389 393 390 391 391 392 393 395 394 388 388 389 395 397 396 390 390 393 397 399 398 394 394 395 399 401 400 396 396 397 401 405 402 403 403 404 405 407 406 400 400 401 407 409 408 402 402 405 409 411 410 406 406 407 411 413 412 408 408 409 413 305 304 410 410 411 305 417 414 415 415 416 417 352 351 412 412 413 352 421 418 419 419 420 421 418 422 423 423 419 418 422 424 425 425 423 422 424 426 427 427 425 424 426 428 429 429 427 426 428 430 431 431 429 428 430 432 433 433 431 430 
						432 434 435 435 433 432 439 436 437 437 438 439 436 440 441 441 437 436 440 442 443 443 441 440 442 444 445 445 443 442 444 446 447 447 445 444 446 448 449 449 447 446 448 450 451 451 449 448 450 452 453 453 451 450 457 454 455 455 456 457 454 458 459 459 455 454 458 460 461 461 459 458 460 462 463 463 461 460 462 464 465 465 463 462 464 466 467 467 465 464 466 468 469 469 467 466 468 470 471 471 469 468 475 472 473 473 474 475 472 476 477 477 473 472 476 478 479 479 477 476 478 480 481 481 479 478 480 482 483 483 481 480 482 3 2 2 483 482 4 484 485 485 5 4 0 486 487 487 1 0 484 488 489 489 485 484 215 310 490 490 216 215 494 491 492 492 493 494 491 495 496 496 492 491 495 497 498 498 496 495 497 499 500 500 498 497 499 501 502 502 500 499 
						501 503 504 504 502 501 503 505 506 506 504 503 510 507 508 508 509 510 507 511 512 512 508 507 511 513 514 514 512 511 513 515 516 516 514 513 515 517 518 518 516 515 517 519 520 520 518 517 519 521 522 522 520 519 521 523 524 524 522 521 528 525 526 526 527 528 525 529 530 530 526 525 529 531 532 532 530 529 531 533 534 534 532 531 533 535 536 536 534 533 535 537 538 538 536 535 537 539 540 540 538 537 539 541 542 542 540 539 546 543 544 544 545 546 543 547 548 548 544 543 547 549 550 550 548 547 549 551 552 552 550 549 551 553 554 554 552 551 553 555 556 556 554 553 555 557 558 558 556 555 559 560 561 346 562 347 563 564 565 562 566 347 564 567 565 566 568 347 567 569 565 570 571 572 569 573 565 571 574 572 573 575 565 574 576 572 575 577 565 578 579 561 
						576 580 572 577 581 565 579 582 561 580 583 572 581 584 565 582 585 561 583 586 572 587 588 347 585 589 561 586 590 572 588 591 347 589 592 561 590 593 572 591 594 347 592 595 561 594 345 347 595 559 561 599 596 597 597 598 599 603 600 601 601 602 603 607 604 605 605 606 607 159 158 608 608 609 159 613 610 611 611 612 613 617 614 615 615 616 617 621 618 619 619 620 621 625 622 623 623 624 625 629 626 627 627 628 629 628 627 630 630 631 628 633 632 596 596 599 633 631 630 634 634 635 631 602 601 636 636 637 602 639 638 614 614 617 639 643 640 641 641 642 643 645 644 145 145 148 645 649 646 647 647 648 649 651 650 604 604 607 651 653 652 119 119 120 653 142 141 654 654 655 142 140 139 113 113 116 140 138 137 111 111 112 138 136 135 109 109 110 136 134 133 107 
						107 108 134 129 128 105 105 106 129 598 597 165 165 166 598 659 656 657 657 658 659 661 660 638 638 639 661 609 608 662 662 663 609 612 611 664 664 665 612 667 666 626 626 629 667 671 668 669 669 670 671 147 643 672 673 674 675 676 78 80 148 147 672 677 673 675 678 676 80 645 148 672 679 677 675 680 678 80 681 679 675 682 680 80 151 681 675 683 682 80 152 151 675 649 648 684 685 152 675 686 649 684 687 685 675 688 686 684 163 689 672 155 688 684 164 163 672 156 155 684 168 164 672 637 156 684 690 691 80 642 168 672 602 637 684 79 690 80 643 642 672 603 602 684 695 692 693 693 694 695 699 696 697 697 698 699 703 700 701 701 702 703 707 704 705 705 706 707 711 708 709 709 710 711 713 695 694 694 712 713 715 699 698 698 714 715 717 703 702 702 716 717 
						719 707 706 706 718 719 721 711 710 710 720 721 723 713 712 712 722 723 725 715 714 714 724 725 727 717 716 716 726 727 729 719 718 718 728 729 731 721 720 720 730 731 733 723 722 722 732 733 735 725 724 724 734 735 737 727 726 726 736 737 739 729 728 728 738 739 741 731 730 730 740 741 743 733 732 732 742 743 745 735 734 734 744 745 747 737 736 736 746 747 749 739 738 738 748 749 751 741 740 740 750 751 753 743 742 742 752 753 755 745 744 744 754 755 757 747 746 746 756 757 759 749 748 748 758 759 761 751 750 750 760 761 763 753 752 752 762 763 765 755 754 754 764 765 767 757 756 756 766 767 769 759 758 758 768 769 771 761 760 760 770 771 773 763 762 762 772 773 775 765 764 764 774 775 777 767 766 766 776 777 779 769 768 768 778 779 781 771 770 770 780 781 
						785 782 783 783 784 785 787 775 774 774 786 787 791 788 789 789 790 791 795 792 793 793 794 795 799 796 797 797 798 799 801 785 784 784 800 801 803 787 786 786 802 803 805 791 790 790 804 805 807 795 794 794 806 807 809 799 798 798 808 809 811 801 800 800 810 811 813 803 802 802 812 813 815 805 804 804 814 815 817 807 806 806 816 817 819 809 808 808 818 819 821 811 810 810 820 821 823 813 812 812 822 823 825 815 814 814 824 825 827 817 816 816 826 827 829 819 818 818 828 829 831 821 820 820 830 831 833 823 822 822 832 833 835 825 824 824 834 835 837 827 826 826 836 837 839 829 828 828 838 839 841 831 830 830 840 841 843 833 832 832 842 843 845 835 834 834 844 845 847 837 836 836 846 847 849 839 838 838 848 849 851 841 840 840 850 851 853 843 842 842 852 853 
						855 845 844 844 854 855 857 847 846 846 856 857 859 849 848 848 858 859 861 851 850 850 860 861 863 853 852 852 862 863 865 855 854 854 864 865 867 857 856 856 866 867 869 859 858 858 868 869 871 861 860 860 870 871 873 863 862 862 872 873 877 874 875 875 876 877 881 878 879 879 880 881 885 882 883 883 884 885 887 871 870 870 886 887 889 873 872 872 888 889 891 877 876 876 890 891 893 881 880 880 892 893 895 885 884 884 894 895 897 887 886 886 896 897 899 889 888 888 898 899 901 891 890 890 900 901 903 893 892 892 902 903 905 895 894 894 904 905 907 897 896 896 906 907 909 899 898 898 908 909 911 901 900 900 910 911 913 903 902 902 912 913 915 905 904 904 914 915 917 907 906 906 916 917 919 909 908 908 918 919 921 911 910 910 920 921 923 913 912 912 922 923 
						925 915 914 914 924 925 927 917 916 916 926 927 929 919 918 918 928 929 931 921 920 920 930 931 933 923 922 922 932 933 935 925 924 924 934 935 937 927 926 926 936 937 939 929 928 928 938 939 941 931 930 930 940 941 943 933 932 932 942 943 945 935 934 934 944 945 947 937 936 936 946 947 949 939 938 938 948 949 951 941 940 940 950 951 953 943 942 942 952 953 955 945 944 944 954 955 959 956 957 957 958 959 963 960 961 961 962 963 967 964 965 965 966 967 971 968 969 969 970 971 975 972 973 973 974 975 977 959 958 958 976 977 979 963 962 962 978 979 981 967 966 966 980 981 983 971 970 970 982 983 985 975 974 974 984 985 987 977 976 976 986 987 989 979 978 978 988 989 991 981 980 980 990 991 993 983 982 982 992 993 995 985 984 984 994 995 997 987 986 986 996 997 
						999 989 988 988 998 999 1001 991 990 990 1000 1001 1003 993 992 992 1002 1003 1005 995 994 994 1004 1005 1007 997 996 996 1006 1007 1009 999 998 998 1008 1009 1011 1001 1000 1000 1010 1011 1013 1003 1002 1002 1012 1013 1015 1005 1004 1004 1014 1015 1017 1007 1006 1006 1016 1017 1019 1009 1008 1008 1018 1019 1021 1011 1010 1010 1020 1021 1023 1013 1012 1012 1022 1023 1025 1015 1014 1014 1024 1025 1027 1017 1016 1016 1026 1027 1029 1019 1018 1018 1028 1029 1031 1021 1020 1020 1030 1031 1033 1023 1022 1022 1032 1033 1035 1025 1024 1024 1034 1035 1037 1027 1026 1026 1036 1037 1039 1029 1028 1028 1038 1039 1041 1031 1030 1030 1040 1041 1043 1033 1032 1032 1042 1043 1045 1035 1034 1034 1044 1045 374 1046 1047 1047 1048 374 348 1049 1046 1046 374 348 268 1050 1049 1049 348 268 267 1051 1050 1050 268 267 274 1052 1051 1051 267 274 273 1053 1052 1052 274 273 279 1054 1053 1053 273 279 283 1055 1054 1054 279 283 
						287 1056 1057 1057 288 287 293 1058 1056 1056 287 293 297 1059 1058 1058 293 297 170 1060 1059 1059 297 170 169 1061 1060 1060 170 169 251 1062 1061 1061 169 251 244 1063 1062 1062 251 244 243 1064 1063 1063 244 243 259 1065 1066 1066 260 259 265 1067 1065 1065 259 265 271 1068 1067 1067 265 271 277 1069 1068 1068 271 277 281 1070 1069 1069 277 281 285 1071 1070 1070 281 285 291 1072 1071 1071 285 291 295 1073 1072 1072 291 295 299 1074 1075 1075 300 299 248 1076 1074 1074 299 248 247 1077 1076 1076 248 247 253 1078 1077 1077 247 253 255 1079 1078 1078 253 255 257 1080 1079 1079 255 257 263 187 1080 1080 257 263 1081 188 187 187 263 1081 1085 1082 1083 1083 1084 1085 1089 1086 1087 1087 1088 1089 1091 1090 1082 1082 1085 1091 1093 1092 1090 1090 1091 1093 1095 1094 1092 1092 1093 1095 1097 1096 1094 1094 1095 1097 1099 1098 1096 1096 1097 1099 1101 1100 1098 1098 1099 1101 
						1103 1102 1100 1100 1101 1103 1107 1104 1105 1105 1106 1107 1109 1108 1104 1104 1107 1109 1111 1110 1108 1108 1109 1111 1113 1112 1110 1110 1111 1113 1115 1114 1112 1112 1113 1115 1117 1116 1114 1114 1115 1117 1119 1118 1116 1116 1117 1119 1121 1120 1118 1118 1119 1121 1125 1122 1123 1123 1124 1125 1127 1126 1122 1122 1125 1127 1129 1128 1126 1126 1127 1129 1131 1130 1128 1128 1129 1131 1133 1132 1130 1130 1131 1133 1135 1134 1132 1132 1133 1135 1137 1136 1134 1134 1135 1137 1139 1138 1136 1136 1137 1139 1143 1140 1141 1141 1142 1143 1145 1144 1140 1140 1143 1145 1147 1146 1144 1144 1145 1147 1149 1148 1146 1146 1147 1149 1151 1150 1148 1148 1149 1151 1153 1152 1150 1150 1151 1153 1088 1087 1152 1152 1153 1088 358 357 414 414 417 358 1155 1154 368 368 369 1155 416 1083 1082 1082 417 416 417 1082 1090 1090 358 417 358 1090 1092 1092 359 358 359 1092 1094 1094 367 359 367 1094 1096 1096 373 367 373 1096 1098 1098 379 373 
						379 1098 1100 1100 383 379 383 1100 1102 1102 387 383 392 1105 1104 1104 393 392 393 1104 1108 1108 397 393 397 1108 1110 1110 401 397 401 1110 1112 1112 407 401 407 1112 1114 1114 411 407 411 1114 1116 1116 305 411 305 1116 1118 1118 306 305 306 1118 1120 1120 355 306 364 1123 1122 1122 365 364 365 1122 1126 1126 371 365 371 1126 1128 1128 377 371 377 1128 1130 1130 381 377 381 1130 1132 1132 385 381 385 1132 1134 1134 389 385 389 1134 1136 1136 395 389 395 1136 1138 1138 399 395 404 1141 1140 1140 405 404 405 1140 1144 1144 409 405 409 1144 1146 1146 413 409 413 1146 1148 1148 352 413 352 1148 1150 1150 353 352 353 1150 1152 1152 361 353 361 1152 1087 1087 369 361 369 1087 1086 1086 1155 369 1156 1081 263 263 264 1156 414 375 1157 1157 415 414 357 349 375 375 414 357 356 269 349 349 357 356 366 270 269 269 356 366 372 275 270 270 366 372 
						378 276 275 275 372 378 382 280 276 276 378 382 386 284 280 280 382 386 390 290 289 289 391 390 396 294 290 290 390 396 400 298 294 294 396 400 406 171 298 298 400 406 410 172 171 171 406 410 304 252 172 172 410 304 303 245 252 252 304 303 354 246 245 245 303 354 362 262 261 261 363 362 370 266 262 262 362 370 376 272 266 266 370 376 380 278 272 272 376 380 384 282 278 278 380 384 388 286 282 282 384 388 394 292 286 286 388 394 398 296 292 292 394 398 402 302 301 301 403 402 408 249 302 302 402 408 412 250 249 249 408 412 351 254 250 250 412 351 350 256 254 254 351 350 360 258 256 256 350 360 368 264 258 258 360 368 1154 1156 264 264 368 1154 375 374 1048 1048 1157 375 185 1158 1159 1159 186 185 1161 1160 219 219 222 1161 1163 1162 1160 1160 1161 1163 1165 1164 1162 1162 1163 1165 
						1167 1166 1164 1164 1165 1167 1169 1168 1166 1166 1167 1169 1171 1170 1168 1168 1169 1171 1173 1172 1170 1170 1171 1173 1177 1174 1175 1175 1176 1177 1179 1178 1174 1174 1177 1179 1181 1180 1178 1178 1179 1181 1183 1182 1180 1180 1181 1183 1185 1184 1182 1182 1183 1185 1187 1186 1184 1184 1185 1187 1189 1188 1186 1186 1187 1189 1191 1190 1188 1188 1189 1191 1195 1192 1193 1193 1194 1195 1197 1196 1192 1192 1195 1197 1199 1198 1196 1196 1197 1199 1201 1200 1198 1198 1199 1201 1203 1202 1200 1200 1201 1203 1205 1204 1202 1202 1203 1205 1207 1206 1204 1204 1205 1207 1209 1208 1206 1206 1207 1209 1213 1210 1211 1211 1212 1213 1215 1214 1210 1210 1213 1215 1217 1216 1214 1214 1215 1217 1219 1218 1216 1216 1217 1219 1221 1220 1218 1218 1219 1221 1223 1222 1220 1220 1221 1223 186 1159 1222 1222 1223 186 1225 317 316 316 1224 1225 225 224 317 317 1225 225 1224 220 219 219 1225 1224 1225 219 1160 1160 225 1225 225 1160 1162 1162 226 225 
						226 1162 1164 1164 175 226 175 1164 1166 1166 176 175 176 1166 1168 1168 200 176 200 1168 1170 1170 212 200 212 1170 1172 1172 234 212 242 1175 1174 1174 191 242 191 1174 1178 1178 192 191 192 1178 1180 1180 206 192 206 1180 1182 1182 228 206 228 1182 1184 1184 179 228 179 1184 1186 1186 180 179 180 1186 1188 1188 202 180 202 1188 1190 1190 214 202 237 1193 1192 1192 238 237 238 1192 1196 1196 195 238 195 1196 1198 1198 196 195 196 1198 1200 1200 208 196 208 1200 1202 1202 230 208 230 1202 1204 1204 183 230 183 1204 1206 1206 184 183 184 1206 1208 1208 204 184 217 1211 1210 1210 218 217 218 1210 1214 1214 70 218 70 1214 1216 1216 71 70 71 1216 1218 1218 198 71 198 1218 1220 1220 210 198 210 1220 1222 1222 232 210 232 1222 1159 1159 240 232 240 1159 1158 1158 1226 240 1226 332 239 239 240 1226 187 186 1223 1223 1080 187 1080 1223 1221 1221 1079 1080 
						1079 1221 1219 1219 1078 1079 1078 1219 1217 1217 1077 1078 1077 1217 1215 1215 1076 1077 1076 1215 1213 1213 1074 1076 1074 1213 1212 1212 1075 1074 1073 1209 1207 1207 1072 1073 1072 1207 1205 1205 1071 1072 1071 1205 1203 1203 1070 1071 1070 1203 1201 1201 1069 1070 1069 1201 1199 1199 1068 1069 1068 1199 1197 1197 1067 1068 1067 1197 1195 1195 1065 1067 1065 1195 1194 1194 1066 1065 1064 1191 1189 1189 1063 1064 1063 1189 1187 1187 1062 1063 1062 1187 1185 1185 1061 1062 1061 1185 1183 1183 1060 1061 1060 1183 1181 1181 1059 1060 1059 1181 1179 1179 1058 1059 1058 1179 1177 1177 1056 1058 1056 1177 1176 1176 1057 1056 1055 1173 1171 1171 1054 1055 1054 1171 1169 1169 1053 1054 1053 1169 1167 1167 1052 1053 1052 1167 1165 1165 1051 1052 1051 1165 1163 1163 1050 1051 1050 1163 1161 1161 1049 1050 1049 1161 222 222 1046 1049 1046 222 221 221 1047 1046 419 494 1227 1227 420 419 423 491 494 494 419 423 425 495 491 491 423 425 
						427 497 495 495 425 427 429 499 497 497 427 429 431 501 499 499 429 431 433 503 501 501 431 433 435 505 503 503 433 435 437 507 510 510 438 437 441 511 507 507 437 441 443 513 511 511 441 443 445 515 513 513 443 445 447 517 515 515 445 447 449 519 517 517 447 449 451 521 519 519 449 451 453 523 521 521 451 453 455 525 528 528 456 455 459 529 525 525 455 459 461 531 529 529 459 461 463 533 531 531 461 463 465 535 533 533 463 465 467 537 535 535 465 467 469 539 537 537 467 469 471 541 539 539 469 471 473 543 546 546 474 473 477 547 543 543 473 477 479 549 547 547 477 479 481 551 549 549 479 481 483 553 551 551 481 483 2 555 553 553 483 2 1 557 555 555 2 1 487 1228 557 557 1 487 557 1228 1229 1229 558 557 1231 418 421 421 1230 1231 1232 422 418 418 1231 1232 
						1233 424 422 422 1232 1233 1234 426 424 424 1233 1234 1235 428 426 426 1234 1235 1236 430 428 428 1235 1236 1237 432 430 430 1236 1237 1238 434 432 432 1237 1238 1240 436 439 439 1239 1240 1241 440 436 436 1240 1241 1242 442 440 440 1241 1242 1243 444 442 442 1242 1243 1244 446 444 444 1243 1244 1245 448 446 446 1244 1245 1246 450 448 448 1245 1246 1247 452 450 450 1246 1247 1249 454 457 457 1248 1249 1250 458 454 454 1249 1250 1251 460 458 458 1250 1251 1252 462 460 460 1251 1252 1253 464 462 462 1252 1253 1254 466 464 464 1253 1254 1255 468 466 466 1254 1255 1256 470 468 468 1255 1256 1258 472 475 475 1257 1258 1259 476 472 472 1258 1259 1260 478 476 476 1259 1260 1261 480 478 478 1260 1261 1262 482 480 480 1261 1262 1263 3 482 482 1262 1263 1264 0 3 3 1263 1264 1265 486 0 0 1264 1265 488 1266 1267 1267 489 488 120 596 632 632 653 120 
						655 634 630 630 142 655 116 605 604 604 140 116 112 158 157 157 138 112 110 611 610 610 136 110 108 615 614 614 134 108 106 619 618 618 129 106 144 623 622 622 126 144 142 630 627 627 124 142 140 604 650 650 122 140 138 157 165 165 103 138 136 610 1268 1268 99 136 134 614 638 638 95 134 132 1269 662 662 91 132 129 618 1270 1270 130 129 126 622 1271 1271 87 126 124 627 626 626 83 124 122 650 669 669 76 122 103 165 597 597 104 103 99 1268 657 657 100 99 95 638 660 660 96 95 91 662 608 608 92 91 87 1271 664 664 88 87 83 626 666 666 84 83 76 669 668 668 77 76 104 597 596 596 120 104 100 657 656 656 118 100 115 1272 605 605 116 115 92 608 158 158 112 92 88 664 611 611 110 88 84 666 615 615 108 84 77 668 619 619 106 77 147 146 640 640 643 147 
						151 150 1273 1273 681 151 665 664 1271 1271 1274 665 78 1275 1276 1276 79 78 163 162 1277 1277 689 163 658 657 1268 1268 1278 658 682 1279 1280 1280 680 682 677 1281 1282 1282 673 677 686 1283 646 646 649 686 690 1284 1285 1285 691 690 687 1286 1287 1287 685 687 637 636 153 153 156 637 678 1288 1289 1289 676 678 670 669 650 650 651 670 679 1290 1281 1281 677 679 1274 1271 622 622 625 1274 663 662 1269 1269 1291 663 620 619 668 668 671 620 616 615 666 666 667 616 155 154 1292 1292 688 155 676 1289 1275 1275 78 676 606 605 1272 1272 1293 606 673 1282 1294 1294 674 673 683 1295 1279 1279 682 683 642 641 167 167 168 642 680 1280 1288 1288 678 680 1278 1268 610 610 613 1278 685 1287 149 149 152 685 79 1276 1284 1284 690 79 688 1292 1283 1283 686 688 681 1273 1290 1290 679 681 629 1290 1273 1273 667 629 639 1287 1286 1286 661 639 
						599 1279 1295 1295 633 599 159 1275 1289 1289 160 159 621 145 644 644 1296 621 607 161 167 167 651 607 617 149 1287 1287 639 617 628 1281 1290 1290 629 628 1293 1277 162 162 606 1293 667 1273 150 150 616 667 1274 1283 1292 1292 665 1274 1278 636 601 601 658 1278 635 1294 1282 1282 631 635 612 154 153 153 613 612 624 647 646 646 625 624 160 1289 1288 1288 166 160 1291 1285 1284 1284 663 1291 598 1280 1279 1279 599 598 609 1276 1275 1275 159 609 671 640 146 146 620 671 631 1282 1281 1281 628 631 606 162 161 161 607 606 663 1284 1276 1276 609 663 670 641 640 640 671 670 665 1292 154 154 612 665 658 601 600 600 659 658 625 646 1283 1283 1274 625 613 153 636 636 1278 613 616 150 149 149 617 616 166 1288 1280 1280 598 166 620 146 145 145 621 620 651 167 641 641 670 651 1296 1270 618 618 621 1296 1227 494 493 493 1297 1227 
					</p>
				</polylist>
			</mesh>
		</geometry>
		<geometry id="meshId1" name="meshId1_name" >
			<mesh>
				<source id="meshId1-positions" name="meshId1-positions">
					<float_array id="meshId1-positions-array" count="3894"> 
						-6.382401 0.353750 2.298997 -8.403324 0.285850 2.285491 -8.403324 0.269265 2.340166 -6.382401 0.333225 2.366658 -3.361723 0.303765 2.431601 -6.110540 0.303765 2.431602 -6.110540 0.258331 2.486963 -3.361723 0.258331 2.486963 -6.110540 0.202969 2.532397 -3.361723 0.202969 2.532397 -6.110540 0.139808 2.566158 -3.361723 0.139808 2.566157 -6.110540 0.071273 2.586947 -3.361723 0.071273 2.586947 -6.110540 -0.000000 2.593967 -3.361723 -0.000000 2.593967 -3.361723 -0.000000 2.593967 -6.110540 -0.000000 2.593967 -6.110540 -0.071273 2.586947 -3.361723 -0.071273 2.586947 -6.110540 -0.139808 2.566158 -3.361723 -0.139808 2.566158 -6.110540 -0.202969 2.532397 -3.361723 -0.202969 2.532397 -6.110540 -0.258331 2.486963 -3.361723 -0.258331 2.486963 -6.110540 -0.303765 2.431602 -3.361723 -0.303765 2.431601 -6.110540 -0.337526 2.368440 -3.361723 -0.337526 2.368439 -6.110540 -0.358315 2.299905 -3.361723 -0.358315 2.299905 -6.110540 -0.365335 2.228632 -3.361723 -0.365335 2.228632 -3.361723 -0.365335 2.228632 -6.110540 -0.365335 2.228632 -6.110540 -0.358315 2.157359 -3.361723 -0.358315 2.157358 -6.110540 -0.337526 2.088824 -3.361723 -0.337526 2.088824 -6.110540 -0.303765 2.025663 -3.361723 -0.303765 2.025662 -6.110540 -0.258331 1.970301 -3.361723 -0.258331 1.970301 -6.110540 -0.202969 1.924867 -3.361723 -0.202969 1.924866 -6.110540 -0.139808 1.891106 -3.361723 -0.139808 1.891106 -6.110540 -0.071273 1.870317 -3.361723 -0.071273 1.870316 -6.110540 0.000000 1.863297 -3.361723 0.000000 1.863296 -3.361723 0.000000 1.863296 -6.110540 0.000000 1.863297 -6.110540 0.071273 1.870317 -3.361723 0.071273 1.870316 -6.110540 0.139808 1.891106 -3.361723 0.139808 1.891106 -6.110540 0.202969 1.924867 -3.361723 0.202969 1.924866 -6.110540 0.258331 1.970301 -3.361723 0.258331 1.970301 -6.110540 0.303765 2.025663 -3.361723 0.303765 2.025662 
						-6.110540 0.337526 2.088824 -3.361723 0.337526 2.088824 -6.110540 0.358315 2.157359 -3.361723 0.358315 2.157358 -10.896605 0.121315 2.047071 -10.896605 0.083563 2.026893 -10.914252 0.088049 2.016064 -10.914252 0.127827 2.037326 -6.110540 0.365335 2.228632 -3.361723 0.365335 2.228632 11.062211 0.303765 2.431599 11.062211 0.258331 2.486961 11.147510 0.246430 2.475060 11.147510 0.289771 2.422248 11.339836 0.126352 2.144204 11.339836 0.140395 2.170476 11.352801 0.000000 2.228630 11.062211 -0.258331 2.486961 11.062211 -0.303765 2.431599 11.147510 -0.289771 2.422248 11.147510 -0.246430 2.475059 11.062211 -0.202969 1.924865 11.062211 -0.139808 1.891104 11.147510 -0.133367 1.906654 11.147510 -0.193619 1.938859 11.062211 0.337526 2.088822 11.062211 0.358315 2.157357 11.147510 0.341808 2.160640 11.147510 0.321976 2.095263 11.062211 -0.000000 2.593965 11.062211 -0.071273 2.586945 11.147510 -0.067990 2.570437 11.147510 -0.000000 2.577134 11.062211 -0.358315 2.157356 11.062211 -0.337526 2.088822 11.147510 -0.321976 2.095263 11.147510 -0.341808 2.160640 11.062211 0.139808 1.891104 11.062211 0.202969 1.924865 11.147510 0.193618 1.938859 11.147510 0.133367 1.906654 11.062211 0.337526 2.368438 11.147510 0.321976 2.361997 11.062211 -0.202969 2.532395 11.147510 -0.193618 2.518400 11.062211 -0.258331 1.970299 11.147510 -0.246430 1.982200 11.062211 0.303765 2.025661 11.147510 0.289771 2.035011 11.062211 0.071273 2.586945 11.062211 -0.000000 2.593965 11.147510 -0.000000 2.577134 11.147510 0.067990 2.570437 11.062211 -0.365335 2.228630 11.147510 -0.348504 2.228630 11.062211 0.071273 1.870314 11.147510 0.067990 1.886822 11.062211 0.202969 2.532395 11.147510 0.193618 2.518400 11.062211 -0.337526 2.368438 11.147510 -0.321976 2.361997 11.062211 -0.071273 1.870314 11.147510 -0.067990 1.886822 11.062211 0.365335 2.228630 
						11.062211 0.358315 2.299903 11.147510 0.341808 2.296620 11.147510 0.348504 2.228630 11.062211 0.365335 2.228630 11.147510 0.348504 2.228630 11.062211 -0.139808 2.566155 11.147510 -0.133367 2.550606 11.062211 -0.303765 2.025660 11.147510 -0.289770 2.035011 11.062211 0.258331 1.970299 11.147510 0.246430 1.982200 11.062211 0.139808 2.566155 11.147510 0.133367 2.550606 11.062211 -0.358315 2.299903 11.147510 -0.341808 2.296619 11.062211 0.000000 1.863295 11.147510 0.000000 1.880126 11.298745 0.219985 2.272388 11.298745 0.207221 2.314464 11.339836 0.140395 2.286783 11.339836 0.149043 2.258276 11.298745 -0.085834 2.435851 11.298745 -0.124611 2.415124 11.339836 -0.084426 2.354982 11.339836 -0.058154 2.369025 11.298745 -0.186494 2.104019 11.298745 -0.158600 2.070029 11.339836 -0.107454 2.121176 11.339836 -0.126352 2.144204 11.233745 0.207963 2.020667 11.233745 0.244539 2.065234 11.269000 0.217589 2.083241 11.269000 0.185045 2.043585 11.298745 0.085834 2.435851 11.298745 0.043758 2.448615 11.339836 0.029646 2.377673 11.339836 0.058154 2.369025 11.233745 0.163396 1.984091 11.269000 0.145389 2.011040 11.298745 0.124611 2.415124 11.339836 0.084426 2.354982 -11.192615 -0.169052 2.341590 -11.192615 -0.143767 2.372400 -11.280878 -0.126471 2.355104 -11.280878 -0.148715 2.328001 -10.896605 0.121315 2.410194 -10.896605 0.154405 2.383038 -10.914252 0.162693 2.391325 -10.914252 0.127827 2.419939 -10.896605 -0.201740 2.312196 -10.896605 -0.181561 2.349948 -10.914252 -0.191307 2.356460 -10.914252 -0.212568 2.316681 -10.896605 -0.042600 2.014467 -10.896605 -0.083563 2.026893 -10.914252 -0.088049 2.016064 -10.914252 -0.044887 2.002971 -11.017770 0.235838 2.228633 -11.017770 0.231307 2.182623 -11.105192 0.218512 2.185168 -11.105192 0.222793 2.228633 -10.896605 -0.083563 2.430373 -10.896605 -0.042600 2.442799 -10.914252 -0.044887 2.454294 
						-10.914252 -0.088049 2.441201 -10.896605 -0.181561 2.107317 -10.896605 -0.201740 2.145069 -10.914252 -0.212568 2.140584 -10.914252 -0.191307 2.100806 -10.896605 0.154405 2.074228 -10.914252 0.162693 2.065940 -10.896605 0.083563 2.430373 -10.914252 0.088049 2.441201 -10.896605 -0.214166 2.271233 -10.914252 -0.225661 2.273520 -10.896605 0.000000 2.010271 -10.914252 0.000000 1.998550 -10.896605 -0.121315 2.410194 -10.914252 -0.127827 2.419939 -10.896605 -0.154405 2.074228 -10.914252 -0.162693 2.065940 -10.896605 0.181561 2.107317 -10.914252 0.191307 2.100806 -10.896605 0.042600 2.442799 -10.914252 0.044887 2.454294 -10.896605 -0.218362 2.228632 -10.914252 -0.230082 2.228632 -10.896605 0.042600 2.014467 -10.896605 0.000000 2.010271 -10.914252 0.000000 1.998550 -10.914252 0.044887 2.002971 -10.963511 0.235042 2.275386 -10.963511 0.239647 2.228633 -11.017770 0.235838 2.228633 -11.017770 0.231307 2.274642 -10.896605 0.181561 2.349948 -10.896605 0.201740 2.312196 -10.914252 0.212568 2.316681 -10.914252 0.191307 2.356460 -10.896605 -0.154405 2.383038 -10.914252 -0.162693 2.391325 -10.896605 -0.121315 2.047071 -10.914252 -0.127827 2.037326 -10.896605 0.201740 2.145069 -10.914252 0.212568 2.140584 -10.896605 -0.000000 2.446994 -10.914252 -0.000000 2.458715 -10.896605 -0.214166 2.186032 -10.896605 -0.218362 2.228632 -10.914252 -0.230082 2.228632 -10.914252 -0.225661 2.183746 -10.896605 0.214166 2.186033 -10.914252 0.225661 2.183746 -10.896605 -0.000000 2.446994 -10.914252 -0.000000 2.458715 -11.192615 -0.203317 2.228633 -11.192615 -0.199410 2.268298 -11.280878 -0.175421 2.263526 -11.280878 -0.178857 2.228633 -11.192615 0.112957 2.059581 -11.192615 0.077806 2.040792 -11.280878 0.068446 2.063390 -11.280878 0.099368 2.079918 -11.192615 -0.187840 2.306439 -11.280878 -0.165243 2.297079 -11.192615 0.143767 2.084866 -11.280878 0.126471 2.102162 -11.192615 0.169052 2.115676 
						-11.280878 0.148715 2.129265 -11.192615 0.187840 2.150827 -11.280878 0.165243 2.160187 -11.192615 -0.199410 2.188968 -11.192615 -0.203317 2.228633 -11.280878 -0.178857 2.228633 -11.280878 -0.175421 2.193740 -11.192615 0.199410 2.188968 -11.280878 0.175421 2.193740 -11.192615 -0.187841 2.150826 -11.280878 -0.165243 2.160187 -11.192615 0.143767 2.372400 -11.192615 0.169052 2.341590 -11.280878 0.148715 2.328001 -11.280878 0.126471 2.355104 -11.192615 -0.169052 2.115676 -11.280878 -0.148715 2.129265 -11.192615 0.077806 2.416473 -11.192615 0.112957 2.397685 -11.280878 0.099368 2.377347 -11.280878 0.068446 2.393876 -11.192615 -0.143767 2.084866 -11.280878 -0.126471 2.102162 -11.192615 0.039665 2.428043 -11.280878 0.034893 2.404054 -11.192615 -0.112957 2.059581 -11.280878 -0.099368 2.079918 -11.192615 -0.000000 2.431950 -11.280878 -0.000000 2.407491 -11.192615 -0.077806 2.040792 -11.280878 -0.068446 2.063390 -11.192615 -0.039665 2.428043 -11.192615 -0.000000 2.431950 -11.280878 -0.000000 2.407491 -11.280878 -0.034893 2.404054 -11.192615 -0.039665 2.029222 -11.280878 -0.034893 2.053212 -11.192615 -0.077806 2.416473 -11.280878 -0.068446 2.393876 -11.192615 0.000000 2.025316 -11.280878 0.000000 2.049776 -11.192615 -0.112957 2.397685 -11.280878 -0.099368 2.377347 -11.192615 0.039665 2.029222 -11.192615 0.000000 2.025316 -11.280878 0.000000 2.049776 -11.280878 0.034893 2.053212 -11.365166 -0.146566 2.257787 -11.365166 -0.138062 2.285820 -11.426278 -0.110636 2.274461 -11.426278 -0.117451 2.251996 -10.882571 -0.124722 2.353354 -10.882571 -0.097993 2.375290 -10.882571 0.067499 2.065676 -10.882571 0.034411 2.055638 -10.882571 -0.146657 2.326626 -10.882571 0.097993 2.081975 -10.882571 -0.162957 2.296132 -10.882571 0.172994 2.263043 -10.882571 0.176383 2.228632 -10.896605 0.218362 2.228633 -10.896605 0.214166 2.271233 -10.882571 0.124722 2.103911 -10.882571 -0.172994 2.263043 
						-10.882571 0.162957 2.296132 -10.882571 0.146657 2.130639 -10.882571 -0.176383 2.228632 -10.882571 0.146657 2.326626 -10.882571 0.162957 2.161134 -10.882571 -0.172994 2.194222 -10.882571 -0.176383 2.228632 -10.882571 0.124722 2.353354 -10.882571 0.172994 2.194222 -10.882571 -0.162957 2.161134 -10.882571 0.097993 2.375290 -10.882571 0.176383 2.228632 -10.896605 0.218362 2.228633 -10.882571 -0.146657 2.130639 -10.882571 0.067499 2.391590 -10.882571 -0.124722 2.103911 -10.882571 0.034411 2.401627 -10.882571 -0.097993 2.081975 -10.882571 -0.000000 2.405016 -10.882571 -0.067499 2.065676 -10.882571 -0.034411 2.401627 -10.882571 -0.000000 2.405016 -10.882571 -0.034411 2.055638 -10.882571 -0.067499 2.391590 -10.882571 0.000000 2.052249 -11.502384 -0.037426 2.266059 -11.502384 -0.029405 2.272642 -11.512679 -0.000000 2.228633 -11.192615 0.187840 2.306439 -11.280878 0.165243 2.297079 -11.365166 0.124253 2.145610 -11.365166 0.105668 2.122965 -11.426278 0.084677 2.143956 -11.426278 0.099570 2.162103 -11.365166 -0.149437 2.228633 -11.426278 -0.119752 2.228633 -11.365166 0.124253 2.311656 -11.365166 0.138062 2.285820 -11.426278 0.110636 2.274460 -11.426278 0.099570 2.295164 -11.365166 0.138062 2.171446 -11.426278 0.110636 2.182806 -11.365166 -0.146566 2.199480 -11.365166 -0.149437 2.228633 -11.426278 -0.119752 2.228633 -11.426278 -0.117451 2.205271 -11.365166 0.105668 2.334301 -11.426278 0.084677 2.313311 -11.365166 0.146566 2.199480 -11.426278 0.117451 2.205271 -11.365166 -0.138062 2.171446 -11.426278 -0.110636 2.182806 -11.365166 0.083023 2.352886 -11.426278 0.066531 2.328203 -11.192615 0.199410 2.268298 -11.280878 0.175421 2.263526 -11.365166 -0.124253 2.145610 -11.426278 -0.099570 2.162103 -11.365166 0.057187 2.366695 -11.426278 0.045827 2.339270 -11.365166 -0.105668 2.122965 -11.426278 -0.084677 2.143956 -11.365166 0.029154 2.375199 -11.426278 0.023362 2.346084 
						-11.365166 -0.083023 2.104381 -11.426278 -0.066531 2.129063 -11.365166 -0.000000 2.378071 -11.426278 -0.000000 2.348385 -11.365166 -0.057187 2.090571 -11.426278 -0.045827 2.117997 -11.365166 -0.029154 2.375199 -11.365166 -0.000000 2.378071 -11.426278 -0.000000 2.348385 -11.426278 -0.023362 2.346084 -11.365166 -0.029154 2.082067 -11.426278 -0.023362 2.111183 -11.365166 -0.057187 2.366695 -11.426278 -0.045827 2.339270 -11.365166 0.000000 2.079196 -11.426278 0.000000 2.108881 -11.365166 -0.083023 2.352886 -11.426278 -0.066531 2.328203 -11.365166 0.029154 2.082067 -11.365166 0.000000 2.079196 -11.426278 0.000000 2.108881 -11.426278 0.023362 2.111183 -11.365166 -0.105668 2.334301 -11.426278 -0.084677 2.313311 -11.365166 0.057187 2.090571 -11.426278 0.045827 2.117997 -11.365166 -0.124253 2.311656 -11.426278 -0.099570 2.295164 -11.365166 0.083023 2.104381 -11.426278 0.066531 2.129063 -11.365166 0.146566 2.257787 -11.365166 0.149437 2.228633 -11.426278 0.119752 2.228633 -11.426278 0.117451 2.251996 -6.382401 0.353750 2.158267 -8.403324 0.285850 2.171773 -8.403324 0.291450 2.228632 -6.382401 0.360680 2.228632 -6.382401 0.333225 2.090606 -8.403324 0.269265 2.117099 -6.382401 0.299895 2.028249 -8.403324 0.242332 2.066711 -6.382401 0.255039 1.973593 -8.403324 0.206087 2.022546 -6.382401 0.200383 1.928737 -8.403324 0.161921 1.986300 -6.382401 0.138026 1.895407 -8.403324 0.111533 1.959367 -6.382401 0.070365 1.874882 -8.403324 0.056859 1.942782 -6.382401 0.000000 1.867952 -8.403324 0.000000 1.937182 -6.382401 -0.070365 1.874882 -8.403324 -0.056859 1.942782 -8.403324 0.000000 1.937182 -6.382401 0.000000 1.867952 -6.382401 -0.138026 1.895407 -8.403324 -0.111533 1.959367 -6.382401 -0.200383 1.928738 -8.403324 -0.161921 1.986300 -6.382401 -0.255039 1.973593 -8.403324 -0.206087 2.022546 -6.382401 -0.299895 2.028249 -8.403324 -0.242332 2.066711 
						-6.382401 -0.333225 2.090605 -8.403324 -0.269265 2.117099 -6.382401 -0.353750 2.158267 -8.403324 -0.285850 2.171773 -6.382401 -0.360680 2.228632 -8.403324 -0.291450 2.228632 -6.382401 -0.353750 2.298997 -8.403324 -0.285850 2.285491 -8.403324 -0.291450 2.228632 -6.382401 -0.360680 2.228632 -6.382401 -0.333225 2.366658 -8.403324 -0.269265 2.340166 -6.382401 -0.299895 2.429015 -8.403324 -0.242332 2.390553 -6.382401 -0.255039 2.483671 -8.403324 -0.206087 2.434719 -6.382401 -0.200383 2.528527 -8.403324 -0.161921 2.470964 -6.382401 -0.138026 2.561857 -8.403324 -0.111533 2.497898 -6.382401 -0.070365 2.582382 -8.403324 -0.056859 2.514482 -6.382401 -0.000000 2.589312 -8.403324 -0.000000 2.520082 -6.382401 0.070365 2.582382 -8.403324 0.056859 2.514482 -8.403324 -0.000000 2.520082 -6.382401 -0.000000 2.589312 -6.382401 0.138026 2.561857 -8.403324 0.111533 2.497897 -6.382401 0.200383 2.528527 -8.403324 0.161921 2.470964 -6.382401 0.255039 2.483671 -8.403324 0.206087 2.434719 -6.382401 0.299895 2.429015 -8.403324 0.242332 2.390553 -3.361723 0.337526 2.368439 -6.110540 0.337526 2.368440 -6.382401 0.360680 2.228632 -8.403324 0.291450 2.228632 -3.361723 0.358315 2.299905 -6.110540 0.358315 2.299905 -10.882571 0.000000 2.052249 -9.810770 0.213688 2.140120 -10.882571 0.162957 2.161134 -10.882571 0.172994 2.194222 -9.810770 0.226850 2.183509 -9.810770 0.192314 2.100132 -10.882571 0.146657 2.130639 -9.810770 0.163550 2.065083 -10.882571 0.124722 2.103911 -9.810770 0.128500 2.036318 -10.882571 0.097993 2.081975 -9.810770 0.088513 2.014945 -10.882571 0.067499 2.065676 -9.810770 0.045123 2.001782 -10.882571 0.034411 2.055638 -9.810770 0.000000 1.997338 -10.882571 0.000000 2.052249 -9.810770 -0.045123 2.001782 -10.882571 -0.034411 2.055638 -10.882571 0.000000 2.052249 -9.810770 0.000000 1.997338 -9.810770 -0.088513 2.014945 
						-10.882571 -0.067499 2.065676 -9.810770 -0.128500 2.036318 -10.882571 -0.097993 2.081975 -9.810770 -0.163550 2.065083 -10.882571 -0.124722 2.103911 -9.810770 -0.192314 2.100132 -10.882571 -0.146657 2.130639 -9.810770 -0.213688 2.140120 -10.882571 -0.162957 2.161134 -9.810770 -0.226850 2.183509 -10.882571 -0.172994 2.194222 -9.810770 -0.231294 2.228632 -10.882571 -0.176383 2.228632 -9.810770 -0.226850 2.273756 -10.882571 -0.172994 2.263043 -10.882571 -0.176383 2.228632 -9.810770 -0.231294 2.228632 -9.810770 -0.213688 2.317145 -10.882571 -0.162957 2.296132 -9.810770 -0.192314 2.357133 -10.882571 -0.146657 2.326626 -9.810770 -0.163550 2.392182 -10.882571 -0.124722 2.353354 -9.810770 -0.128500 2.420947 -10.882571 -0.097993 2.375290 -9.810770 -0.088512 2.442321 -10.882571 -0.067499 2.391590 -9.810770 -0.045123 2.455482 -10.882571 -0.034411 2.401627 -9.810770 -0.000000 2.459927 -10.882571 -0.000000 2.405016 -9.810770 0.045123 2.455482 -10.882571 0.034411 2.401627 -10.882571 -0.000000 2.405016 -9.810770 -0.000000 2.459927 -9.810770 0.088512 2.442321 -10.882571 0.067499 2.391590 -9.810770 0.128500 2.420947 -10.882571 0.097993 2.375290 -9.810770 0.163550 2.392182 -10.882571 0.124722 2.353354 -9.810770 0.192314 2.357133 -10.882571 0.146657 2.326626 -9.810770 0.213688 2.317145 -10.882571 0.162957 2.296132 -9.810770 0.226850 2.273756 -10.882571 0.172994 2.263043 -11.502384 0.010326 2.176722 -11.502384 0.000000 2.175705 -11.512679 -0.000000 2.228633 -11.502384 -0.020255 2.277533 -11.502384 0.000000 2.175705 -11.502384 -0.010326 2.176722 -11.512679 -0.000000 2.228633 -11.502384 -0.010326 2.280545 -11.502384 -0.020255 2.179734 -11.502384 -0.000000 2.281562 -11.502384 -0.029405 2.184625 -11.502384 -0.000000 2.281562 -11.502384 0.010326 2.280545 -11.512679 -0.000000 2.228633 -11.502384 -0.037426 2.191207 -11.502384 0.020255 2.277533 -11.502384 -0.044008 2.199228 
						-11.502384 0.029405 2.272642 -11.502384 -0.048899 2.208379 -11.502384 0.052928 2.228633 -11.502384 0.051911 2.218308 -11.502384 0.037426 2.266059 -11.502384 -0.051911 2.218308 -11.502384 0.048899 2.208379 -11.502384 0.044008 2.258039 -11.502384 -0.052928 2.228633 -11.502384 0.044008 2.199228 -11.502384 0.048899 2.248888 -11.502384 -0.052928 2.228633 -11.502384 -0.051911 2.238959 -11.502384 0.037426 2.191207 -11.502384 0.051911 2.238959 -11.502384 -0.048899 2.248888 -11.502384 0.029405 2.184625 -11.502384 0.052928 2.228633 -11.502384 -0.044008 2.258039 -11.502384 0.020255 2.179734 11.233745 0.057377 1.940176 11.233745 0.112549 1.956913 11.269000 0.100145 1.986857 11.269000 0.051054 1.971966 11.298745 -0.224294 2.228630 11.298745 -0.219985 2.184872 11.339836 -0.149043 2.198983 11.339836 -0.151963 2.228630 11.233745 0.112549 2.500347 11.233745 0.057377 2.517083 11.269000 0.051054 2.485294 11.269000 0.100145 2.470402 11.233745 0.271717 2.116081 11.269000 0.241772 2.128484 11.233745 -0.244539 2.065234 11.233745 -0.207963 2.020667 11.269000 -0.185045 2.043585 11.269000 -0.217589 2.083241 11.233745 -0.112549 2.500347 11.233745 -0.163396 2.473169 11.269000 -0.145389 2.446219 11.269000 -0.100145 2.470402 11.233745 0.288453 2.286007 11.233745 0.271717 2.341179 11.269000 0.241772 2.328775 11.269000 0.256664 2.279684 11.233745 -0.057377 1.940176 11.233745 0.000000 1.934525 11.269000 0.000000 1.966937 11.269000 -0.051054 1.971966 11.233745 -0.244539 2.392025 11.233745 -0.271717 2.341179 11.269000 -0.241772 2.328775 11.269000 -0.217589 2.374018 11.233745 -0.288453 2.286007 11.269000 -0.256664 2.279683 11.233745 0.000000 1.934525 11.269000 0.000000 1.966937 11.233745 -0.294104 2.228630 11.269000 -0.261693 2.228630 11.298745 -0.207221 2.142796 11.339836 -0.140395 2.170476 11.233745 -0.057377 2.517083 11.269000 -0.051054 2.485294 
						11.298745 0.186494 2.353241 11.298745 0.158600 2.387230 11.339836 0.107454 2.336084 11.339836 0.126352 2.313056 11.298745 0.224294 2.228630 11.339836 0.151963 2.228630 11.298745 -0.043758 2.008645 11.298745 0.000000 2.004335 11.339836 0.000000 2.076667 11.339836 -0.029646 2.079587 11.233745 0.163396 2.473169 11.269000 0.145389 2.446219 11.062211 0.000000 1.863295 11.147510 0.000000 1.880126 11.062211 -0.365335 2.228630 11.147510 -0.348504 2.228630 11.233745 -0.294104 2.228630 11.233745 -0.288453 2.171253 11.269000 -0.256664 2.177576 11.269000 -0.261693 2.228630 11.233745 -0.000000 2.522734 11.269000 -0.000000 2.490323 11.233745 0.288453 2.171253 11.269000 0.256664 2.177576 11.233745 -0.163396 1.984091 11.269000 -0.145389 2.011040 11.233745 -0.207963 2.436593 11.269000 -0.185045 2.413674 11.233745 0.244539 2.392025 11.233745 0.207963 2.436593 11.269000 0.185045 2.413674 11.269000 0.217589 2.374018 11.352801 0.000000 2.228630 11.339836 -0.149043 2.258276 11.339836 -0.151963 2.228630 11.352801 0.000000 2.228630 11.339836 0.107454 2.121176 11.339836 -0.140395 2.286783 11.339836 0.084426 2.102277 11.339836 -0.126352 2.313056 11.339836 0.058154 2.088234 11.339836 -0.107454 2.336084 11.339836 0.029646 2.079587 11.339836 0.000000 2.076667 11.352801 0.000000 2.228630 11.339836 -0.029646 2.377673 11.339836 -0.058154 2.088234 11.339836 -0.000000 2.380593 11.339836 -0.084426 2.102278 11.339836 -0.000000 2.380593 11.339836 0.149043 2.198983 11.339836 0.151963 2.228630 11.062211 0.365335 2.228630 8.177423 0.365335 2.228630 8.177424 0.358315 2.299904 11.062211 0.358315 2.299903 8.177423 0.365335 2.228630 5.292637 0.365335 2.228631 5.292637 0.358315 2.299904 8.177424 0.358315 2.299904 5.292637 0.365335 2.228631 2.407850 0.365335 2.228631 2.407851 0.358315 2.299904 5.292637 0.358315 2.299904 
						2.407850 0.365335 2.228631 -0.476936 0.365335 2.228631 -0.476936 0.358315 2.299905 2.407851 0.358315 2.299904 -0.476936 0.365335 2.228631 -3.361723 0.365335 2.228632 -3.361723 0.358315 2.299905 -0.476936 0.358315 2.299905 8.177424 0.337526 2.368438 11.062211 0.337526 2.368438 5.292637 0.337526 2.368438 8.177424 0.337526 2.368438 2.407851 0.337526 2.368439 5.292637 0.337526 2.368438 -0.476936 0.337526 2.368439 2.407851 0.337526 2.368439 -3.361723 0.337526 2.368439 -0.476936 0.337526 2.368439 8.177424 0.303765 2.431600 11.062211 0.303765 2.431599 5.292637 0.303765 2.431600 8.177424 0.303765 2.431600 2.407851 0.303765 2.431600 5.292637 0.303765 2.431600 -0.476936 0.303765 2.431601 2.407851 0.303765 2.431600 -3.361723 0.303765 2.431601 -0.476936 0.303765 2.431601 8.177424 0.258331 2.486961 11.062211 0.258331 2.486961 5.292637 0.258331 2.486962 8.177424 0.258331 2.486961 2.407851 0.258331 2.486962 5.292637 0.258331 2.486962 -0.476936 0.258331 2.486962 2.407851 0.258331 2.486962 -3.361723 0.258331 2.486963 -0.476936 0.258331 2.486962 8.177424 0.202969 2.532395 11.062211 0.202969 2.532395 5.292637 0.202969 2.532396 8.177424 0.202969 2.532395 2.407851 0.202969 2.532396 5.292637 0.202969 2.532396 -0.476936 0.202969 2.532397 2.407851 0.202969 2.532396 -3.361723 0.202969 2.532397 -0.476936 0.202969 2.532397 8.177424 0.139808 2.566156 11.062211 0.139808 2.566155 5.292637 0.139808 2.566156 8.177424 0.139808 2.566156 2.407851 0.139808 2.566157 5.292637 0.139808 2.566156 -0.476936 0.139808 2.566157 2.407851 0.139808 2.566157 -3.361723 0.139808 2.566157 -0.476936 0.139808 2.566157 8.177424 0.071273 2.586946 11.062211 0.071273 2.586945 5.292637 0.071273 2.586946 8.177424 0.071273 2.586946 2.407851 0.071273 2.586946 5.292637 0.071273 2.586946 
						-0.476936 0.071273 2.586946 2.407851 0.071273 2.586946 -3.361723 0.071273 2.586947 -0.476936 0.071273 2.586946 8.177424 -0.000000 2.593966 11.062211 -0.000000 2.593965 5.292637 -0.000000 2.593966 8.177424 -0.000000 2.593966 2.407851 -0.000000 2.593966 5.292637 -0.000000 2.593966 -0.476936 -0.000000 2.593966 2.407851 -0.000000 2.593966 -3.361723 -0.000000 2.593967 -0.476936 -0.000000 2.593966 11.062211 -0.000000 2.593965 8.177424 -0.000000 2.593966 8.177424 -0.071273 2.586946 11.062211 -0.071273 2.586945 5.292637 -0.071273 2.586946 8.177424 -0.071273 2.586946 5.292637 -0.000000 2.593966 2.407851 -0.000000 2.593966 2.407851 -0.071273 2.586946 5.292637 -0.071273 2.586946 2.407851 -0.000000 2.593966 -0.476936 -0.000000 2.593966 -0.476936 -0.071273 2.586946 2.407851 -0.071273 2.586946 -0.476936 -0.000000 2.593966 -3.361723 -0.000000 2.593967 -3.361723 -0.071273 2.586947 -0.476936 -0.071273 2.586946 8.177424 -0.139808 2.566156 11.062211 -0.139808 2.566155 5.292637 -0.139808 2.566156 8.177424 -0.139808 2.566156 2.407851 -0.139808 2.566157 5.292637 -0.139808 2.566156 -0.476936 -0.139808 2.566157 2.407851 -0.139808 2.566157 -3.361723 -0.139808 2.566158 -0.476936 -0.139808 2.566157 8.177424 -0.202969 2.532395 11.062211 -0.202969 2.532395 5.292637 -0.202969 2.532396 8.177424 -0.202969 2.532395 2.407851 -0.202969 2.532396 5.292637 -0.202969 2.532396 -0.476936 -0.202969 2.532396 2.407851 -0.202969 2.532396 -3.361723 -0.202969 2.532397 -0.476936 -0.202969 2.532396 8.177424 -0.258331 2.486961 11.062211 -0.258331 2.486961 5.292637 -0.258331 2.486961 8.177424 -0.258331 2.486961 2.407851 -0.258331 2.486962 5.292637 -0.258331 2.486961 -0.476936 -0.258331 2.486962 2.407851 -0.258331 2.486962 -3.361723 -0.258331 2.486963 -0.476936 -0.258331 2.486962 8.177424 -0.303765 2.431600 11.062211 -0.303765 2.431599 
						5.292637 -0.303765 2.431600 8.177424 -0.303765 2.431600 2.407851 -0.303765 2.431600 5.292637 -0.303765 2.431600 -0.476936 -0.303765 2.431601 2.407851 -0.303765 2.431600 -3.361723 -0.303765 2.431601 -0.476936 -0.303765 2.431601 8.177424 -0.337526 2.368438 11.062211 -0.337526 2.368438 5.292637 -0.337526 2.368438 8.177424 -0.337526 2.368438 2.407851 -0.337526 2.368439 5.292637 -0.337526 2.368438 -0.476936 -0.337526 2.368439 2.407851 -0.337526 2.368439 -3.361723 -0.337526 2.368439 -0.476936 -0.337526 2.368439 8.177424 -0.358315 2.299904 11.062211 -0.358315 2.299903 5.292637 -0.358315 2.299904 8.177424 -0.358315 2.299904 2.407851 -0.358315 2.299904 5.292637 -0.358315 2.299904 -0.476936 -0.358315 2.299905 2.407851 -0.358315 2.299904 -3.361723 -0.358315 2.299905 -0.476936 -0.358315 2.299905 8.177424 -0.365335 2.228630 11.062211 -0.365335 2.228630 5.292637 -0.365335 2.228631 8.177424 -0.365335 2.228630 2.407851 -0.365335 2.228631 5.292637 -0.365335 2.228631 -0.476936 -0.365335 2.228631 2.407851 -0.365335 2.228631 -3.361723 -0.365335 2.228632 -0.476936 -0.365335 2.228631 8.177424 -0.358315 2.157357 11.062211 -0.358315 2.157356 5.292637 -0.358315 2.157357 8.177424 -0.358315 2.157357 5.292637 -0.365335 2.228631 2.407851 -0.365335 2.228631 2.407851 -0.358315 2.157357 5.292637 -0.358315 2.157357 2.407851 -0.365335 2.228631 -0.476936 -0.365335 2.228631 -0.476936 -0.358315 2.157358 2.407851 -0.358315 2.157357 -0.476936 -0.365335 2.228631 -3.361723 -0.365335 2.228632 -3.361723 -0.358315 2.157358 -0.476936 -0.358315 2.157358 8.177424 -0.337526 2.088822 11.062211 -0.337526 2.088822 5.292637 -0.337526 2.088823 8.177424 -0.337526 2.088822 2.407851 -0.337526 2.088823 5.292637 -0.337526 2.088823 -0.476936 -0.337526 2.088823 2.407851 -0.337526 2.088823 -3.361723 -0.337526 2.088824 -0.476936 -0.337526 2.088823 
						8.177424 -0.303765 2.025661 11.062211 -0.303765 2.025660 5.292637 -0.303765 2.025661 8.177424 -0.303765 2.025661 2.407851 -0.303765 2.025661 5.292637 -0.303765 2.025661 -0.476936 -0.303765 2.025662 2.407851 -0.303765 2.025661 -3.361723 -0.303765 2.025662 -0.476936 -0.303765 2.025662 8.177424 -0.258331 1.970299 11.062211 -0.258331 1.970299 5.292637 -0.258331 1.970299 8.177424 -0.258331 1.970299 2.407851 -0.258331 1.970300 5.292637 -0.258331 1.970299 -0.476936 -0.258331 1.970300 2.407851 -0.258331 1.970300 -3.361723 -0.258331 1.970301 -0.476936 -0.258331 1.970300 8.177424 -0.202969 1.924865 11.062211 -0.202969 1.924865 5.292637 -0.202969 1.924865 8.177424 -0.202969 1.924865 2.407851 -0.202969 1.924866 5.292637 -0.202969 1.924865 -0.476936 -0.202969 1.924866 2.407851 -0.202969 1.924866 -3.361723 -0.202969 1.924866 -0.476936 -0.202969 1.924866 8.177424 -0.139808 1.891104 11.062211 -0.139808 1.891104 5.292637 -0.139808 1.891105 8.177424 -0.139808 1.891104 2.407851 -0.139808 1.891105 5.292637 -0.139808 1.891105 -0.476936 -0.139808 1.891106 2.407851 -0.139808 1.891105 -3.361723 -0.139808 1.891106 -0.476936 -0.139808 1.891106 8.177424 -0.071273 1.870315 11.062211 -0.071273 1.870314 5.292637 -0.071273 1.870315 8.177424 -0.071273 1.870315 2.407851 -0.071273 1.870315 5.292637 -0.071273 1.870315 -0.476936 -0.071273 1.870316 2.407851 -0.071273 1.870315 -3.361723 -0.071273 1.870316 -0.476936 -0.071273 1.870316 8.177424 0.000000 1.863295 11.062211 0.000000 1.863295 5.292637 0.000000 1.863295 8.177424 0.000000 1.863295 2.407851 0.000000 1.863296 5.292637 0.000000 1.863295 -0.476936 0.000000 1.863296 2.407851 0.000000 1.863296 -3.361723 0.000000 1.863296 -0.476936 0.000000 1.863296 11.062211 0.000000 1.863295 8.177424 0.000000 1.863295 8.177424 0.071273 1.870315 11.062211 0.071273 1.870314 
						8.177424 0.000000 1.863295 5.292637 0.000000 1.863295 5.292637 0.071273 1.870315 8.177424 0.071273 1.870315 5.292637 0.000000 1.863295 2.407851 0.000000 1.863296 2.407851 0.071273 1.870315 5.292637 0.071273 1.870315 2.407851 0.000000 1.863296 -0.476936 0.000000 1.863296 -0.476936 0.071273 1.870316 2.407851 0.071273 1.870315 -0.476936 0.000000 1.863296 -3.361723 0.000000 1.863296 -3.361723 0.071273 1.870316 -0.476936 0.071273 1.870316 8.177424 0.139808 1.891104 11.062211 0.139808 1.891104 5.292637 0.139808 1.891105 8.177424 0.139808 1.891104 2.407851 0.139808 1.891105 5.292637 0.139808 1.891105 -0.476936 0.139808 1.891106 2.407851 0.139808 1.891105 -3.361723 0.139808 1.891106 -0.476936 0.139808 1.891106 8.177424 0.202969 1.924865 11.062211 0.202969 1.924865 5.292637 0.202969 1.924865 8.177424 0.202969 1.924865 2.407851 0.202969 1.924866 5.292637 0.202969 1.924865 -0.476936 0.202969 1.924866 2.407851 0.202969 1.924866 -3.361723 0.202969 1.924866 -0.476936 0.202969 1.924866 8.177424 0.258331 1.970299 11.062211 0.258331 1.970299 5.292637 0.258331 1.970299 8.177424 0.258331 1.970299 2.407851 0.258331 1.970300 5.292637 0.258331 1.970299 -0.476936 0.258331 1.970300 2.407851 0.258331 1.970300 -3.361723 0.258331 1.970301 -0.476936 0.258331 1.970300 8.177424 0.303765 2.025661 11.062211 0.303765 2.025661 5.292637 0.303765 2.025661 8.177424 0.303765 2.025661 2.407851 0.303765 2.025661 5.292637 0.303765 2.025661 -0.476936 0.303765 2.025662 2.407851 0.303765 2.025661 -3.361723 0.303765 2.025662 -0.476936 0.303765 2.025662 8.177424 0.337526 2.088822 11.062211 0.337526 2.088822 5.292637 0.337526 2.088823 8.177424 0.337526 2.088822 2.407851 0.337526 2.088823 5.292637 0.337526 2.088823 -0.476936 0.337526 2.088824 2.407851 0.337526 2.088823 
						-3.361723 0.337526 2.088824 -0.476936 0.337526 2.088824 8.177424 0.358315 2.157357 11.062211 0.358315 2.157357 5.292637 0.358315 2.157357 8.177424 0.358315 2.157357 2.407851 0.358315 2.157358 5.292637 0.358315 2.157357 -0.476936 0.358315 2.157358 2.407851 0.358315 2.157358 -3.361723 0.358315 2.157358 -0.476936 0.358315 2.157358 8.177423 0.365335 2.228630 11.062211 0.365335 2.228630 5.292637 0.365335 2.228631 8.177423 0.365335 2.228630 2.407850 0.365335 2.228631 5.292637 0.365335 2.228631 -0.476936 0.365335 2.228631 2.407850 0.365335 2.228631 -3.361723 0.365335 2.228632 -0.476936 0.365335 2.228631 -11.105192 0.218512 2.272098 -11.105192 0.222793 2.228633 -11.192615 0.203317 2.228633 -11.105192 0.205834 2.313892 -11.105192 0.185246 2.352410 -11.105192 0.157538 2.386171 -11.105192 0.123777 2.413878 -11.105192 0.085259 2.434467 -11.105192 0.043465 2.447145 -11.105192 -0.000000 2.451426 -11.105192 -0.043465 2.447145 -11.105192 -0.000000 2.451426 -11.105192 -0.085259 2.434467 -11.105192 -0.123777 2.413878 -11.105192 -0.157538 2.386171 -11.105192 -0.185246 2.352410 -11.105192 -0.205834 2.313892 -11.105192 -0.218512 2.272097 -11.105192 -0.222793 2.228632 -11.105192 -0.218512 2.185168 -11.105192 -0.222793 2.228632 -11.105192 -0.205834 2.143373 -11.105192 -0.185246 2.104856 -11.105192 -0.157538 2.071094 -11.105192 -0.123777 2.043387 -11.105192 -0.085259 2.022799 -11.105192 -0.043465 2.010121 -11.105192 0.000000 2.005840 -11.105192 0.043465 2.010121 -11.105192 0.000000 2.005840 -11.105192 0.085259 2.022799 -11.105192 0.123777 2.043387 -11.105192 0.157538 2.071094 -11.105192 0.185246 2.104856 -11.105192 0.205834 2.143373 -11.192615 0.203317 2.228633 -11.478611 0.077227 2.243995 -11.478611 0.078740 2.228633 -11.502384 0.052928 2.228633 -11.502384 0.051911 2.238959 -11.478611 0.078740 2.228633 -11.478611 0.077227 2.213272 
						-11.502384 0.051911 2.218308 -11.502384 0.052928 2.228633 -11.478611 0.072747 2.258766 -11.502384 0.048899 2.248888 -11.478611 0.065470 2.272379 -11.502384 0.044008 2.258039 -11.478611 0.055678 2.284311 -11.502384 0.037426 2.266059 -11.478611 0.043746 2.294104 -11.502384 0.029405 2.272642 -11.478611 0.030133 2.301380 -11.502384 0.020255 2.277533 -11.478611 0.015361 2.305861 -11.502384 0.010326 2.280545 -11.478611 -0.000000 2.307374 -11.502384 -0.000000 2.281562 -11.478611 -0.015361 2.305861 -11.478611 -0.000000 2.307374 -11.502384 -0.000000 2.281562 -11.502384 -0.010326 2.280545 -11.478611 -0.030133 2.301380 -11.502384 -0.020255 2.277533 -11.478611 -0.043746 2.294104 -11.502384 -0.029405 2.272642 -11.478611 -0.055678 2.284311 -11.502384 -0.037426 2.266059 -11.478611 -0.065470 2.272379 -11.502384 -0.044008 2.258039 -11.478611 -0.072747 2.258766 -11.502384 -0.048899 2.248888 -11.478611 -0.077227 2.243995 -11.502384 -0.051911 2.238959 -11.478611 -0.078740 2.228633 -11.502384 -0.052928 2.228633 -11.478611 -0.077227 2.213272 -11.478611 -0.078740 2.228633 -11.502384 -0.052928 2.228633 -11.502384 -0.051911 2.218308 -11.478611 -0.072747 2.198501 -11.502384 -0.048899 2.208379 -11.478611 -0.065470 2.184888 -11.502384 -0.044008 2.199228 -11.478611 -0.055678 2.172956 -11.502384 -0.037426 2.191207 -11.478611 -0.043746 2.163163 -11.502384 -0.029405 2.184625 -11.478611 -0.030133 2.155887 -11.502384 -0.020255 2.179734 -11.478611 -0.015361 2.151406 -11.502384 -0.010326 2.176722 -11.478611 0.000000 2.149893 -11.502384 0.000000 2.175705 -11.478611 0.015361 2.151406 -11.478611 0.000000 2.149893 -11.502384 0.000000 2.175705 -11.502384 0.010326 2.176722 -11.478611 0.030133 2.155887 -11.502384 0.020255 2.179734 -11.478611 0.043746 2.163163 -11.502384 0.029405 2.184625 -11.478611 0.055678 2.172956 -11.502384 0.037426 2.191207 -11.478611 0.065470 2.184888 -11.502384 0.044008 2.199228 
						-11.478611 0.072747 2.198501 -11.502384 0.048899 2.208379 -11.365166 0.149437 2.228633 -11.426278 0.119752 2.228633 -11.280878 0.178857 2.228633 -11.280878 0.178857 2.228633 -10.963511 0.239647 2.228633 -10.963511 0.235042 2.181880 -10.963511 0.221405 2.320342 -11.017770 0.217886 2.318884 -10.963511 0.199259 2.361773 -11.017770 0.196092 2.359657 -10.963511 0.169456 2.398089 -11.017770 0.166763 2.395395 -10.963511 0.133141 2.427892 -11.017770 0.131025 2.424725 -10.963511 0.091709 2.450037 -11.017770 0.090251 2.446519 -10.963511 0.046753 2.463675 -11.017770 0.046010 2.459939 -10.963511 -0.000000 2.468280 -11.017770 -0.000000 2.464471 -10.963511 -0.046753 2.463675 -10.963511 -0.000000 2.468280 -11.017770 -0.000000 2.464471 -11.017770 -0.046010 2.459939 -10.963511 -0.091709 2.450037 -11.017770 -0.090251 2.446519 -10.963511 -0.133141 2.427892 -11.017770 -0.131025 2.424725 -10.963511 -0.169456 2.398089 -11.017770 -0.166763 2.395395 -10.963511 -0.199259 2.361773 -11.017770 -0.196092 2.359657 -10.963511 -0.221405 2.320342 -11.017770 -0.217886 2.318884 -10.963511 -0.235042 2.275386 -11.017770 -0.231307 2.274642 -10.963511 -0.239647 2.228632 -11.017770 -0.235838 2.228632 -10.963511 -0.235042 2.181880 -10.963511 -0.239647 2.228632 -11.017770 -0.235838 2.228632 -11.017770 -0.231307 2.182623 -10.963511 -0.221405 2.136924 -11.017770 -0.217886 2.138381 -10.963511 -0.199259 2.095492 -11.017770 -0.196092 2.097608 -10.963511 -0.169456 2.059176 -11.017770 -0.166763 2.061870 -10.963511 -0.133141 2.029373 -11.017770 -0.131025 2.032540 -10.963511 -0.091709 2.007228 -11.017770 -0.090251 2.010747 -10.963511 -0.046753 1.993590 -11.017770 -0.046010 1.997326 -10.963511 0.000000 1.988986 -11.017770 0.000000 1.992795 -10.963511 0.046753 1.993590 -10.963511 0.000000 1.988986 -11.017770 0.000000 1.992795 -11.017770 0.046010 1.997326 -10.963511 0.091709 2.007228 -11.017770 0.090251 2.010747 
						-10.963511 0.133141 2.029373 -11.017770 0.131025 2.032540 -10.963511 0.169456 2.059176 -11.017770 0.166763 2.061870 -10.963511 0.199259 2.095492 -11.017770 0.196092 2.097608 -10.963511 0.221405 2.136924 -11.017770 0.217886 2.138381 -10.914252 0.230082 2.228633 -10.914252 0.225661 2.273520 -10.914252 0.230082 2.228633 -9.810770 0.231294 2.228632 -9.810770 0.231294 2.228632 -10.882571 0.176383 2.228632 -6.110540 0.365335 2.228632 -6.110540 0.358315 2.157359 -6.110540 0.337526 2.088824 -6.110540 0.303765 2.025663 -6.110540 0.258331 1.970301 -6.110540 0.202969 1.924867 -6.110540 0.139808 1.891106 -6.110540 0.071273 1.870317 -6.110540 0.000000 1.863297 -6.110540 0.000000 1.863297 -6.110540 -0.071273 1.870317 -6.110540 -0.139808 1.891106 -6.110540 -0.202969 1.924867 -6.110540 -0.258331 1.970301 -6.110540 -0.303765 2.025663 -6.110540 -0.337526 2.088824 -6.110540 -0.358315 2.157359 -6.110540 -0.365335 2.228632 -6.110540 -0.365335 2.228632 -6.110540 -0.358315 2.299905 -6.110540 -0.337526 2.368440 -6.110540 -0.303765 2.431602 -6.110540 -0.258331 2.486963 -6.110540 -0.202969 2.532397 -6.110540 -0.139808 2.566158 -6.110540 -0.071273 2.586947 -6.110540 -0.000000 2.593967 -6.110540 -0.000000 2.593967 -6.110540 0.071273 2.586947 -6.110540 0.139808 2.566158 -6.110540 0.202969 2.532397 -6.110540 0.258331 2.486963 -6.110540 0.303765 2.431602 -6.110540 0.337526 2.368440 -6.110540 0.358315 2.299905 -6.110540 0.365335 2.228632 -3.361723 0.365335 2.228632 -6.110540 0.365335 2.228632 11.233745 -0.271717 2.116081 11.233745 0.294104 2.228630 11.233745 0.294104 2.228630 11.233745 -0.112549 1.956913 11.233745 -0.000000 2.522734 11.298745 -0.158600 2.387230 11.269000 -0.100145 1.986857 11.298745 0.186494 2.104019 11.298745 0.207221 2.142796 11.298745 -0.000000 2.452924 11.269000 -0.241772 2.128484 11.298745 0.043758 2.008645 
						11.298745 0.085834 2.021409 11.298745 -0.207221 2.314464 11.298745 -0.219985 2.272388 11.298745 -0.085834 2.021409 11.298745 0.219985 2.184872 11.298745 0.224294 2.228630 11.298745 -0.000000 2.452924 11.298745 -0.043758 2.448615 11.298745 0.124611 2.042136 11.298745 0.158600 2.070030 11.298745 -0.186494 2.353241 11.269000 0.261693 2.228630 11.298745 -0.124611 2.042136 11.269000 -0.000000 2.490323 11.298745 -0.224294 2.228630 11.298745 0.000000 2.004335 11.269000 0.261693 2.228630 -10.882571 0.176383 2.228632 
					</float_array>
					<technique_common>
						<accessor count="1298" offset="0" source="#meshId1-positions-array" stride="3">
							<param name="X" type="float" />
							<param name="Y" type="float" />
							<param name="Z" type="float" />
						</accessor>
					</technique_common>
				</source>
				<source id="meshId1-normals" name="meshId1-normals">
					<float_array id="meshId1-normals-array" count="3894"> 
						-0.025666 0.980462 0.195026 -0.038459 0.980060 0.194946 -0.038459 0.923196 0.382400 -0.025666 0.923575 0.382558 0.000000 0.831470 0.555570 -0.008556 0.831439 0.555550 -0.008556 0.707081 0.707081 0.000000 0.707107 0.707107 -0.008556 0.555549 0.831440 0.000000 0.555570 0.831470 -0.008556 0.382669 0.923846 0.000000 0.382683 0.923880 -0.008556 0.195084 0.980749 0.000000 0.195091 0.980785 -0.008556 -0.000000 0.999963 0.000000 -0.000000 1.000000 0.000000 -0.000000 1.000000 -0.008556 -0.000000 0.999963 -0.008556 -0.195083 0.980749 0.000000 -0.195090 0.980785 -0.008556 -0.382669 0.923846 0.000000 -0.382684 0.923880 -0.008556 -0.555550 0.831439 0.000000 -0.555570 0.831470 -0.008556 -0.707081 0.707081 0.000000 -0.707107 0.707107 -0.008556 -0.831439 0.555550 0.000000 -0.831470 0.555570 -0.008556 -0.923846 0.382669 0.000000 -0.923879 0.382684 -0.008556 -0.980749 0.195083 0.000000 -0.980785 0.195090 -0.008556 -0.999963 -0.000000 -0.000000 -1.000000 0.000000 -0.000000 -1.000000 0.000000 -0.008556 -0.999963 -0.000000 -0.008556 -0.980749 -0.195083 -0.000000 -0.980785 -0.195090 -0.008556 -0.923846 -0.382670 -0.000000 -0.923879 -0.382684 -0.008556 -0.831439 -0.555550 -0.000000 -0.831470 -0.555570 -0.008556 -0.707081 -0.707081 -0.000000 -0.707107 -0.707106 -0.008556 -0.555550 -0.831439 -0.000000 -0.555570 -0.831470 -0.008556 -0.382669 -0.923846 -0.000000 -0.382683 -0.923880 -0.008556 -0.195083 -0.980749 -0.000000 -0.195090 -0.980785 -0.008557 0.000000 -0.999963 -0.000000 0.000000 -1.000000 -0.000000 0.000000 -1.000000 -0.008557 0.000000 -0.999963 -0.008556 0.195083 -0.980749 -0.000000 0.195090 -0.980785 -0.008556 0.382670 -0.923846 -0.000000 0.382683 -0.923880 -0.008556 0.555550 -0.831439 -0.000000 0.555570 -0.831470 -0.008556 0.707081 -0.707081 -0.000000 0.707107 -0.707107 -0.008556 0.831439 -0.555550 -0.000000 0.831470 -0.555570 
						-0.008556 0.923846 -0.382670 -0.000000 0.923879 -0.382684 -0.008556 0.980749 -0.195083 -0.000000 0.980785 -0.195090 0.784187 0.344752 -0.515943 0.784191 0.237462 -0.573285 0.375057 0.354747 -0.856438 0.375053 0.515021 -0.770771 -0.008556 0.999963 0.000000 -0.000000 1.000000 0.000001 0.096673 0.827575 0.552968 0.096673 0.703794 0.703796 0.365939 0.658060 0.658063 0.365938 0.773798 0.517036 0.951238 0.256472 -0.171370 0.951238 0.284978 -0.118042 1.000000 -0.000002 -0.000000 0.096673 -0.703793 0.703797 0.096673 -0.827575 0.552969 0.365939 -0.773797 0.517036 0.365939 -0.658059 0.658063 0.096673 -0.552968 -0.827575 0.096673 -0.380893 -0.919551 0.365939 -0.356143 -0.859797 0.365939 -0.517035 -0.773798 0.096673 0.919552 -0.380892 0.096673 0.976192 -0.194176 0.365939 0.912757 -0.181558 0.365940 0.859797 -0.356141 0.096672 -0.000000 0.995316 0.096672 -0.194176 0.976192 0.365937 -0.181558 0.912758 0.365937 -0.000000 0.930639 0.096673 -0.976192 -0.194176 0.096672 -0.919553 -0.380891 0.365940 -0.859798 -0.356140 0.365940 -0.912757 -0.181558 0.096673 0.380890 -0.919553 0.096673 0.552966 -0.827577 0.365939 0.517034 -0.773799 0.365939 0.356140 -0.859798 0.096673 0.919553 0.380891 0.365937 0.859799 0.356139 0.096673 -0.552967 0.827576 0.365939 -0.517035 0.773798 0.096674 -0.703792 -0.703797 0.365939 -0.658059 -0.658063 0.096673 0.827574 -0.552969 0.365939 0.773796 -0.517037 0.096672 0.194177 0.976192 0.096672 -0.000000 0.995316 0.365937 -0.000000 0.930639 0.365938 0.181560 0.912757 0.096673 -0.995316 -0.000000 0.365940 -0.930639 0.000000 0.096673 0.194177 -0.976191 0.365939 0.181560 -0.912757 0.096674 0.552967 0.827576 0.365939 0.517035 0.773798 0.096673 -0.919553 0.380890 0.365940 -0.859798 0.356140 0.096673 -0.194178 -0.976191 0.365939 -0.181561 -0.912757 0.096673 0.995316 0.000000 
						0.096673 0.976192 0.194176 0.365939 0.912757 0.181558 0.365939 0.930639 0.000000 0.096673 0.995316 0.000000 0.365939 0.930639 0.000000 0.096673 -0.380891 0.919552 0.365939 -0.356140 0.859798 0.096673 -0.827574 -0.552970 0.365939 -0.773797 -0.517037 0.096673 0.703794 -0.703796 0.365939 0.658060 -0.658062 0.096673 0.380891 0.919552 0.365939 0.356141 0.859798 0.096673 -0.976192 0.194176 0.365939 -0.912757 0.181558 0.096672 -0.000000 -0.995316 0.365939 -0.000000 -0.930639 0.826313 0.552389 0.109877 0.826316 0.520335 0.215531 0.951239 0.284976 0.118042 0.951237 0.302534 0.060177 0.826313 -0.215538 0.520337 0.826313 -0.312905 0.468291 0.951239 -0.171366 0.256473 0.951239 -0.118033 0.284978 0.826316 -0.468288 -0.312904 0.826315 -0.398246 -0.398250 0.951238 -0.218112 -0.218113 0.951239 -0.256471 -0.171371 0.604940 0.563049 -0.563049 0.604942 0.662072 -0.442386 0.729516 0.568695 -0.379991 0.729515 0.483636 -0.483637 0.826312 0.215540 0.520337 0.826313 0.109879 0.552388 0.951238 0.060176 0.302531 0.951239 0.118033 0.284979 0.604938 0.442389 -0.662074 0.729513 0.379994 -0.568696 0.826313 0.312905 0.468291 0.951239 0.171366 0.256473 -0.241955 -0.806766 0.539060 -0.241956 -0.686098 0.686095 -0.297878 -0.675007 0.675007 -0.297879 -0.793725 0.530349 0.784190 0.344746 0.515942 0.784193 0.438770 0.438773 0.375061 0.655488 0.655488 0.375053 0.515024 0.770770 0.784191 -0.573285 0.237463 0.784191 -0.515943 0.344743 0.375059 -0.770772 0.515015 0.375055 -0.856439 0.354747 0.784192 -0.121058 -0.608595 0.784192 -0.237458 -0.573286 0.375057 -0.354750 -0.856438 0.375058 -0.180850 -0.909189 -0.108627 0.994083 0.000000 -0.108627 0.974982 -0.193936 -0.182237 0.964362 -0.191824 -0.182236 0.983255 0.000000 0.784190 -0.237463 0.573287 0.784193 -0.121060 0.608594 0.375058 -0.180851 0.909189 
						0.375056 -0.354748 0.856438 0.784194 -0.515936 -0.344745 0.784190 -0.573287 -0.237462 0.375057 -0.856438 -0.354748 0.375062 -0.770769 -0.515019 0.784185 0.438783 -0.438774 0.375053 0.655492 -0.655488 0.784191 0.237459 0.573287 0.375055 0.354750 0.856438 0.784190 -0.608598 0.121057 0.375052 -0.909192 0.180848 0.784193 -0.000000 -0.620517 0.375060 -0.000000 -0.927001 0.784188 -0.344751 0.515942 0.375055 -0.515020 0.770771 0.784191 -0.438774 -0.438772 0.375060 -0.655485 -0.655492 0.784190 0.515943 -0.344743 0.375058 0.770773 -0.515016 0.784191 0.121062 0.608595 0.375055 0.180853 0.909190 0.784189 -0.620522 -0.000001 0.375055 -0.927003 -0.000001 0.784192 0.121058 -0.608595 0.784193 -0.000000 -0.620517 0.375060 -0.000000 -0.927001 0.375058 0.180848 -0.909190 0.060325 0.978999 0.194737 0.060326 0.998179 0.000000 -0.108627 0.994083 0.000000 -0.108627 0.974981 0.193937 0.784199 0.515928 0.344748 0.784196 0.573277 0.237466 0.375058 0.856437 0.354750 0.375066 0.770765 0.515021 0.784189 -0.438780 0.438771 0.375058 -0.655491 0.655487 0.784191 -0.344746 -0.515941 0.375056 -0.515019 -0.770771 0.784189 0.573287 -0.237463 0.375057 0.856438 -0.354748 0.784193 0.000002 0.620517 0.375057 0.000002 0.927002 0.784189 -0.608599 -0.121057 0.784189 -0.620522 -0.000001 0.375055 -0.927003 -0.000001 0.375057 -0.909190 -0.180849 0.784189 0.608599 -0.121057 0.375059 0.909189 -0.180850 0.784193 0.000002 0.620517 0.375057 0.000002 0.927002 -0.241957 -0.970287 -0.000000 -0.241957 -0.951643 0.189294 -0.297879 -0.936261 0.186234 -0.297880 -0.954603 -0.000000 -0.241958 0.539060 -0.806765 -0.241958 0.371311 -0.896429 -0.297882 0.365310 -0.881938 -0.297882 0.530350 -0.793722 -0.241956 -0.896429 0.371313 -0.297879 -0.881939 0.365312 -0.241958 0.686096 -0.686097 -0.297881 0.675009 -0.675003 -0.241958 0.806764 -0.539063 
						-0.297881 0.793724 -0.530348 -0.241958 0.896428 -0.371313 -0.297882 0.881938 -0.365311 -0.241957 -0.951643 -0.189293 -0.241957 -0.970287 -0.000000 -0.297880 -0.954603 -0.000000 -0.297881 -0.936261 -0.186235 -0.241957 0.951643 -0.189294 -0.297881 0.936261 -0.186234 -0.241957 -0.896429 -0.371312 -0.297882 -0.881937 -0.365312 -0.241957 0.686096 0.686097 -0.241957 0.806764 0.539063 -0.297879 0.793724 0.530349 -0.297878 0.675008 0.675006 -0.241958 -0.806764 -0.539062 -0.297881 -0.793724 -0.530348 -0.241955 0.371311 0.896429 -0.241956 0.539061 0.806765 -0.297878 0.530349 0.793724 -0.297879 0.365309 0.881940 -0.241959 -0.686097 -0.686095 -0.297881 -0.675010 -0.675003 -0.241955 0.189294 0.951644 -0.297878 0.186236 0.936261 -0.241958 -0.539061 -0.806765 -0.297882 -0.530350 -0.793722 -0.241955 -0.000001 0.970288 -0.297878 -0.000001 0.954604 -0.241958 -0.371312 -0.896429 -0.297882 -0.365309 -0.881939 -0.241955 -0.189295 0.951644 -0.241955 -0.000001 0.970288 -0.297878 -0.000001 0.954604 -0.297878 -0.186237 0.936261 -0.241958 -0.189295 -0.951643 -0.297882 -0.186232 -0.936261 -0.241955 -0.371311 0.896429 -0.297879 -0.365308 0.881940 -0.241958 0.000001 -0.970287 -0.297883 0.000001 -0.954603 -0.241956 -0.539062 0.806765 -0.297879 -0.530348 0.793725 -0.241957 0.189295 -0.951643 -0.241958 0.000001 -0.970287 -0.297883 0.000001 -0.954603 -0.297882 0.186233 -0.936260 -0.382607 -0.906158 0.180247 -0.382610 -0.853581 0.353568 -0.526913 -0.785222 0.325251 -0.526913 -0.833588 0.165810 0.948406 -0.224199 0.224188 0.948408 -0.176147 0.263619 0.948408 0.121329 -0.292918 0.948408 0.061855 -0.310961 0.948407 -0.263623 0.176145 0.948408 0.176147 -0.263617 0.948410 -0.292913 0.121330 0.948414 0.310943 0.061854 0.948408 0.317053 -0.000000 0.784189 0.620522 -0.000001 0.784193 0.608594 0.121058 0.948406 0.224199 -0.224188 0.948411 -0.310950 0.061854 
						0.948412 0.292906 0.121331 0.948407 0.263624 -0.176145 0.948408 -0.317053 -0.000000 0.948409 0.263616 0.176145 0.948407 0.292922 -0.121331 0.948406 -0.310967 -0.061854 0.948408 -0.317053 -0.000000 0.948408 0.224191 0.224188 0.948406 0.310967 -0.061854 0.948407 -0.292921 -0.121331 0.948409 0.176139 0.263618 0.948408 0.317053 -0.000000 0.784189 0.620522 -0.000001 0.948407 -0.263624 -0.176145 0.948409 0.121320 0.292919 0.948406 -0.224199 -0.224188 0.948409 0.061855 0.310959 0.948410 -0.176139 -0.263618 0.948409 -0.000000 0.317050 0.948409 -0.121320 -0.292918 0.948408 -0.061855 0.310959 0.948409 -0.000000 0.317050 0.948408 -0.061854 -0.310961 0.948408 -0.121329 0.292919 0.948408 -0.000000 -0.317053 -0.885503 -0.328535 0.328555 -0.885509 -0.258096 0.386341 -1.000000 -0.000000 -0.000001 -0.241956 0.896428 0.371314 -0.297879 0.881938 0.365312 -0.382610 0.768203 -0.513298 -0.382607 0.653307 -0.653301 -0.526908 0.600993 -0.600979 -0.526915 0.706681 -0.472189 -0.382607 -0.923911 -0.000000 -0.526915 -0.849918 -0.000000 -0.382608 0.768204 0.513297 -0.382607 0.853583 0.353565 -0.526915 0.785222 0.325250 -0.526913 0.706681 0.472191 -0.382610 0.853581 -0.353567 -0.526910 0.785226 -0.325248 -0.382608 -0.906158 -0.180247 -0.382607 -0.923911 -0.000000 -0.526915 -0.849918 -0.000000 -0.526912 -0.833589 -0.165811 -0.382607 0.653304 0.653304 -0.526909 0.600987 0.600984 -0.382608 0.906158 -0.180246 -0.526910 0.833591 -0.165810 -0.382610 -0.853581 -0.353567 -0.526913 -0.785223 -0.325249 -0.382607 0.513296 0.768205 -0.526911 0.472191 0.706682 -0.241956 0.951643 0.189294 -0.297879 0.936261 0.186234 -0.382609 -0.768203 -0.513298 -0.526916 -0.706680 -0.472191 -0.382607 0.353565 0.853583 -0.526913 0.325250 0.785223 -0.382608 -0.653306 -0.653301 -0.526911 -0.600986 -0.600983 -0.382607 0.180249 0.906158 -0.526912 0.165810 0.833589 
						-0.382610 -0.513297 -0.768203 -0.526911 -0.472191 -0.706682 -0.382607 0.000004 0.923911 -0.526913 0.000004 0.849919 -0.382610 -0.353563 -0.853582 -0.526913 -0.325245 -0.785225 -0.382607 -0.180245 0.906159 -0.382607 0.000004 0.923911 -0.526913 0.000004 0.849919 -0.526913 -0.165811 0.833589 -0.382609 -0.180241 -0.906159 -0.526914 -0.165806 -0.833589 -0.382607 -0.353565 0.853583 -0.526914 -0.325250 0.785223 -0.382610 0.000004 -0.923910 -0.526914 0.000004 -0.849919 -0.382607 -0.513294 0.768206 -0.526913 -0.472189 0.706683 -0.382611 0.180246 -0.906157 -0.382610 0.000004 -0.923910 -0.526914 0.000004 -0.849919 -0.526914 0.165815 -0.833587 -0.382608 -0.653302 0.653306 -0.526908 -0.600990 0.600981 -0.382611 0.353565 -0.853581 -0.526915 0.325245 -0.785224 -0.382609 -0.768202 0.513299 -0.526913 -0.706681 0.472192 -0.382609 0.513300 -0.768201 -0.526911 0.472192 -0.706681 -0.382605 0.906159 0.180246 -0.382606 0.923912 0.000001 -0.526915 0.849918 0.000000 -0.526915 0.833587 0.165812 -0.025666 0.980462 -0.195026 -0.038460 0.980060 -0.194946 -0.038460 0.999260 0.000000 -0.025666 0.999671 0.000000 -0.025666 0.923575 -0.382557 -0.038460 0.923196 -0.382400 -0.025666 0.831196 -0.555387 -0.038460 0.830854 -0.555159 -0.025666 0.706874 -0.706874 -0.038460 0.706584 -0.706584 -0.025666 0.555387 -0.831196 -0.038460 0.555159 -0.830854 -0.025666 0.382558 -0.923575 -0.038460 0.382401 -0.923196 -0.025666 0.195026 -0.980462 -0.038460 0.194946 -0.980060 -0.025666 -0.000000 -0.999671 -0.038460 -0.000000 -0.999260 -0.025666 -0.195026 -0.980462 -0.038460 -0.194946 -0.980060 -0.038460 -0.000000 -0.999260 -0.025666 -0.000000 -0.999671 -0.025666 -0.382558 -0.923575 -0.038460 -0.382401 -0.923196 -0.025666 -0.555387 -0.831196 -0.038460 -0.555159 -0.830854 -0.025666 -0.706874 -0.706874 -0.038460 -0.706584 -0.706583 -0.025666 -0.831195 -0.555388 -0.038460 -0.830854 -0.555159 
						-0.025666 -0.923575 -0.382558 -0.038460 -0.923196 -0.382401 -0.025666 -0.980462 -0.195026 -0.038460 -0.980060 -0.194946 -0.025666 -0.999671 -0.000000 -0.038459 -0.999260 -0.000000 -0.025666 -0.980462 0.195026 -0.038460 -0.980060 0.194946 -0.038459 -0.999260 -0.000000 -0.025666 -0.999671 -0.000000 -0.025666 -0.923575 0.382558 -0.038460 -0.923196 0.382401 -0.025666 -0.831196 0.555387 -0.038459 -0.830855 0.555159 -0.025666 -0.706874 0.706874 -0.038459 -0.706583 0.706584 -0.025666 -0.555388 0.831195 -0.038459 -0.555160 0.830854 -0.025665 -0.382556 0.923576 -0.038459 -0.382400 0.923196 -0.025666 -0.195025 0.980462 -0.038459 -0.194944 0.980060 -0.025666 -0.000000 0.999671 -0.038460 -0.000000 0.999260 -0.025666 0.195026 0.980462 -0.038459 0.194946 0.980060 -0.038460 -0.000000 0.999260 -0.025666 -0.000000 0.999671 -0.025666 0.382556 0.923576 -0.038459 0.382400 0.923196 -0.025666 0.555387 0.831196 -0.038459 0.555158 0.830855 -0.025666 0.706874 0.706873 -0.038459 0.706583 0.706584 -0.025666 0.831196 0.555387 -0.038459 0.830855 0.555159 0.000000 0.923880 0.382683 -0.008556 0.923846 0.382669 -0.025666 0.999671 0.000000 -0.038460 0.999260 0.000000 0.000000 0.980785 0.195090 -0.008556 0.980749 0.195083 0.948408 -0.000000 -0.317053 -0.046922 0.922862 -0.382262 -0.051165 0.922669 -0.382183 -0.051165 0.979501 -0.194835 -0.046922 0.979705 -0.194876 -0.046922 0.830554 -0.554958 -0.051165 0.830380 -0.554843 -0.046922 0.706328 -0.706327 -0.051165 0.706181 -0.706180 -0.046922 0.554958 -0.830554 -0.051165 0.554843 -0.830380 -0.046922 0.382263 -0.922862 -0.051165 0.382183 -0.922669 -0.046922 0.194875 -0.979705 -0.051165 0.194833 -0.979501 -0.046922 -0.000000 -0.998899 -0.051165 -0.000001 -0.998690 -0.046922 -0.194875 -0.979705 -0.051165 -0.194835 -0.979501 -0.051165 -0.000001 -0.998690 -0.046922 -0.000000 -0.998899 -0.046922 -0.382263 -0.922862 
						-0.051165 -0.382183 -0.922669 -0.046922 -0.554959 -0.830554 -0.051165 -0.554843 -0.830380 -0.046922 -0.706329 -0.706327 -0.051165 -0.706182 -0.706179 -0.046922 -0.830554 -0.554958 -0.051165 -0.830380 -0.554843 -0.046922 -0.922862 -0.382262 -0.051165 -0.922669 -0.382183 -0.046922 -0.979705 -0.194876 -0.051165 -0.979501 -0.194835 -0.046922 -0.998899 -0.000000 -0.051165 -0.998690 -0.000000 -0.046922 -0.979705 0.194876 -0.051165 -0.979501 0.194835 -0.051165 -0.998690 -0.000000 -0.046922 -0.998899 -0.000000 -0.046922 -0.922862 0.382262 -0.051165 -0.922670 0.382182 -0.046922 -0.830554 0.554958 -0.051166 -0.830380 0.554843 -0.046922 -0.706327 0.706329 -0.051165 -0.706180 0.706182 -0.046922 -0.554958 0.830554 -0.051165 -0.554842 0.830381 -0.046922 -0.382262 0.922862 -0.051165 -0.382183 0.922669 -0.046922 -0.194875 0.979705 -0.051165 -0.194835 0.979501 -0.046922 0.000000 0.998899 -0.051165 0.000001 0.998690 -0.046922 0.194876 0.979705 -0.051165 0.194836 0.979501 -0.051165 0.000001 0.998690 -0.046922 0.000000 0.998899 -0.046922 0.382262 0.922862 -0.051165 0.382183 0.922669 -0.046922 0.554958 0.830554 -0.051165 0.554842 0.830381 -0.046922 0.706327 0.706329 -0.051165 0.706180 0.706181 -0.046922 0.830554 0.554958 -0.051165 0.830381 0.554843 -0.046922 0.922862 0.382261 -0.051165 0.922670 0.382181 -0.046922 0.979705 0.194875 -0.051165 0.979501 0.194835 -0.885499 0.090614 -0.455720 -0.885498 -0.000000 -0.464643 -1.000000 -0.000000 -0.000001 -0.885502 -0.177783 0.429277 -0.885498 -0.000000 -0.464643 -0.885494 -0.090666 -0.455720 -1.000000 -0.000000 -0.000001 -0.885500 -0.090614 0.455717 -0.885495 -0.177833 -0.429271 -0.885496 -0.000000 0.464646 -0.885505 -0.258113 -0.386341 -0.885496 -0.000000 0.464646 -0.885496 0.090664 0.455715 -1.000000 -0.000000 -0.000001 -0.885499 -0.328550 -0.328552 -0.885493 0.177833 0.429276 -0.885498 -0.386338 -0.258140 
						-0.885507 0.258110 0.386337 -0.885495 -0.429280 -0.177812 -0.885488 0.464662 -0.000000 -0.885495 0.455721 -0.090648 -0.885498 0.328552 0.328554 -0.885494 -0.455722 -0.090648 -0.885493 0.429285 -0.177810 -0.885495 0.386342 0.258144 -0.885488 -0.464662 -0.000000 -0.885496 0.386344 -0.258138 -0.885497 0.429276 0.177810 -0.885488 -0.464662 -0.000000 -0.885495 -0.455721 0.090648 -0.885504 0.328534 -0.328554 -0.885496 0.455719 0.090648 -0.885494 -0.429284 0.177809 -0.885508 0.258097 -0.386343 -0.885488 0.464662 -0.000000 -0.885493 -0.386349 0.258143 -0.885504 0.177782 -0.429275 0.604940 0.155343 -0.780971 0.604940 0.304722 -0.735658 0.729515 0.261742 -0.631902 0.729515 0.133430 -0.670824 0.826311 -0.563215 0.000000 0.826313 -0.552390 -0.109876 0.951237 -0.302536 -0.060177 0.951238 -0.308459 0.000000 0.604941 0.304718 0.735658 0.604943 0.155344 0.780969 0.729516 0.133436 0.670821 0.729515 0.261745 0.631901 0.604943 0.735656 -0.304720 0.729516 0.631900 -0.261742 0.604943 -0.662072 -0.442386 0.604942 -0.563046 -0.563050 0.729518 -0.483630 -0.483638 0.729518 -0.568691 -0.379993 0.604941 -0.304718 0.735659 0.604939 -0.442387 0.662075 0.729513 -0.379994 0.568696 0.729514 -0.261745 0.631901 0.604940 0.780971 0.155344 0.604937 0.735662 0.304718 0.729513 0.631904 0.261741 0.729514 0.670824 0.133435 0.604940 -0.155344 -0.780971 0.604940 -0.000000 -0.796271 0.729513 -0.000000 -0.683967 0.729514 -0.133430 -0.670825 0.604942 -0.662072 0.442386 0.604942 -0.735657 0.304721 0.729515 -0.631900 0.261743 0.729515 -0.568695 0.379992 0.604941 -0.780970 0.155345 0.729514 -0.670824 0.133435 0.604940 -0.000000 -0.796271 0.729513 -0.000000 -0.683967 0.604939 -0.796272 -0.000000 0.729509 -0.683971 -0.000000 0.826316 -0.520335 -0.215532 0.951237 -0.284981 -0.118042 0.604941 -0.155342 0.780971 0.729516 -0.133433 0.670822 
						0.826318 0.468285 0.312903 0.826318 0.398241 0.398250 0.951239 0.218107 0.218113 0.951241 0.256462 0.171371 0.826311 0.563214 0.000000 0.951238 0.308458 0.000000 0.826314 -0.109873 -0.552389 0.826313 -0.000000 -0.563211 0.951238 0.000000 -0.308458 0.951238 -0.060176 -0.302531 0.604939 0.442387 0.662075 0.729513 0.379994 0.568696 0.096672 -0.000000 -0.995316 0.365939 -0.000000 -0.930639 0.096673 -0.995316 -0.000000 0.365940 -0.930639 0.000000 0.604939 -0.796272 -0.000000 0.604944 -0.780968 -0.155346 0.729516 -0.670822 -0.133436 0.729509 -0.683971 -0.000000 0.604941 -0.000000 0.796270 0.729515 -0.000000 0.683964 0.604940 0.780971 -0.155345 0.729513 0.670825 -0.133435 0.604939 -0.442388 -0.662074 0.729514 -0.379994 -0.568695 0.604941 -0.563048 0.563048 0.729516 -0.483635 0.483636 0.604940 0.662075 0.442385 0.604941 0.563048 0.563048 0.729517 0.483633 0.483636 0.729516 0.568694 0.379992 1.000000 -0.000002 -0.000000 0.951237 -0.302535 0.060177 0.951238 -0.308459 0.000000 1.000000 -0.000002 -0.000000 0.951237 0.218118 -0.218113 0.951238 -0.284978 0.118042 0.951239 0.171362 -0.256475 0.951240 -0.256466 0.171371 0.951239 0.118028 -0.284979 0.951239 -0.218109 0.218114 0.951238 0.060176 -0.302531 0.951238 0.000000 -0.308458 1.000000 -0.000002 -0.000000 0.951238 -0.060176 0.302531 0.951238 -0.118042 -0.284979 0.951238 -0.000000 0.308457 0.951237 -0.171374 -0.256473 0.951238 -0.000000 0.308457 0.951237 0.302535 -0.060177 0.951238 0.308458 0.000000 0.096673 0.995316 0.000000 -0.000000 1.000000 0.000000 0.000000 0.980785 0.195090 0.096673 0.976192 0.194176 -0.000000 1.000000 0.000000 -0.000000 1.000000 0.000000 0.000000 0.980785 0.195090 0.000000 0.980785 0.195090 -0.000000 1.000000 0.000000 -0.000000 1.000000 0.000000 0.000000 0.980785 0.195090 0.000000 0.980785 0.195090 
						-0.000000 1.000000 0.000000 0.000000 1.000000 0.000001 0.000000 0.980785 0.195090 0.000000 0.980785 0.195090 0.000000 1.000000 0.000001 -0.000000 1.000000 0.000001 0.000000 0.980785 0.195090 0.000000 0.980785 0.195090 0.000000 0.923880 0.382684 0.096673 0.919553 0.380891 0.000000 0.923880 0.382683 0.000000 0.923880 0.382684 0.000000 0.923880 0.382683 0.000000 0.923880 0.382683 0.000000 0.923879 0.382684 0.000000 0.923880 0.382683 0.000000 0.923880 0.382683 0.000000 0.923879 0.382684 0.000000 0.831470 0.555570 0.096673 0.827575 0.552968 0.000000 0.831470 0.555570 0.000000 0.831470 0.555570 0.000000 0.831470 0.555570 0.000000 0.831470 0.555570 0.000000 0.831470 0.555570 0.000000 0.831470 0.555570 0.000000 0.831470 0.555570 0.000000 0.831470 0.555570 0.000000 0.707107 0.707107 0.096673 0.703794 0.703796 0.000000 0.707107 0.707107 0.000000 0.707107 0.707107 0.000000 0.707107 0.707106 0.000000 0.707107 0.707107 0.000000 0.707107 0.707106 0.000000 0.707107 0.707106 0.000000 0.707107 0.707107 0.000000 0.707107 0.707106 0.000000 0.555570 0.831470 0.096674 0.552967 0.827576 0.000000 0.555570 0.831470 0.000000 0.555570 0.831470 0.000000 0.555570 0.831470 0.000000 0.555570 0.831470 0.000000 0.555570 0.831470 0.000000 0.555570 0.831470 0.000000 0.555570 0.831470 0.000000 0.555570 0.831470 0.000000 0.382683 0.923880 0.096673 0.380891 0.919552 0.000000 0.382683 0.923880 0.000000 0.382683 0.923880 0.000000 0.382683 0.923880 0.000000 0.382683 0.923880 0.000000 0.382683 0.923880 0.000000 0.382683 0.923880 0.000000 0.382683 0.923880 0.000000 0.382683 0.923880 0.000000 0.195091 0.980785 0.096672 0.194177 0.976192 0.000000 0.195091 0.980785 0.000000 0.195091 0.980785 0.000000 0.195090 0.980785 0.000000 0.195091 0.980785 
						0.000000 0.195090 0.980785 0.000000 0.195090 0.980785 0.000000 0.195091 0.980785 0.000000 0.195090 0.980785 0.000000 -0.000000 1.000000 0.096672 -0.000000 0.995316 0.000000 -0.000000 1.000000 0.000000 -0.000000 1.000000 0.000000 -0.000000 1.000000 0.000000 -0.000000 1.000000 0.000000 -0.000000 1.000000 0.000000 -0.000000 1.000000 0.000000 -0.000000 1.000000 0.000000 -0.000000 1.000000 0.096672 -0.000000 0.995316 0.000000 -0.000000 1.000000 0.000000 -0.195091 0.980785 0.096672 -0.194176 0.976192 0.000000 -0.195091 0.980785 0.000000 -0.195091 0.980785 0.000000 -0.000000 1.000000 0.000000 -0.000000 1.000000 0.000000 -0.195090 0.980785 0.000000 -0.195091 0.980785 0.000000 -0.000000 1.000000 0.000000 -0.000000 1.000000 0.000000 -0.195090 0.980785 0.000000 -0.195090 0.980785 0.000000 -0.000000 1.000000 0.000000 -0.000000 1.000000 0.000000 -0.195090 0.980785 0.000000 -0.195090 0.980785 0.000000 -0.382683 0.923880 0.096673 -0.380891 0.919552 0.000000 -0.382683 0.923880 0.000000 -0.382683 0.923880 0.000000 -0.382683 0.923880 0.000000 -0.382683 0.923880 0.000000 -0.382683 0.923880 0.000000 -0.382683 0.923880 0.000000 -0.382684 0.923880 0.000000 -0.382683 0.923880 0.000000 -0.555570 0.831470 0.096673 -0.552967 0.827576 0.000000 -0.555570 0.831470 0.000000 -0.555570 0.831470 0.000000 -0.555570 0.831470 0.000000 -0.555570 0.831470 0.000000 -0.555570 0.831469 0.000000 -0.555570 0.831470 0.000000 -0.555570 0.831470 0.000000 -0.555570 0.831469 0.000000 -0.707107 0.707107 0.096673 -0.703793 0.703797 0.000000 -0.707107 0.707107 0.000000 -0.707107 0.707107 0.000000 -0.707107 0.707106 0.000000 -0.707107 0.707107 0.000000 -0.707107 0.707106 0.000000 -0.707107 0.707106 0.000000 -0.707107 0.707107 0.000000 -0.707107 0.707106 0.000000 -0.831470 0.555570 0.096673 -0.827575 0.552969 
						0.000000 -0.831470 0.555570 0.000000 -0.831470 0.555570 0.000000 -0.831470 0.555570 0.000000 -0.831470 0.555570 0.000000 -0.831470 0.555570 0.000000 -0.831470 0.555570 0.000000 -0.831470 0.555570 0.000000 -0.831470 0.555570 0.000000 -0.923880 0.382683 0.096673 -0.919553 0.380890 0.000000 -0.923880 0.382683 0.000000 -0.923880 0.382683 0.000000 -0.923880 0.382684 0.000000 -0.923880 0.382683 0.000000 -0.923879 0.382684 0.000000 -0.923880 0.382684 0.000000 -0.923879 0.382684 0.000000 -0.923879 0.382684 0.000000 -0.980785 0.195090 0.096673 -0.976192 0.194176 0.000000 -0.980785 0.195090 0.000000 -0.980785 0.195090 0.000000 -0.980785 0.195090 0.000000 -0.980785 0.195090 0.000000 -0.980785 0.195090 0.000000 -0.980785 0.195090 0.000000 -0.980785 0.195090 0.000000 -0.980785 0.195090 -0.000000 -1.000000 -0.000000 0.096673 -0.995316 -0.000000 -0.000000 -1.000000 -0.000000 -0.000000 -1.000000 -0.000000 0.000000 -1.000000 0.000000 -0.000000 -1.000000 -0.000000 0.000000 -1.000000 0.000000 0.000000 -1.000000 0.000000 -0.000000 -1.000000 0.000000 0.000000 -1.000000 0.000000 -0.000000 -0.980785 -0.195090 0.096673 -0.976192 -0.194176 -0.000000 -0.980785 -0.195090 -0.000000 -0.980785 -0.195090 -0.000000 -1.000000 -0.000000 0.000000 -1.000000 0.000000 -0.000000 -0.980785 -0.195090 -0.000000 -0.980785 -0.195090 0.000000 -1.000000 0.000000 0.000000 -1.000000 0.000000 -0.000000 -0.980785 -0.195090 -0.000000 -0.980785 -0.195090 0.000000 -1.000000 0.000000 -0.000000 -1.000000 0.000000 -0.000000 -0.980785 -0.195090 -0.000000 -0.980785 -0.195090 -0.000000 -0.923879 -0.382684 0.096672 -0.919553 -0.380891 -0.000000 -0.923879 -0.382684 -0.000000 -0.923879 -0.382684 -0.000000 -0.923880 -0.382683 -0.000000 -0.923879 -0.382684 -0.000000 -0.923880 -0.382684 -0.000000 -0.923880 -0.382683 -0.000000 -0.923879 -0.382684 -0.000000 -0.923880 -0.382684 
						-0.000000 -0.831469 -0.555570 0.096673 -0.827574 -0.552970 -0.000000 -0.831469 -0.555570 -0.000000 -0.831469 -0.555570 -0.000000 -0.831470 -0.555570 -0.000000 -0.831469 -0.555570 -0.000000 -0.831470 -0.555570 -0.000000 -0.831470 -0.555570 -0.000000 -0.831470 -0.555570 -0.000000 -0.831470 -0.555570 -0.000000 -0.707107 -0.707107 0.096674 -0.703792 -0.703797 -0.000000 -0.707107 -0.707107 -0.000000 -0.707107 -0.707107 -0.000000 -0.707107 -0.707107 -0.000000 -0.707107 -0.707107 -0.000000 -0.707107 -0.707107 -0.000000 -0.707107 -0.707107 -0.000000 -0.707107 -0.707106 -0.000000 -0.707107 -0.707107 -0.000000 -0.555570 -0.831470 0.096673 -0.552968 -0.827575 -0.000000 -0.555570 -0.831470 -0.000000 -0.555570 -0.831470 -0.000000 -0.555570 -0.831470 -0.000000 -0.555570 -0.831470 -0.000000 -0.555570 -0.831470 -0.000000 -0.555570 -0.831470 -0.000000 -0.555570 -0.831470 -0.000000 -0.555570 -0.831470 -0.000000 -0.382684 -0.923879 0.096673 -0.380893 -0.919551 -0.000000 -0.382684 -0.923879 -0.000000 -0.382684 -0.923879 -0.000000 -0.382684 -0.923880 -0.000000 -0.382684 -0.923879 -0.000000 -0.382683 -0.923880 -0.000000 -0.382684 -0.923880 -0.000000 -0.382683 -0.923880 -0.000000 -0.382683 -0.923880 -0.000000 -0.195090 -0.980785 0.096673 -0.194178 -0.976191 -0.000000 -0.195090 -0.980785 -0.000000 -0.195090 -0.980785 -0.000000 -0.195090 -0.980785 -0.000000 -0.195090 -0.980785 -0.000000 -0.195090 -0.980785 -0.000000 -0.195090 -0.980785 -0.000000 -0.195090 -0.980785 -0.000000 -0.195090 -0.980785 -0.000000 -0.000000 -1.000000 0.096672 -0.000000 -0.995316 -0.000000 0.000000 -1.000000 -0.000000 -0.000000 -1.000000 -0.000000 0.000000 -1.000000 -0.000000 0.000000 -1.000000 -0.000000 0.000000 -1.000000 -0.000000 0.000000 -1.000000 -0.000000 0.000000 -1.000000 -0.000000 0.000000 -1.000000 0.096672 -0.000000 -0.995316 -0.000000 -0.000000 -1.000000 -0.000000 0.195090 -0.980785 0.096673 0.194177 -0.976191 
						-0.000000 -0.000000 -1.000000 -0.000000 0.000000 -1.000000 -0.000000 0.195090 -0.980785 -0.000000 0.195090 -0.980785 -0.000000 0.000000 -1.000000 -0.000000 0.000000 -1.000000 -0.000000 0.195090 -0.980785 -0.000000 0.195090 -0.980785 -0.000000 0.000000 -1.000000 -0.000000 0.000000 -1.000000 -0.000000 0.195090 -0.980785 -0.000000 0.195090 -0.980785 -0.000000 0.000000 -1.000000 -0.000000 0.000000 -1.000000 -0.000000 0.195090 -0.980785 -0.000000 0.195090 -0.980785 -0.000000 0.382683 -0.923880 0.096673 0.380890 -0.919553 -0.000000 0.382683 -0.923880 -0.000000 0.382683 -0.923880 -0.000000 0.382683 -0.923880 -0.000000 0.382683 -0.923880 -0.000000 0.382683 -0.923880 -0.000000 0.382683 -0.923880 -0.000000 0.382683 -0.923880 -0.000000 0.382683 -0.923880 -0.000000 0.555570 -0.831470 0.096673 0.552966 -0.827577 -0.000000 0.555570 -0.831470 -0.000000 0.555570 -0.831470 -0.000000 0.555570 -0.831470 -0.000000 0.555570 -0.831470 -0.000000 0.555570 -0.831470 -0.000000 0.555570 -0.831470 -0.000000 0.555570 -0.831470 -0.000000 0.555570 -0.831470 -0.000000 0.707107 -0.707107 0.096673 0.703794 -0.703796 -0.000000 0.707107 -0.707107 -0.000000 0.707107 -0.707107 -0.000000 0.707107 -0.707107 -0.000000 0.707107 -0.707107 -0.000000 0.707107 -0.707107 -0.000000 0.707107 -0.707107 -0.000000 0.707107 -0.707107 -0.000000 0.707107 -0.707107 -0.000000 0.831470 -0.555570 0.096673 0.827574 -0.552969 -0.000000 0.831470 -0.555570 -0.000000 0.831470 -0.555570 -0.000000 0.831470 -0.555570 -0.000000 0.831470 -0.555570 -0.000000 0.831470 -0.555570 -0.000000 0.831470 -0.555570 -0.000000 0.831470 -0.555570 -0.000000 0.831470 -0.555570 -0.000000 0.923879 -0.382684 0.096673 0.919552 -0.380892 -0.000000 0.923880 -0.382684 -0.000000 0.923879 -0.382684 -0.000000 0.923880 -0.382683 -0.000000 0.923880 -0.382684 -0.000000 0.923880 -0.382683 -0.000000 0.923880 -0.382683 
						-0.000000 0.923879 -0.382684 -0.000000 0.923880 -0.382683 -0.000000 0.980785 -0.195090 0.096673 0.976192 -0.194176 -0.000000 0.980785 -0.195090 -0.000000 0.980785 -0.195090 -0.000000 0.980785 -0.195090 -0.000000 0.980785 -0.195090 -0.000000 0.980785 -0.195090 -0.000000 0.980785 -0.195090 -0.000000 0.980785 -0.195090 -0.000000 0.980785 -0.195090 -0.000000 1.000000 0.000000 0.096673 0.995316 0.000000 -0.000000 1.000000 0.000000 -0.000000 1.000000 0.000000 -0.000000 1.000000 0.000000 -0.000000 1.000000 0.000000 0.000000 1.000000 0.000001 -0.000000 1.000000 0.000000 -0.000000 1.000000 0.000001 0.000000 1.000000 0.000001 -0.182235 0.964362 0.191824 -0.182236 0.983255 0.000000 -0.241957 0.970287 0.000001 -0.182235 0.908409 0.376275 -0.182236 0.817547 0.546266 -0.182236 0.695266 0.695266 -0.182234 0.546265 0.817548 -0.182234 0.376274 0.908410 -0.182234 0.191824 0.964362 -0.182235 -0.000000 0.983255 -0.182234 -0.191824 0.964362 -0.182235 -0.000000 0.983255 -0.182234 -0.376275 0.908410 -0.182235 -0.546268 0.817546 -0.182235 -0.695268 0.695265 -0.182235 -0.817548 0.546265 -0.182235 -0.908409 0.376275 -0.182235 -0.964362 0.191824 -0.182236 -0.983255 -0.000000 -0.182236 -0.964362 -0.191824 -0.182236 -0.983255 -0.000000 -0.182235 -0.908409 -0.376275 -0.182236 -0.817546 -0.546267 -0.182236 -0.695267 -0.695265 -0.182236 -0.546267 -0.817546 -0.182237 -0.376274 -0.908410 -0.182237 -0.191825 -0.964361 -0.182236 0.000000 -0.983255 -0.182236 0.191824 -0.964362 -0.182236 0.000000 -0.983255 -0.182236 0.376275 -0.908409 -0.182235 0.546268 -0.817546 -0.182235 0.695265 -0.695267 -0.182236 0.817545 -0.546269 -0.182237 0.908408 -0.376277 -0.241957 0.970287 0.000001 -0.675911 0.722822 0.143781 -0.675906 0.736988 0.000000 -0.885488 0.464662 -0.000000 -0.885496 0.455719 0.090648 -0.675906 0.736988 0.000000 -0.675904 0.722828 -0.143779 
						-0.885495 0.455721 -0.090648 -0.885488 0.464662 -0.000000 -0.675914 0.680879 0.282034 -0.885497 0.429276 0.177810 -0.675906 0.612782 0.409450 -0.885495 0.386342 0.258144 -0.675900 0.521136 0.521130 -0.885498 0.328552 0.328554 -0.675909 0.409442 0.612785 -0.885507 0.258110 0.386337 -0.675907 0.282028 0.680890 -0.885493 0.177833 0.429276 -0.675903 0.143788 0.722828 -0.885496 0.090664 0.455715 -0.675905 0.000000 0.736989 -0.885496 -0.000000 0.464646 -0.675904 -0.143795 0.722826 -0.675905 0.000000 0.736989 -0.885496 -0.000000 0.464646 -0.885500 -0.090614 0.455717 -0.675907 -0.282030 0.680888 -0.885502 -0.177783 0.429277 -0.675906 -0.409448 0.612784 -0.885509 -0.258096 0.386341 -0.675895 -0.521147 0.521125 -0.885503 -0.328535 0.328555 -0.675902 -0.612787 0.409449 -0.885493 -0.386349 0.258143 -0.675906 -0.680888 0.282032 -0.885494 -0.429284 0.177809 -0.675907 -0.722826 0.143779 -0.885495 -0.455721 0.090648 -0.675905 -0.736989 0.000000 -0.885488 -0.464662 -0.000000 -0.675906 -0.722826 -0.143781 -0.675905 -0.736989 0.000000 -0.885488 -0.464662 -0.000000 -0.885494 -0.455722 -0.090648 -0.675909 -0.680884 -0.282034 -0.885495 -0.429280 -0.177812 -0.675910 -0.612779 -0.409448 -0.885498 -0.386338 -0.258140 -0.675904 -0.521133 -0.521128 -0.885499 -0.328550 -0.328552 -0.675908 -0.409442 -0.612785 -0.885505 -0.258113 -0.386341 -0.675907 -0.282027 -0.680890 -0.885495 -0.177833 -0.429271 -0.675904 -0.143789 -0.722827 -0.885494 -0.090666 -0.455720 -0.675906 -0.000000 -0.736988 -0.885498 -0.000000 -0.464643 -0.675904 0.143795 -0.722826 -0.675906 -0.000000 -0.736988 -0.885498 -0.000000 -0.464643 -0.885499 0.090614 -0.455720 -0.675907 0.282028 -0.680890 -0.885504 0.177782 -0.429275 -0.675905 0.409448 -0.612784 -0.885508 0.258097 -0.386343 -0.675899 0.521145 -0.521123 -0.885504 0.328534 -0.328554 -0.675906 0.612786 -0.409445 -0.885496 0.386344 -0.258138 
						-0.675903 0.680892 -0.282032 -0.885493 0.429285 -0.177810 -0.382606 0.923912 0.000001 -0.526915 0.849918 0.000000 -0.297880 0.954603 0.000000 -0.297880 0.954603 0.000000 0.060326 0.998179 0.000000 0.060327 0.978999 -0.194736 0.060324 0.922197 0.381987 -0.108627 0.918412 0.380420 0.060325 0.829956 0.554557 -0.108627 0.826551 0.552281 0.060325 0.705820 0.705818 -0.108626 0.702923 0.702922 0.060324 0.554560 0.829954 -0.108627 0.552281 0.826551 0.060324 0.381988 0.922196 -0.108627 0.380418 0.918413 0.060323 0.194736 0.978999 -0.108627 0.193937 0.974981 0.060322 -0.000001 0.998179 -0.108628 -0.000000 0.994083 0.060324 -0.194736 0.978999 0.060322 -0.000001 0.998179 -0.108628 -0.000000 0.994083 -0.108627 -0.193936 0.974982 0.060325 -0.381987 0.922197 -0.108627 -0.380418 0.918413 0.060325 -0.554558 0.829955 -0.108628 -0.552282 0.826550 0.060325 -0.705818 0.705820 -0.108627 -0.702923 0.702922 0.060326 -0.829956 0.554558 -0.108627 -0.826550 0.552282 0.060325 -0.922197 0.381987 -0.108627 -0.918412 0.380420 0.060325 -0.978999 0.194737 -0.108627 -0.974981 0.193937 0.060326 -0.998179 -0.000000 -0.108627 -0.994083 -0.000000 0.060326 -0.978999 -0.194736 0.060326 -0.998179 -0.000000 -0.108627 -0.994083 -0.000000 -0.108627 -0.974981 -0.193937 0.060325 -0.922197 -0.381987 -0.108627 -0.918412 -0.380420 0.060325 -0.829956 -0.554557 -0.108627 -0.826550 -0.552282 0.060325 -0.705819 -0.705819 -0.108627 -0.702925 -0.702920 0.060325 -0.554558 -0.829955 -0.108627 -0.552284 -0.826549 0.060326 -0.381988 -0.922196 -0.108626 -0.380418 -0.918413 0.060324 -0.194735 -0.978999 -0.108627 -0.193936 -0.974982 0.060323 -0.000001 -0.998179 -0.108629 -0.000000 -0.994082 0.060324 0.194732 -0.979000 0.060323 -0.000001 -0.998179 -0.108629 -0.000000 -0.994082 -0.108627 0.193933 -0.974982 0.060326 0.381985 -0.922197 -0.108626 0.380419 -0.918413 
						0.060325 0.554558 -0.829955 -0.108628 0.552284 -0.826548 0.060325 0.705818 -0.705820 -0.108628 0.702923 -0.702922 0.060325 0.829956 -0.554557 -0.108627 0.826549 -0.552283 0.060326 0.922197 -0.381986 -0.108627 0.918412 -0.380420 0.375055 0.927002 -0.000000 0.375052 0.909192 0.180848 0.375055 0.927002 -0.000000 -0.046922 0.998899 0.000000 -0.046922 0.998899 0.000000 -0.051165 0.998690 0.000000 -0.008556 0.999963 0.000000 -0.008556 0.980749 -0.195083 -0.008556 0.923846 -0.382670 -0.008556 0.831439 -0.555550 -0.008556 0.707081 -0.707081 -0.008556 0.555550 -0.831439 -0.008556 0.382670 -0.923846 -0.008556 0.195083 -0.980749 -0.008557 0.000000 -0.999963 -0.008557 0.000000 -0.999963 -0.008556 -0.195083 -0.980749 -0.008556 -0.382669 -0.923846 -0.008556 -0.555550 -0.831439 -0.008556 -0.707081 -0.707081 -0.008556 -0.831439 -0.555550 -0.008556 -0.923846 -0.382670 -0.008556 -0.980749 -0.195083 -0.008556 -0.999963 -0.000000 -0.008556 -0.999963 -0.000000 -0.008556 -0.980749 0.195083 -0.008556 -0.923846 0.382669 -0.008556 -0.831439 0.555550 -0.008556 -0.707081 0.707081 -0.008556 -0.555550 0.831439 -0.008556 -0.382669 0.923846 -0.008556 -0.195083 0.980749 -0.008556 -0.000000 0.999963 -0.008556 -0.000000 0.999963 -0.008556 0.195084 0.980749 -0.008556 0.382669 0.923846 -0.008556 0.555549 0.831440 -0.008556 0.707081 0.707081 -0.008556 0.831439 0.555550 -0.008556 0.923846 0.382669 -0.008556 0.980749 0.195083 -0.008556 0.999963 0.000000 -0.000000 1.000000 0.000001 -0.008556 0.999963 0.000000 0.604945 -0.735653 -0.304722 0.604939 0.796272 -0.000000 0.604939 0.796272 -0.000000 0.604939 -0.304725 -0.735657 0.604941 -0.000000 0.796270 0.826315 -0.398246 0.398250 0.729515 -0.261744 -0.631901 0.826314 0.468292 -0.312902 0.826315 0.520337 -0.215531 0.826314 0.000000 0.563209 0.729518 -0.631897 -0.261744 0.826314 0.109874 -0.552388 
						0.826315 0.215527 -0.520339 0.826314 -0.520338 0.215531 0.826313 -0.552389 0.109877 0.826315 -0.215526 -0.520338 0.826313 0.552390 -0.109876 0.826311 0.563214 0.000000 0.826314 0.000000 0.563209 0.826314 -0.109877 0.552387 0.826315 0.312898 -0.468293 0.826315 0.398248 -0.398250 0.826314 -0.468292 0.312903 0.729509 0.683971 -0.000000 0.826316 -0.312899 -0.468291 0.729515 -0.000000 0.683964 0.826311 -0.563215 0.000000 0.826313 -0.000000 -0.563211 0.729509 0.683971 -0.000000 -0.051165 0.998690 0.000000 
					</float_array>
					<technique_common>
						<accessor count="1298" offset="0" source="#meshId1-normals-array" stride="3">
							<param name="X" type="float" />
							<param name="Y" type="float" />
							<param name="Z" type="float" />
						</accessor>
					</technique_common>
				</source>
				<source id="meshId1-tangents" name="meshId1-tangents">
					<float_array id="meshId1-tangents-array" count="3894"> 
						-0.999536 -0.021962 -0.021128 -0.999008 -0.033329 -0.029528 -0.999148 -0.029801 -0.028543 -0.999610 -0.019486 -0.020021 1.000000 0.000001 -0.000002 0.999963 0.007115 0.004753 0.999963 0.006050 0.006050 1.000000 0.000001 -0.000001 0.999963 0.004752 0.007115 1.000000 -0.000000 0.000000 0.999963 0.003272 0.007906 1.000000 -0.000002 0.000001 0.999963 0.001665 0.008393 1.000000 -0.000003 0.000000 0.999963 -0.000005 0.008556 1.000000 -0.000003 -0.000000 1.000000 0.000004 -0.000000 0.999963 0.000003 0.008556 0.999963 -0.001667 0.008392 1.000000 0.000003 0.000000 0.999963 -0.003273 0.007905 1.000000 0.000002 0.000001 0.999963 -0.004754 0.007114 1.000000 0.000001 0.000000 0.999963 -0.006051 0.006049 1.000000 -0.000000 -0.000000 0.999963 -0.007116 0.004751 1.000000 -0.000001 -0.000001 0.999963 -0.007906 0.003271 1.000000 -0.000001 -0.000002 0.999963 -0.008393 0.001665 1.000000 -0.000001 -0.000004 0.999963 -0.008556 -0.000005 1.000000 -0.000000 -0.000004 1.000000 -0.000000 0.000004 0.999963 -0.008556 0.000003 0.999963 -0.008392 -0.001667 1.000000 -0.000001 0.000003 0.999963 -0.007905 -0.003274 1.000000 -0.000001 0.000002 0.999963 -0.007114 -0.004754 1.000000 -0.000001 0.000001 0.999963 -0.006049 -0.006051 1.000000 0.000000 -0.000000 0.999963 -0.004751 -0.007116 1.000000 0.000001 -0.000001 0.999963 -0.003271 -0.007906 1.000000 0.000002 -0.000001 0.999963 -0.001664 -0.008393 1.000000 0.000004 -0.000001 0.999963 0.000006 -0.008557 1.000000 0.000004 -0.000000 -1.000000 0.000003 0.000000 -0.999963 0.000002 0.008557 -0.999963 -0.001668 0.008392 -1.000000 0.000002 0.000001 -0.999963 -0.003274 0.007905 -1.000000 0.000001 0.000001 -0.999963 -0.004755 0.007114 -1.000000 -0.000000 0.000000 -0.999963 -0.006052 0.006049 -1.000000 -0.000001 -0.000001 -0.999963 -0.007116 0.004751 -1.000000 -0.000001 -0.000002 
						-0.999963 -0.007907 0.003270 -1.000000 -0.000001 -0.000003 -0.999963 -0.008393 0.001663 -1.000000 -0.000001 -0.000004 0.619851 -0.473943 0.625430 0.616488 -0.403291 0.676239 0.923456 -0.223704 0.311745 0.926280 -0.241039 0.289663 -0.999963 -0.008556 -0.000008 -1.000000 0.000000 -0.000005 0.796453 -0.397514 0.455682 0.728240 -0.532024 0.431992 0.651522 -0.686071 0.323766 0.721836 -0.586666 0.367118 0.170001 0.027672 0.985055 0.122949 0.000674 0.992413 0.000000 0.010170 0.999948 0.726553 -0.433393 -0.533190 0.644388 -0.371378 -0.668462 0.567673 -0.254646 -0.782881 0.649431 -0.325905 -0.687041 0.646698 0.666943 -0.370093 0.558626 0.785405 -0.266599 0.486368 0.860856 -0.149578 0.571253 0.781189 -0.251821 0.559554 0.266272 0.784856 0.472763 0.126642 0.872042 0.404451 0.019724 0.914347 0.487007 0.149183 0.860563 0.900611 -0.425733 -0.087474 0.883326 -0.435248 -0.174052 0.824679 -0.391246 -0.408449 0.854391 -0.396421 -0.335956 0.883281 0.174065 -0.435335 0.848433 0.276219 -0.451514 0.779739 0.492170 -0.387009 0.824909 0.408447 -0.390764 0.849425 0.449972 0.275684 0.796807 0.455269 0.397278 0.722143 0.366715 0.586540 0.780364 0.385962 0.492002 0.849110 -0.275854 0.450462 0.780078 -0.492077 0.386443 0.795423 -0.456883 -0.398196 0.720818 -0.368457 -0.587078 0.727474 0.532557 -0.432626 0.651063 0.686286 -0.324235 0.647775 0.369493 0.666230 0.571989 0.251241 0.780837 0.472440 -0.872207 0.126707 0.409479 -0.911452 -0.039771 0.319421 -0.939252 -0.125600 0.404181 -0.914463 0.019857 0.900455 0.087459 -0.426066 0.854321 0.335930 -0.396593 0.884202 0.433566 0.173805 0.825512 0.389498 0.408438 0.647422 -0.666465 0.369687 0.571682 -0.780985 0.251481 0.547830 -0.270341 -0.791706 0.483641 -0.151250 -0.862099 0.471999 0.872433 -0.126796 0.403901 0.914584 -0.019994 0.901154 -0.087527 0.424572 
						0.883918 -0.173885 0.434112 0.825253 -0.408441 0.390043 0.854847 -0.336137 0.395283 0.409783 -0.039802 0.911314 0.319683 -0.125704 0.939149 0.848365 -0.451619 -0.276256 0.779274 -0.387788 -0.492293 0.795710 0.398008 -0.456548 0.721438 0.586829 -0.367641 0.728618 0.431678 0.531760 0.651840 0.323444 0.685922 0.559209 -0.785061 0.266393 0.486706 -0.860701 0.149368 0.466907 -0.127814 -0.875021 0.404526 -0.019687 -0.914315 0.409114 0.911618 0.039736 0.319191 0.939342 0.125510 0.532409 -0.829747 0.167514 0.497049 -0.853697 0.155381 0.277369 -0.957684 0.076863 0.297435 -0.951305 0.080939 0.496895 -0.155946 -0.853684 0.450120 -0.132867 -0.883028 0.248372 -0.067523 -0.966308 0.277331 -0.077155 -0.957671 0.450585 0.882986 -0.131561 0.393599 0.914105 -0.097430 0.212138 0.975922 -0.050742 0.248467 0.966321 -0.066999 0.559189 0.203009 0.803801 0.480891 0.139042 0.865685 0.405270 0.088128 0.909939 0.478961 0.143557 0.866018 0.252427 -0.967616 -0.000046 0.169833 -0.983743 -0.058370 0.071620 -0.997070 -0.026868 0.122900 -0.992419 0.000810 0.626648 0.248507 0.738618 0.542163 0.185629 0.819512 0.327115 -0.943485 0.053218 0.169948 -0.985059 0.027857 0.970214 -0.194320 0.144654 0.969878 -0.191541 0.150492 0.954194 -0.231258 0.189824 0.954180 -0.231019 0.190186 0.618442 -0.502223 -0.604402 0.620402 -0.567967 -0.540846 0.926959 -0.271848 -0.258545 0.925473 -0.255779 -0.279421 0.613393 0.658345 -0.436269 0.618420 0.604157 -0.502544 0.925255 0.277179 -0.258989 0.920848 0.300181 -0.248857 0.602076 0.385780 0.699055 0.613219 0.437847 0.657459 0.920702 0.250084 0.299611 0.911279 0.251803 0.325832 0.994083 0.108627 -0.000537 0.994022 0.108684 -0.010376 0.981078 0.165365 -0.100699 0.978304 0.181318 -0.100223 0.617850 0.384438 -0.685908 0.610686 0.324468 -0.722346 0.920737 0.186509 -0.342722 
						0.925006 0.203811 -0.320663 0.620195 0.633842 0.462172 0.617502 0.683274 0.389651 0.924559 0.317830 0.210179 0.926687 0.297316 0.229901 0.620480 -0.545775 0.563147 0.926991 -0.261613 0.268785 0.613463 -0.435614 -0.658714 0.921206 -0.245790 -0.301608 0.602416 0.699899 -0.383715 0.911514 0.326184 -0.250492 0.574914 0.376275 0.726561 0.892403 0.270649 0.361062 0.620212 0.461790 -0.634103 0.926736 0.228263 -0.298424 0.620324 0.572051 0.536615 0.926867 0.277176 0.253162 0.618782 -0.608649 0.496643 0.925717 -0.282182 0.251836 0.602860 -0.380955 -0.701023 0.912692 -0.243713 -0.328021 0.575627 0.727453 -0.373451 0.893220 0.361387 -0.267503 0.608255 -0.343992 0.715329 0.587474 -0.321973 0.742434 0.908158 -0.200595 0.367437 0.918114 -0.207958 0.337373 0.995733 -0.045374 -0.080351 0.994108 -0.060080 -0.090216 0.993634 0.108578 0.030031 0.994038 0.104680 0.030517 0.619875 -0.626238 -0.472843 0.616232 -0.674620 -0.406382 0.923576 -0.312358 -0.222353 0.926338 -0.290670 -0.239602 0.620339 0.537170 -0.571513 0.926868 0.253159 -0.277176 0.618379 0.503177 0.603672 0.925220 0.259502 0.276815 0.613680 -0.659841 0.433598 0.921723 -0.303750 0.241171 0.577185 -0.367141 -0.729428 0.895468 -0.258605 -0.362298 0.609933 0.720109 0.330793 0.589022 0.744380 0.314566 0.909326 0.367903 0.194356 0.919799 0.340720 0.194629 0.603265 -0.702042 0.378429 0.913734 -0.329699 0.237462 0.592081 0.299253 -0.748257 0.912583 0.175686 -0.369224 0.960122 -0.239422 0.144367 0.965619 -0.217052 0.143068 0.944156 -0.260173 0.202188 0.934176 -0.291506 0.205767 0.969332 0.171171 -0.176342 0.966542 0.173330 -0.189086 0.947582 0.224999 -0.226857 0.952825 0.215911 -0.213326 0.968856 -0.202431 0.142616 0.950839 -0.240165 0.195515 0.970285 0.172352 -0.169828 0.954603 0.211188 -0.210080 0.969481 0.178382 -0.168184 
						0.952889 0.213956 -0.215002 0.966855 0.190595 -0.169894 0.947609 0.226951 -0.224790 0.959261 -0.205283 -0.194108 0.951187 -0.237194 -0.197437 0.922528 -0.287871 -0.257047 0.935600 -0.247608 -0.251680 0.962163 0.210129 -0.173459 0.938658 0.251769 -0.235655 0.964840 -0.181792 -0.189831 0.945202 -0.218922 -0.242212 0.970257 0.165492 0.176676 0.969170 0.174295 0.174159 0.952639 0.211543 0.218468 0.954581 0.205778 0.215475 0.968334 -0.165550 -0.186873 0.951458 -0.201802 -0.232388 0.967719 0.159524 0.195120 0.969790 0.160971 0.183291 0.953370 0.207545 0.219115 0.948965 0.213588 0.232046 0.970047 -0.155347 -0.186750 0.954370 -0.194950 -0.226215 0.963789 0.160210 0.213175 0.941346 0.220197 0.255696 0.970115 -0.150029 -0.190703 0.953954 -0.196036 -0.227029 0.957551 0.161494 0.238779 0.930453 0.223516 0.290342 0.968503 -0.148419 -0.199934 0.950217 -0.201926 -0.237303 0.958094 -0.201613 0.203491 0.949627 -0.205265 0.236803 0.920603 -0.264513 0.287268 0.934132 -0.258898 0.245701 0.964986 -0.149330 -0.215647 0.943130 -0.209015 -0.258492 0.964032 -0.196735 0.178712 0.944176 -0.248929 0.215791 0.959177 -0.150896 -0.239188 0.932745 -0.212767 -0.291062 0.967864 -0.192811 0.161439 0.950865 -0.238361 0.197585 0.961656 0.177311 -0.209234 0.954318 0.180677 -0.237976 0.926650 0.240220 -0.289160 0.938862 0.234533 -0.252058 0.904727 -0.327914 0.271921 0.916507 -0.302305 0.261965 0.837220 -0.413625 0.357739 0.818087 -0.444541 0.364852 0.316963 0.687681 -0.653169 0.316091 0.590022 -0.742940 0.313285 -0.500619 0.806990 0.308582 -0.405292 0.860532 0.316864 0.768816 -0.555445 0.315648 -0.602725 0.732864 0.315077 0.828177 -0.463517 0.308061 -0.857765 -0.411506 0.294163 -0.879936 -0.373071 0.586232 -0.740855 -0.327821 0.607261 -0.712582 -0.351372 0.316861 -0.695106 0.645312 0.309021 0.863041 -0.399582 
						0.313285 -0.807100 -0.500443 0.316888 -0.770029 0.553749 0.292681 0.875503 -0.384491 0.315852 -0.737340 -0.597133 0.314941 -0.826243 0.467050 0.309125 0.863538 0.398426 0.295916 0.885182 0.359008 0.316955 -0.652937 -0.687905 0.309156 -0.863712 0.398025 0.313853 0.813113 0.490248 0.316834 -0.557084 -0.767642 0.294366 -0.880543 0.371473 0.578888 -0.731574 0.360122 0.316035 0.741497 0.591865 0.315064 -0.463862 -0.827989 0.316963 0.653200 0.687651 0.309097 -0.398702 -0.863421 0.316840 0.556682 0.767931 0.293804 -0.375854 -0.878871 0.315001 0.465400 0.827150 0.309725 0.390380 -0.866991 0.297106 0.349076 -0.888749 0.308845 0.401960 0.862000 0.314055 0.486256 -0.815429 0.292298 0.387378 0.874357 -0.316557 -0.091034 -0.944195 -0.376157 -0.089850 -0.922189 0.000001 -0.020637 -0.999787 0.966412 0.188477 0.174713 0.947524 0.226641 0.225461 0.920989 0.272978 -0.277962 0.923911 0.270765 -0.270323 0.849922 0.372718 -0.372443 0.845411 0.378655 -0.376696 0.887887 -0.367688 0.276517 0.790445 -0.490044 0.367497 0.920665 0.270482 0.281453 0.912060 0.287851 0.292041 0.831595 0.397278 0.388097 0.844931 0.375435 0.380973 0.912118 0.288029 -0.291684 0.831914 0.398133 -0.386535 0.893518 -0.313286 -0.321678 0.872404 -0.361276 -0.329227 0.770388 -0.477609 -0.422365 0.803912 -0.425495 -0.415548 0.923893 0.266061 0.275016 0.849897 0.367170 0.377971 0.897307 0.317972 -0.306161 0.809462 0.432709 -0.396906 0.909047 -0.279434 -0.309112 0.827860 -0.387548 -0.405529 0.921598 0.270834 0.278040 0.846189 0.369274 0.384188 0.961581 0.209101 0.177875 0.939262 0.252625 0.232309 0.919178 -0.260340 -0.295525 0.843179 -0.364815 -0.394918 0.913876 0.280623 0.293395 0.833855 0.376607 0.403551 0.923675 -0.254479 -0.286472 0.849684 -0.355786 -0.389171 0.900879 0.290413 0.322610 0.813157 0.383684 0.437678 
						0.922466 -0.258708 -0.286579 0.847289 -0.357208 -0.393069 0.882883 0.294691 0.365616 0.784012 0.386108 0.486051 0.915620 -0.268591 -0.299165 0.836086 -0.364363 -0.410121 0.891723 -0.328672 0.311135 0.870064 -0.336402 0.360309 0.767682 -0.429130 0.475932 0.801822 -0.422236 0.422845 0.903309 -0.278941 -0.325923 0.816313 -0.371796 -0.442041 0.907787 -0.315715 0.276130 0.826387 -0.411951 0.383901 0.885956 -0.283675 -0.366894 0.788042 -0.374571 -0.488555 0.918458 -0.301513 0.255978 0.842348 -0.400864 0.360219 0.897826 0.303940 -0.318635 0.877862 0.311766 -0.363539 0.777417 0.404146 -0.481964 0.809363 0.397244 -0.432583 0.923494 -0.291653 0.249192 0.849509 -0.394455 0.350343 0.912187 0.291268 -0.288233 0.831765 0.387260 -0.397739 0.922822 -0.290797 0.252658 0.847772 -0.397537 0.351064 0.920960 0.278285 -0.272747 0.845352 0.377257 -0.378229 0.898457 0.319436 0.301224 0.879416 0.364180 0.306594 0.778958 0.482923 0.400012 0.809939 0.433351 0.395228 -0.999537 -0.021974 0.021069 -0.999007 -0.033321 0.029574 -0.998810 -0.038442 0.030016 -0.999438 -0.025660 0.021558 -0.999610 -0.019512 0.019959 -0.999148 -0.029790 0.028569 -0.999656 -0.018292 0.018820 -0.999232 -0.027811 0.027602 -0.999671 -0.018177 0.018120 -0.999260 -0.027188 0.027202 -0.999655 -0.018885 0.018249 -0.999232 -0.027584 0.027823 -0.999610 -0.020021 0.019486 -0.999148 -0.028543 0.029801 -0.999536 -0.021128 0.021963 -0.999008 -0.029528 0.033330 -0.999436 -0.021643 0.025660 -0.998812 -0.029957 0.038442 -0.999536 0.021072 0.021974 -0.999007 0.029577 0.033320 -0.998810 0.030019 0.038442 -0.999438 0.021562 0.025660 -0.999610 0.019962 0.019510 -0.999148 0.028572 0.029789 -0.999656 0.018823 0.018290 -0.999232 0.027604 0.027809 -0.999671 0.018122 0.018175 -0.999260 0.027204 0.027186 -0.999655 0.018251 0.018882 -0.999232 0.027825 0.027581 
						-0.999610 0.019487 0.020017 -0.999148 0.029802 0.028540 -0.999536 0.021963 0.021125 -0.999008 0.033330 0.029525 -0.999437 0.025660 0.021639 -0.998812 0.038442 0.029954 -0.999537 0.021974 -0.021070 -0.999007 0.033320 -0.029575 -0.998810 0.038442 -0.030018 -0.999438 0.025660 -0.021559 -0.999610 0.019511 -0.019961 -0.999148 0.029789 -0.028571 -0.999656 0.018291 -0.018823 -0.999232 0.027810 -0.027603 -0.999671 0.018176 -0.018121 -0.999260 0.027187 -0.027203 -0.999655 0.018883 -0.018250 -0.999232 0.027582 -0.027824 -0.999610 0.020018 -0.019487 -0.999148 0.028540 -0.029802 -0.999536 0.021125 -0.021963 -0.999008 0.029526 -0.033330 -0.999436 0.021640 -0.025660 -0.998812 0.029954 -0.038442 -0.999537 -0.021064 -0.021975 -0.999007 -0.029571 -0.033321 -0.998810 -0.030013 -0.038442 -0.999438 -0.021552 -0.025660 -0.999610 -0.019957 -0.019512 -0.999148 -0.028566 -0.029791 -0.999656 -0.018817 -0.018294 -0.999232 -0.027599 -0.027812 -0.999671 -0.018118 -0.018179 -0.999260 -0.027201 -0.027189 -0.999655 -0.018249 -0.018886 -0.999232 -0.027822 -0.027585 1.000000 0.000001 -0.000003 0.999963 0.007906 0.003272 -0.999436 -0.025660 -0.021645 -0.998812 -0.038442 -0.029957 1.000000 0.000001 -0.000004 0.999963 0.008392 0.001666 0.295038 -0.366133 0.882553 -0.998731 -0.036338 0.034865 -0.998492 -0.039645 0.037963 -0.998244 -0.044331 0.039279 -0.998522 -0.040648 0.036070 -0.998857 -0.033923 0.033684 -0.998641 -0.037016 0.036691 -0.998899 -0.033168 0.033190 -0.998690 -0.036189 0.036169 -0.998857 -0.033659 0.033940 -0.998641 -0.036714 0.037002 -0.998732 -0.034840 0.036348 -0.998492 -0.037984 0.039636 -0.998523 -0.036052 0.040652 -0.998244 -0.039285 0.044330 -0.998230 -0.036579 0.046891 -0.997897 -0.039848 0.051125 -0.998522 0.036072 0.040648 -0.998244 0.039281 0.044331 -0.997897 0.039858 0.051125 -0.998230 0.036594 0.046891 -0.998731 0.034867 0.036337 
						-0.998492 0.037966 0.039644 -0.998857 0.033687 0.033922 -0.998641 0.036694 0.037015 -0.998899 0.033192 0.033166 -0.998690 0.036171 0.036188 -0.998857 0.033941 0.033657 -0.998641 0.037003 0.036712 -0.998732 0.036349 0.034838 -0.998492 0.039637 0.037982 -0.998523 0.040652 0.036050 -0.998244 0.044330 0.039283 -0.998230 0.046890 0.036576 -0.997897 0.051125 0.039845 -0.998522 0.040648 -0.036070 -0.998244 0.044331 -0.039280 -0.997897 0.051125 -0.039857 -0.998230 0.046890 -0.036592 -0.998731 0.036338 -0.034865 -0.998492 0.039645 -0.037964 -0.998857 0.033923 -0.033685 -0.998641 0.037017 -0.036692 -0.998899 0.033168 -0.033190 -0.998690 0.036190 -0.036169 -0.998857 0.033659 -0.033940 -0.998641 0.036715 -0.037001 -0.998732 0.034840 -0.036348 -0.998492 0.037986 -0.039635 -0.998523 0.036052 -0.040652 -0.998244 0.039287 -0.044330 -0.998230 0.036578 -0.046890 -0.997897 0.039850 -0.051124 -0.998522 -0.036068 -0.040648 -0.998244 -0.039280 -0.044331 -0.997897 -0.039858 -0.051124 -0.998230 -0.036589 -0.046890 -0.998731 -0.034863 -0.036338 -0.998492 -0.037964 -0.039644 -0.998857 -0.033683 -0.033924 -0.998641 -0.036691 -0.037016 -0.998899 -0.033189 -0.033169 -0.998690 -0.036169 -0.036190 -0.998857 -0.033939 -0.033661 -0.998641 -0.037001 -0.036715 -0.998732 -0.036347 -0.034842 -0.998492 -0.039635 -0.037986 -0.998523 -0.040651 -0.036054 -0.998244 -0.044329 -0.039288 -0.085367 -0.995831 -0.032132 -0.002528 -0.999985 0.004817 0.000000 -0.999788 -0.020596 -0.422254 -0.077593 -0.903150 -0.464431 -0.030255 0.885093 -0.452296 -0.056476 0.890078 -0.000001 -0.020596 0.999788 -0.452293 -0.056484 -0.890079 -0.422256 -0.077556 0.903153 -0.464433 -0.030293 -0.885090 -0.376171 -0.089798 0.922189 -0.464433 0.030255 -0.885091 -0.452291 0.056484 -0.890080 0.000001 0.020611 -0.999788 -0.316551 -0.091041 0.944196 -0.422263 0.077542 -0.903150 -0.246321 -0.080756 0.965818 
						-0.376166 0.089799 -0.922190 -0.168357 -0.060258 0.983883 -0.464450 -0.885083 -0.030248 -0.452301 -0.890077 -0.056452 -0.316564 0.091014 -0.944195 -0.085399 -0.032146 0.995828 -0.422270 -0.903146 -0.077559 -0.246338 0.080727 -0.965816 -0.002526 0.004815 0.999985 -0.376165 -0.922188 -0.089833 -0.168329 0.060311 -0.983884 -0.002461 0.004691 -0.999986 -0.085374 -0.032194 -0.995829 -0.316540 -0.944202 -0.091021 -0.085361 0.032219 -0.995829 -0.168341 -0.060284 -0.983884 -0.246286 -0.965829 -0.080729 -0.002485 -0.004736 -0.999986 -0.246312 -0.080786 -0.965818 -0.168323 -0.983888 -0.060258 0.726538 0.293698 0.621196 0.682636 0.277177 0.676151 0.594305 0.214714 0.775048 0.635196 0.231547 0.736826 0.555005 0.814266 -0.170120 0.532374 0.829730 -0.167710 0.297513 0.951359 -0.080016 0.307442 0.948101 -0.081144 0.394367 -0.917267 0.055649 0.302817 -0.951976 -0.045204 0.233411 -0.970476 -0.060793 0.323018 -0.946202 0.019017 0.394560 0.055464 0.917195 0.323145 0.018850 0.946162 0.626409 0.738682 -0.248919 0.558670 0.803977 -0.203735 0.478781 0.866067 -0.143861 0.542025 0.819539 -0.185918 0.682078 -0.278420 -0.676205 0.625443 -0.250618 -0.738926 0.540949 -0.188263 -0.819714 0.593819 -0.216062 -0.775046 0.726360 -0.621161 0.294212 0.682452 -0.676165 0.277596 0.594174 -0.775046 0.215087 0.635068 -0.736784 0.232031 0.302819 0.951975 0.045205 0.194457 0.969723 0.147732 0.126385 0.982779 0.134802 0.233563 0.970428 0.060975 0.479569 -0.140574 -0.866171 0.394238 -0.055778 -0.917314 0.322749 -0.019359 -0.946287 0.404932 -0.088631 -0.910041 0.302298 0.044764 -0.952162 0.233523 0.060921 -0.970441 0.757737 0.307316 0.575666 0.663459 0.243039 0.707640 0.194924 0.148086 -0.969575 0.126569 0.134995 -0.982729 0.497398 0.853725 -0.154107 0.277440 0.957702 -0.076377 0.725956 -0.295379 -0.621079 0.634836 -0.232905 -0.736708 
						0.450314 -0.883013 0.132309 0.393196 -0.914182 0.098329 0.212135 -0.975923 0.050727 0.248411 -0.966318 0.067248 0.554726 -0.813857 0.172963 0.307423 -0.948047 0.081845 0.170018 0.983693 0.058668 0.073076 0.991547 0.107213 0.013889 0.998986 0.042830 0.071753 0.997049 0.027291 0.480646 -0.865775 0.139328 0.405099 -0.909990 0.088388 0.901425 0.423990 0.087553 0.855084 0.394692 0.336229 0.406851 0.039517 -0.912639 0.317248 0.124746 -0.940102 0.757493 0.575478 -0.308269 0.726808 0.621254 -0.292906 0.635706 0.736997 -0.229594 0.664565 0.708810 -0.236520 0.757320 -0.308931 -0.575350 0.663223 -0.244400 -0.707392 0.302999 -0.045356 0.951911 0.233541 -0.060941 0.970435 0.480632 0.865780 -0.139347 0.405461 0.909881 -0.087850 0.557207 -0.205801 -0.804466 0.478061 -0.145144 -0.866251 0.626431 -0.738674 0.248888 0.558912 -0.803895 0.203398 0.478662 -0.866097 0.144078 0.542006 -0.819540 0.185967 -0.000002 -0.999947 0.010255 0.071649 0.026953 -0.997066 0.013812 0.042595 -0.998997 -0.000000 -0.010371 -0.999946 0.212098 0.050919 0.975921 0.122888 -0.000881 -0.992420 0.248438 0.067182 0.966315 0.169909 -0.028022 -0.985061 0.277417 0.076538 0.957696 0.212084 -0.050978 -0.975921 0.297455 0.080657 0.951323 0.307430 0.081569 0.948068 0.000002 0.999951 -0.009943 0.297411 -0.081195 -0.951291 0.123106 0.992394 -0.000145 0.307417 -0.082062 -0.948030 0.170020 0.985054 -0.027621 0.013749 -0.999006 -0.042399 0.071644 -0.026940 0.997066 0.013752 -0.042408 0.999006 0.995316 -0.096673 0.000009 1.000000 -0.000000 0.000006 1.000000 -0.000001 0.000006 0.995316 -0.094817 -0.018852 1.000000 -0.000000 0.000006 1.000000 0.000000 0.000003 1.000000 -0.000001 0.000003 1.000000 -0.000001 0.000005 1.000000 0.000000 0.000005 1.000000 0.000000 0.000002 1.000000 -0.000000 0.000002 1.000000 -0.000001 0.000004 
						1.000000 0.000000 0.000004 1.000000 -0.000000 0.000001 1.000000 -0.000000 0.000001 1.000000 -0.000000 0.000002 1.000000 -0.000000 0.000004 1.000000 -0.000000 0.000001 1.000000 -0.000000 0.000001 1.000000 -0.000001 0.000003 1.000000 -0.000002 0.000005 0.995316 -0.089316 -0.036989 1.000000 -0.000001 0.000003 1.000000 -0.000001 0.000003 1.000000 -0.000001 0.000002 1.000000 -0.000001 0.000002 1.000000 -0.000000 0.000000 1.000000 -0.000000 0.000001 1.000000 -0.000000 0.000001 1.000000 -0.000000 0.000001 1.000000 -0.000002 0.000004 0.995316 -0.080384 -0.053704 1.000000 -0.000001 0.000001 1.000000 -0.000002 0.000002 1.000000 -0.000000 0.000000 1.000000 -0.000001 0.000002 1.000000 -0.000000 0.000000 1.000000 -0.000000 0.000000 1.000000 -0.000000 0.000000 1.000000 -0.000000 0.000001 1.000000 -0.000001 0.000001 0.995316 -0.068361 -0.068355 1.000000 0.000001 -0.000001 1.000000 -0.000001 0.000001 1.000000 0.000001 -0.000001 1.000000 -0.000000 0.000000 1.000000 0.000000 -0.000000 1.000000 -0.000000 0.000000 1.000000 -0.000000 -0.000000 1.000000 -0.000000 0.000000 1.000000 -0.000000 0.000000 0.995316 -0.053710 -0.080380 1.000000 0.000002 -0.000002 1.000000 0.000001 -0.000001 1.000000 0.000001 -0.000001 1.000000 0.000001 -0.000001 1.000000 0.000000 -0.000000 1.000000 0.000000 -0.000000 1.000000 0.000000 -0.000000 1.000000 -0.000000 0.000000 1.000000 -0.000000 -0.000000 0.995316 -0.036995 -0.089314 1.000000 0.000003 -0.000001 1.000000 0.000002 -0.000001 1.000000 0.000002 -0.000001 1.000000 0.000001 -0.000001 1.000000 0.000001 -0.000000 1.000000 0.000000 -0.000000 1.000000 0.000000 -0.000000 1.000000 0.000000 -0.000000 1.000000 0.000001 -0.000000 0.995316 -0.018860 -0.094814 1.000000 0.000004 -0.000001 1.000000 0.000003 -0.000001 1.000000 0.000003 -0.000001 1.000000 0.000002 -0.000000 
						1.000000 0.000001 -0.000000 1.000000 0.000001 -0.000000 1.000000 0.000001 -0.000000 1.000000 0.000000 -0.000000 1.000000 0.000003 -0.000000 0.995316 0.000000 -0.096672 1.000000 0.000006 -0.000000 1.000000 0.000003 -0.000000 1.000000 0.000004 -0.000000 1.000000 0.000002 -0.000000 1.000000 0.000001 -0.000000 1.000000 0.000001 -0.000000 1.000000 0.000001 -0.000000 1.000000 0.000001 -0.000000 0.995316 -0.000007 -0.096672 1.000000 -0.000004 -0.000000 1.000000 -0.000004 -0.000001 0.995316 0.018854 -0.094815 1.000000 -0.000004 -0.000001 1.000000 -0.000005 -0.000001 1.000000 -0.000007 -0.000000 1.000000 -0.000005 -0.000000 1.000000 -0.000004 -0.000001 1.000000 -0.000006 -0.000001 1.000000 -0.000002 -0.000000 1.000000 -0.000001 -0.000000 1.000000 -0.000001 -0.000000 1.000000 -0.000002 -0.000000 0.000000 -1.000000 -0.000000 0.000003 -1.000000 -0.000000 0.000002 -0.980785 -0.195090 0.000000 -0.980785 -0.195090 1.000000 -0.000003 -0.000001 0.995316 0.036992 -0.089316 1.000000 -0.000003 -0.000002 1.000000 -0.000004 -0.000002 1.000000 -0.000004 -0.000002 1.000000 -0.000004 -0.000002 1.000000 -0.000001 -0.000001 1.000000 -0.000001 -0.000001 -0.000000 -0.923880 -0.382684 -0.000002 -0.923880 -0.382683 1.000000 -0.000002 -0.000001 0.995316 0.053706 -0.080383 1.000000 -0.000002 -0.000001 1.000000 -0.000003 -0.000002 1.000000 -0.000002 -0.000002 1.000000 -0.000003 -0.000002 1.000000 -0.000001 -0.000000 1.000000 -0.000001 -0.000001 0.000000 -0.831470 -0.555570 -0.000002 -0.831469 -0.555571 1.000000 0.000000 0.000000 0.995316 0.068357 -0.068360 1.000000 0.000000 0.000000 1.000000 -0.000001 -0.000002 1.000000 -0.000000 -0.000000 1.000000 -0.000002 -0.000002 1.000000 -0.000000 -0.000000 1.000000 -0.000000 -0.000001 0.000000 -0.707107 -0.707107 -0.000000 -0.707107 -0.707107 1.000000 0.000001 0.000002 0.995316 0.080381 -0.053708 
						1.000000 0.000001 0.000002 1.000000 0.000000 0.000000 1.000000 0.000001 0.000001 1.000000 0.000000 -0.000000 1.000000 -0.000000 -0.000000 1.000000 -0.000000 -0.000000 -0.000000 -0.555570 -0.831470 -0.000000 -0.555570 -0.831470 1.000000 0.000001 0.000002 0.995316 0.089315 -0.036993 1.000000 0.000001 0.000002 1.000000 0.000001 0.000002 1.000000 0.000001 0.000002 1.000000 0.000001 0.000001 1.000000 0.000000 0.000000 1.000000 -0.000000 -0.000000 0.000000 -0.382684 -0.923879 -0.000000 -0.382684 -0.923879 1.000000 0.000001 0.000004 0.995316 0.094816 -0.018858 1.000000 0.000001 0.000004 1.000000 0.000000 0.000002 1.000000 0.000001 0.000003 1.000000 0.000000 0.000002 1.000000 0.000000 0.000000 1.000000 0.000000 0.000000 -0.000002 -0.195090 -0.980785 0.000000 -0.195090 -0.980785 1.000000 -0.000000 0.000005 0.995316 0.096673 0.000002 1.000000 -0.000000 0.000005 1.000000 -0.000000 0.000002 1.000000 0.000000 0.000005 1.000000 -0.000000 0.000002 1.000000 0.000000 0.000001 1.000000 0.000000 0.000000 -0.000003 -0.000000 -1.000000 -0.000000 -0.000000 -1.000000 1.000000 0.000001 -0.000004 0.995316 0.094816 0.018854 1.000000 0.000001 -0.000004 1.000000 0.000001 -0.000006 1.000000 -0.000000 -0.000007 1.000000 0.000000 -0.000005 1.000000 0.000001 -0.000004 1.000000 0.000001 -0.000006 1.000000 0.000000 -0.000002 1.000000 -0.000000 -0.000002 1.000000 0.000000 -0.000002 1.000000 0.000000 -0.000002 -0.000003 -0.000000 -1.000000 -0.000000 -0.000000 -1.000000 -0.000002 0.195090 -0.980785 -0.000002 0.195090 -0.980785 1.000000 0.000001 -0.000003 0.995316 0.089315 0.036991 1.000000 0.000001 -0.000004 1.000000 0.000002 -0.000004 1.000000 0.000002 -0.000004 1.000000 0.000002 -0.000004 1.000000 0.000001 -0.000001 1.000000 0.000001 -0.000002 -0.000003 0.382684 -0.923879 -0.000000 0.382684 -0.923880 
						1.000000 0.000001 -0.000002 0.995316 0.080383 0.053706 1.000000 0.000001 -0.000002 1.000000 0.000002 -0.000003 1.000000 0.000001 -0.000002 1.000000 0.000002 -0.000004 1.000000 0.000001 -0.000001 1.000000 0.000001 -0.000001 -0.000000 0.555570 -0.831470 -0.000002 0.555570 -0.831470 1.000000 -0.000000 0.000000 0.995316 0.068360 0.068358 1.000000 -0.000000 0.000000 1.000000 0.000002 -0.000002 1.000000 -0.000000 -0.000000 1.000000 0.000002 -0.000002 1.000000 0.000001 -0.000001 1.000000 0.000001 -0.000001 0.000002 0.707106 -0.707107 -0.000002 0.707107 -0.707107 1.000000 -0.000002 0.000001 0.995316 0.053708 0.080381 1.000000 -0.000002 0.000001 1.000000 -0.000001 0.000000 1.000000 -0.000001 0.000001 1.000000 -0.000000 -0.000000 1.000000 0.000000 -0.000000 1.000000 0.000001 -0.000001 -0.000000 0.831470 -0.555570 -0.000000 0.831470 -0.555570 1.000000 -0.000002 0.000001 0.995316 0.036993 0.089315 1.000000 -0.000002 0.000001 1.000000 -0.000002 0.000001 1.000000 -0.000002 0.000001 1.000000 -0.000002 0.000000 1.000000 0.000000 -0.000000 1.000000 0.000001 -0.000000 -0.000002 0.923880 -0.382683 0.000002 0.923880 -0.382683 1.000000 -0.000004 0.000001 0.995316 0.018858 0.094815 1.000000 -0.000004 0.000001 1.000000 -0.000002 0.000000 1.000000 -0.000003 0.000001 1.000000 -0.000002 0.000000 1.000000 -0.000000 -0.000000 1.000000 0.000000 -0.000000 -0.000002 0.980785 -0.195090 0.000002 0.980785 -0.195090 1.000000 -0.000005 -0.000000 0.995316 -0.000003 0.096672 1.000000 -0.000005 -0.000000 1.000000 -0.000003 -0.000000 1.000000 -0.000005 -0.000000 1.000000 -0.000002 -0.000000 1.000000 -0.000000 -0.000000 1.000000 -0.000000 -0.000000 0.000000 1.000000 0.000000 0.000000 1.000000 0.000000 -0.995316 -0.000009 -0.096672 -1.000000 -0.000006 0.000000 -1.000000 -0.000006 -0.000001 -0.995316 0.018853 -0.094817 
						-0.000000 1.000000 -0.000000 -0.000007 1.000000 0.000000 -0.000007 0.980785 0.195090 -0.000014 0.980785 0.195090 -1.000000 -0.000007 0.000000 -1.000000 -0.000004 0.000000 -1.000000 -0.000004 -0.000001 -1.000000 -0.000005 -0.000001 -0.000000 1.000000 0.000000 -0.000000 1.000000 0.000000 -0.000001 0.980785 0.195090 0.000000 0.980785 0.195090 -1.000000 -0.000002 0.000000 -1.000000 -0.000002 0.000000 -1.000000 -0.000002 -0.000000 -1.000000 -0.000002 -0.000000 -1.000000 -0.000005 -0.000002 -0.995316 0.036990 -0.089317 -0.000007 0.923880 0.382683 -0.000007 0.923880 0.382683 -1.000000 -0.000003 -0.000001 -1.000000 -0.000004 -0.000001 -0.000002 0.923880 0.382683 -0.000000 0.923880 0.382683 -1.000000 -0.000001 -0.000000 -1.000000 -0.000002 -0.000000 -1.000000 -0.000004 -0.000003 -0.995316 0.053704 -0.080384 -0.000010 0.831470 0.555570 -0.000000 0.831470 0.555570 -1.000000 -0.000003 -0.000002 -1.000000 -0.000003 -0.000002 -0.000001 0.831470 0.555570 -0.000002 0.831470 0.555570 -1.000000 -0.000001 -0.000000 -1.000000 -0.000001 -0.000001 -1.000000 -0.000003 -0.000002 -0.995316 0.068355 -0.068362 -0.000007 0.707107 0.707107 -0.000007 0.707107 0.707107 -1.000000 -0.000001 -0.000001 -1.000000 -0.000002 -0.000002 -0.000000 0.707107 0.707107 -0.000002 0.707107 0.707107 -1.000000 -0.000001 -0.000000 -1.000000 -0.000001 -0.000001 -1.000000 -0.000001 -0.000002 -0.995316 0.080378 -0.053712 -0.000000 0.555570 0.831470 -0.000007 0.555570 0.831470 -1.000000 -0.000000 -0.000000 -1.000000 -0.000001 -0.000001 -0.000000 0.555570 0.831470 0.000002 0.555570 0.831470 -1.000000 -0.000000 -0.000000 -1.000000 -0.000000 -0.000001 -1.000000 -0.000001 -0.000002 -0.995316 0.089313 -0.036997 -0.000000 0.382684 0.923879 -0.000007 0.382684 0.923879 -1.000000 0.000000 0.000000 -1.000000 -0.000000 -0.000000 -0.000000 0.382684 0.923880 0.000002 0.382683 0.923880 
						-1.000000 -0.000000 -0.000000 -1.000000 -0.000000 -0.000000 -1.000000 -0.000000 -0.000000 -0.995316 0.094815 -0.018862 0.000001 0.195090 0.980785 0.000002 0.195090 0.980785 -1.000000 0.000000 0.000002 -1.000000 0.000000 0.000000 0.000002 0.195090 0.980785 -0.000000 0.195090 0.980785 -1.000000 0.000000 0.000001 -1.000000 -0.000000 -0.000000 -1.000000 -0.000000 0.000001 -0.995316 0.096673 -0.000001 0.000002 -0.000000 1.000000 0.000004 -0.000000 1.000000 -1.000000 -0.000000 0.000003 -1.000000 -0.000000 0.000000 0.000003 -0.000001 1.000000 -0.000000 -0.000000 1.000000 -1.000000 -0.000000 0.000002 -1.000000 0.000000 -0.000000 0.980180 0.162758 0.112946 0.976736 0.181028 0.114960 0.954343 0.237980 0.180542 0.981963 0.148534 0.116984 0.982837 0.135268 0.125434 0.983212 0.122259 0.135450 0.983209 0.109293 0.146134 0.982798 0.097865 0.156620 0.981744 0.089859 0.167645 0.979465 0.087721 0.181532 0.977878 -0.137790 0.157380 0.973580 -0.139937 0.180442 0.980504 -0.138611 0.139282 0.982019 -0.142792 0.123486 0.982859 -0.148884 0.108732 0.983229 -0.155580 0.095164 0.983149 -0.162719 0.083312 0.982486 -0.170879 0.074311 0.980728 -0.181768 0.071646 0.978690 -0.159129 -0.129782 0.974748 -0.180660 -0.131255 0.981073 -0.142512 -0.131092 0.982353 -0.127597 -0.136752 0.983013 -0.113148 -0.144509 0.983253 -0.099496 -0.152692 0.983071 -0.087605 -0.160928 0.982272 -0.079347 -0.169838 0.980328 -0.077103 -0.181694 0.980121 0.113679 -0.162602 0.976740 0.114923 -0.181029 0.982012 0.116089 -0.148916 0.982934 0.122444 -0.137286 0.983249 0.131274 -0.126444 0.983103 0.141721 -0.115865 0.982479 0.153032 -0.106379 0.955017 0.238149 -0.176712 0.686445 0.546463 0.479762 0.645832 0.592304 0.481743 0.394973 0.752684 0.526748 0.427320 0.722100 0.544031 0.646489 0.592907 -0.480118 0.686458 0.546470 -0.479735 
						0.426243 0.719029 -0.548921 0.394715 0.752192 -0.527643 0.714425 0.511397 0.477566 0.448690 0.690582 0.567251 0.731206 0.488133 0.476511 0.460880 0.659672 0.593652 0.736986 0.474893 0.480966 0.464640 0.628984 0.623289 0.731993 0.469585 0.493636 0.460450 0.598730 0.655369 0.716251 0.468990 0.516751 0.448474 0.568768 0.689474 0.689463 0.469874 0.551235 0.428139 0.540283 0.724425 0.650517 0.469997 0.596599 0.397208 0.518855 0.756978 0.679178 -0.502314 0.535162 0.635720 -0.505903 0.583029 0.389282 -0.545971 0.741873 0.422871 -0.563582 0.709616 0.709702 -0.498140 0.498176 0.445699 -0.586083 0.676653 0.728741 -0.495349 0.472828 0.459355 -0.611164 0.644571 0.736714 -0.497386 0.458105 0.464551 -0.639271 0.612801 0.733741 -0.507392 0.451860 0.461742 -0.669558 0.581797 0.719809 -0.527756 0.450942 0.450928 -0.701616 0.551724 0.694728 -0.559795 0.451644 0.431772 -0.734952 0.522894 0.657561 -0.603061 0.451587 0.402226 -0.766506 0.500683 0.681400 -0.538587 -0.495600 0.638554 -0.585629 -0.499287 0.391250 -0.745589 -0.539463 0.424623 -0.714452 -0.556106 0.711209 -0.502294 -0.491815 0.446877 -0.681977 -0.578972 0.729549 -0.477609 -0.489538 0.459925 -0.649822 -0.605145 0.736838 -0.463508 -0.492169 0.464613 -0.618336 -0.633873 0.733202 -0.457737 -0.502884 0.461318 -0.587529 -0.664827 0.718662 -0.456963 -0.524127 0.450156 -0.557268 -0.697719 0.692949 -0.457953 -0.556867 0.430603 -0.528647 -0.731515 0.655063 -0.458221 -0.600771 0.400493 -0.507016 -0.763243 0.687079 0.477736 -0.547440 0.646082 0.481125 -0.592535 0.396569 0.521108 -0.755764 0.428512 0.538450 -0.725568 0.715100 0.474457 -0.513344 0.449362 0.562606 -0.693937 0.731637 0.472811 -0.491078 0.461170 0.589437 -0.663239 0.736993 0.476486 -0.479377 0.464606 0.618706 -0.633517 0.731260 0.488498 -0.476055 0.459991 0.650432 -0.604439 
						0.714432 0.511382 -0.477573 0.447303 0.683952 -0.576307 0.877486 0.363381 -0.313007 0.778507 0.482643 -0.401226 0.926421 0.289086 -0.241193 0.927725 0.289493 0.235626 0.990857 -0.059884 0.120898 0.993637 -0.040309 0.105172 0.997230 -0.038993 -0.063347 0.994080 0.099558 0.043500 0.998046 -0.041091 -0.047071 0.994073 0.087871 0.064012 0.998107 -0.051116 -0.034190 0.994031 0.069631 0.083982 0.997306 -0.068251 -0.026883 0.993955 0.047018 0.099211 0.995552 -0.090004 -0.027842 0.993882 0.022990 0.108030 0.992939 -0.112073 -0.038889 0.993899 0.002337 0.110270 0.989807 -0.129244 -0.059816 0.994056 -0.007352 0.108625 0.997291 0.053109 -0.050887 0.996835 0.051869 -0.060241 0.992477 -0.056810 0.108452 0.993453 -0.056080 0.099530 0.997878 0.045762 -0.046321 0.993759 -0.065140 0.090557 0.998178 0.034431 -0.049546 0.993799 -0.080206 0.077016 0.997865 0.024904 -0.060382 0.993739 -0.095383 0.058187 0.996755 0.020426 -0.077859 0.993595 -0.107674 0.034282 0.994833 0.024239 -0.098590 0.993459 -0.113844 0.008834 0.992073 0.037259 -0.120010 0.993570 -0.112748 -0.010309 0.988465 0.059739 -0.139172 0.993888 -0.108606 -0.019782 0.996749 0.048644 0.064225 0.995982 0.060193 0.066301 0.993072 -0.108516 -0.045085 0.993783 -0.101718 -0.045263 0.997689 0.043722 0.052005 0.993913 -0.093269 -0.058636 0.998154 0.046268 0.039334 0.993913 -0.080045 -0.075694 0.997981 0.056727 0.028568 0.993859 -0.061795 -0.091792 0.996987 0.074087 0.022963 0.993750 -0.038838 -0.104651 0.994980 0.096915 0.024943 0.993642 -0.014045 -0.111707 0.991961 0.120998 0.037055 0.993655 0.007591 -0.112217 0.988233 0.140814 0.059722 0.993915 0.018336 -0.108610 0.996057 -0.075653 0.046327 0.995241 -0.076668 0.060145 0.993580 0.031780 -0.108574 0.994013 0.032804 -0.104222 0.997152 -0.064953 0.038325 0.994078 0.044300 -0.099226 
						0.997974 -0.050351 0.038894 0.994080 0.062210 -0.089078 0.998154 -0.037675 0.047635 0.994065 0.080958 -0.072663 0.997524 -0.030013 0.063593 0.994032 0.095919 -0.051960 0.995959 -0.030103 0.084614 0.994003 0.105208 -0.029838 0.906620 -0.366809 -0.208546 0.917853 -0.336871 -0.209913 0.897879 -0.363272 0.248692 -0.998230 -0.046890 0.036591 -0.998230 -0.046890 -0.036581 -0.997897 -0.051125 -0.039851 -0.999823 -0.008555 0.016762 -0.999876 -0.005812 0.014636 -0.999920 -0.004343 0.011873 -0.999950 -0.004271 0.009009 -0.999963 -0.005497 0.006603 -0.999957 -0.007758 0.005107 -0.999932 -0.010651 0.004849 -0.999888 -0.013681 0.006002 -0.999834 -0.016061 0.008555 -0.999823 0.016765 0.008555 -0.999876 0.014639 0.005811 -0.999920 0.011877 0.004341 -0.999950 0.009012 0.004269 -0.999963 0.006606 0.005495 -0.999957 0.005109 0.007755 -0.999932 0.004851 0.010647 -0.999888 0.006003 0.013677 -0.999834 0.008555 0.016058 -0.999823 0.008555 -0.016763 -0.999876 0.005812 -0.014636 -0.999920 0.004342 -0.011874 -0.999950 0.004269 -0.009011 -0.999963 0.005495 -0.006605 -0.999957 0.007756 -0.005108 -0.999932 0.010648 -0.004850 -0.999888 0.013677 -0.006002 -0.999834 0.016058 -0.008555 -0.999823 -0.016751 -0.008555 -0.999876 -0.014626 -0.005814 -0.999920 -0.011870 -0.004344 -0.999950 -0.009006 -0.004273 -0.999963 -0.006599 -0.005502 -0.999957 -0.005104 -0.007761 -0.999932 -0.004848 -0.010653 -0.999888 -0.006002 -0.013680 -0.999834 -0.008555 -0.016061 1.000000 0.000000 -0.000005 0.999963 0.008556 -0.000004 0.682572 0.676162 -0.277310 0.194558 -0.147808 0.969691 0.757580 -0.575544 0.307932 0.394338 0.917277 -0.055687 0.194386 -0.969745 -0.147679 0.393277 -0.098168 -0.914164 0.323117 0.946171 -0.018889 0.327135 0.053174 0.943480 0.252469 -0.000133 0.967605 0.072804 -0.991610 -0.106815 0.594181 0.775052 -0.215045 0.532492 0.167073 0.829783 
						0.497144 0.155049 0.853702 0.252307 -0.000142 -0.967647 0.169953 0.058559 -0.983711 0.252453 0.967609 0.000117 0.169886 -0.058456 0.983728 0.072843 -0.106870 0.991601 0.554671 -0.173464 -0.813788 0.532308 -0.168045 -0.829704 0.450529 0.131731 0.882989 0.393435 0.097812 0.914135 0.326905 -0.053617 -0.943535 0.126261 -0.134667 0.982814 0.327231 0.943458 -0.052981 0.126170 -0.982838 -0.134573 0.073031 0.107146 -0.991557 0.554773 0.172457 0.813932 0.663360 -0.707525 0.243645 -0.997897 -0.051125 0.039856 
					</float_array>
					<technique_common>
						<accessor count="1298" offset="0" source="#meshId1-tangents-array" stride="3">
							<param name="X" type="float" />
							<param name="Y" type="float" />
							<param name="Z" type="float" />
						</accessor>
					</technique_common>
				</source>
				<source id="meshId1-bitangents" name="meshId1-bitangents">
					<float_array id="meshId1-bitangents-array" count="3894"> 
						-0.016432 -0.195478 0.980570 -0.022442 -0.195888 0.980369 -0.014955 -0.383172 0.923556 -0.011036 -0.382922 0.923715 -0.000002 0.555570 -0.831470 -0.000001 0.555570 -0.831470 0.000000 0.707107 -0.707107 -0.000001 0.707107 -0.707107 0.000002 0.831470 -0.555570 0.000000 0.831470 -0.555570 0.000003 0.923880 -0.382683 0.000002 0.923880 -0.382683 0.000004 0.980785 -0.195091 0.000003 0.980785 -0.195091 0.000005 1.000000 0.000000 0.000003 1.000000 0.000000 -0.000004 1.000000 0.000000 -0.000003 1.000000 0.000000 -0.000002 0.980785 0.195090 -0.000003 0.980785 0.195090 -0.000001 0.923880 0.382683 -0.000002 0.923880 0.382684 0.000000 0.831470 0.555570 -0.000001 0.831470 0.555570 0.000001 0.707107 0.707107 0.000000 0.707107 0.707107 0.000003 0.555570 0.831470 0.000001 0.555570 0.831470 0.000004 0.382683 0.923880 0.000003 0.382684 0.923879 0.000005 0.195090 0.980785 0.000004 0.195090 0.980785 0.000005 -0.000000 1.000000 0.000004 0.000000 1.000000 -0.000004 0.000000 1.000000 -0.000003 -0.000000 1.000000 -0.000002 -0.195090 0.980785 -0.000003 -0.195090 0.980785 -0.000001 -0.382684 0.923879 -0.000002 -0.382684 0.923879 0.000000 -0.555570 0.831470 -0.000001 -0.555570 0.831470 0.000001 -0.707107 0.707107 0.000000 -0.707106 0.707107 0.000003 -0.831470 0.555570 0.000001 -0.831470 0.555570 0.000004 -0.923880 0.382683 0.000003 -0.923880 0.382683 0.000005 -0.980785 0.195090 0.000004 -0.980785 0.195090 0.000006 -1.000000 -0.000000 0.000004 -1.000000 -0.000000 0.000003 1.000000 0.000000 0.000002 1.000000 -0.000000 0.000001 0.980785 0.195090 0.000002 0.980785 0.195090 0.000000 0.923880 0.382684 0.000001 0.923880 0.382683 -0.000001 0.831470 0.555570 0.000000 0.831470 0.555570 -0.000002 0.707107 0.707107 -0.000001 0.707107 0.707107 -0.000003 0.555570 0.831470 -0.000002 0.555570 0.831470 
						-0.000005 0.382684 0.923879 -0.000003 0.382684 0.923879 -0.000007 0.195090 0.980785 -0.000005 0.195090 0.980785 -0.028909 -0.810262 -0.585355 -0.070620 -0.883724 -0.462650 -0.080998 -0.907806 -0.411495 -0.036603 -0.822590 -0.567456 -0.000008 -0.000000 1.000000 -0.000005 -0.000001 1.000000 0.596923 0.396361 -0.697553 0.678470 0.470771 -0.563963 0.664535 0.310264 -0.679801 0.587402 0.238872 -0.773239 0.257381 -0.966155 -0.017278 0.282895 -0.958534 -0.034396 -0.000002 -0.999948 0.010170 0.680276 0.562890 0.469445 0.758563 0.420949 0.497377 0.737453 0.579995 0.346078 0.666580 0.678781 0.308103 0.756595 -0.499414 0.422079 0.823766 -0.487913 0.288704 0.793432 -0.363441 0.488237 0.734683 -0.349883 0.581226 0.823136 -0.289004 -0.488798 0.875871 -0.176102 -0.449264 0.838158 -0.408027 -0.361948 0.793040 -0.488358 -0.364136 0.423739 0.904849 -0.041156 0.458683 0.879121 0.129444 0.431270 0.902199 0.006555 0.368925 0.918069 -0.145065 0.458770 -0.129427 0.879078 0.520400 -0.279511 0.806881 0.508031 -0.136075 0.850522 0.430829 -0.006773 0.902408 0.518778 -0.807743 -0.280037 0.596451 -0.697824 -0.396595 0.587025 -0.773431 -0.239178 0.507071 -0.850998 -0.136680 0.519294 0.279871 -0.807469 0.507511 0.136402 -0.850780 0.598294 0.696768 0.395674 0.588651 0.772602 0.237856 0.679291 -0.470170 0.563475 0.664985 -0.309790 0.679577 0.755673 -0.422606 -0.500362 0.734110 -0.581479 -0.350664 0.876045 0.448943 -0.176055 0.907183 0.411406 -0.088112 0.874105 0.343227 -0.343708 0.838288 0.361653 -0.408020 0.424071 0.041189 0.904692 0.369085 0.145129 0.917994 0.456992 -0.879952 -0.129778 0.429673 -0.902955 -0.007348 0.755975 0.500052 -0.422433 0.734349 0.350340 -0.581372 0.830986 0.285200 0.477624 0.795098 0.487720 0.360485 0.876283 -0.448504 0.175992 0.838423 -0.361347 0.408014 0.422583 -0.041044 -0.905394 
						0.457541 0.129669 -0.879683 0.430171 0.007099 -0.902720 0.367866 -0.144649 -0.918559 0.907046 -0.088099 -0.411712 0.874009 -0.343672 -0.343509 0.520511 0.806822 0.279475 0.508744 0.850168 0.135624 0.597913 -0.395868 0.696985 0.587891 -0.238475 0.772990 0.678063 -0.564205 -0.471065 0.664224 -0.679957 -0.310589 0.823371 0.488469 -0.288892 0.793225 0.363810 -0.488300 0.879006 0.175253 0.443435 0.838121 0.408029 0.362029 0.907348 -0.411039 0.088128 0.874189 -0.342981 0.343742 0.183703 -0.079919 -0.979728 0.264848 -0.021264 -0.964056 0.134951 -0.040374 -0.990029 0.081734 -0.059093 -0.994901 0.265146 0.963963 -0.021761 0.338525 0.940445 0.031055 0.182910 0.982891 -0.021668 0.135024 0.990008 -0.040658 0.337898 -0.032278 0.940629 0.402843 -0.076243 0.912088 0.223929 0.001997 0.974603 0.182782 0.021152 0.982926 0.566883 -0.801102 -0.192042 0.634656 -0.736429 -0.234273 0.550965 -0.817814 -0.166184 0.488267 -0.863416 -0.126916 0.503477 0.131386 -0.853961 0.536995 0.142046 -0.831541 0.300028 0.047225 -0.952761 0.282914 0.034254 -0.958534 0.491287 -0.861705 -0.126891 0.416977 -0.906171 -0.070601 0.458478 0.109210 -0.881970 0.257415 0.017088 -0.966150 -0.011952 0.558003 0.829753 0.028163 0.701841 0.711776 0.027968 0.700632 0.712974 -0.028435 0.562700 0.826172 0.050753 0.793046 -0.607044 0.011901 0.696344 -0.717610 0.008719 0.704581 -0.709570 0.053238 0.818124 -0.572572 0.093774 0.487777 0.867917 0.051005 0.607287 0.792844 0.056871 0.573657 0.817119 0.106643 0.420003 0.901235 0.150157 -0.914614 0.375412 0.094893 -0.867124 0.488970 0.107895 -0.900894 0.420414 0.170009 -0.950731 0.259245 -0.000534 -0.000058 -1.000000 0.010961 -0.193904 -0.980959 -0.065389 -0.206545 -0.976250 -0.098545 -0.018264 -0.994965 -0.057516 0.892087 0.448189 -0.110022 0.938118 0.328375 -0.107590 0.965664 0.236468 
						-0.060797 0.912477 0.404585 -0.019937 -0.576242 0.817036 -0.061130 -0.452194 0.889823 -0.067256 -0.406814 0.911032 -0.024077 -0.563488 0.825773 0.007627 -0.713862 -0.700245 0.004702 -0.708441 -0.705755 0.093314 0.868248 -0.487276 0.103508 0.902075 -0.418982 0.148800 0.373832 0.915483 0.168755 0.258793 0.951077 0.233485 -0.926508 0.295072 0.250892 -0.962678 0.101510 -0.019649 0.817250 0.575949 -0.022244 0.826227 0.562899 0.015547 -0.692990 0.720780 0.015742 -0.702505 0.711505 0.046412 -0.602784 -0.796553 0.048781 -0.571212 -0.819352 0.146980 0.916634 -0.371725 0.162258 0.952836 -0.256469 0.231736 0.292856 0.927650 0.247976 0.100328 0.963557 -0.122755 -0.931136 -0.343390 -0.199790 -0.946749 -0.252489 -0.185952 -0.979674 -0.075235 -0.128060 -0.961274 -0.244035 -0.069828 0.198753 -0.977559 -0.090051 0.005443 -0.995922 0.029853 0.003262 -0.999549 0.009452 0.196096 -0.980539 -0.028059 0.584504 -0.810906 -0.072770 0.465017 -0.882306 -0.079622 0.411034 -0.908136 -0.034976 0.566950 -0.823009 0.015074 0.720361 0.693435 0.015744 0.711507 0.702503 0.051496 -0.792441 0.607770 0.057452 -0.816954 0.573834 0.091889 -0.485749 -0.869255 0.098793 -0.417432 -0.903322 0.227816 0.930165 -0.287910 0.239726 0.965983 -0.096993 -0.114147 -0.333241 0.935906 -0.195195 -0.246680 0.949236 -0.180168 -0.072895 0.980931 -0.115336 -0.239342 0.964061 0.145325 -0.369789 -0.917680 0.156272 -0.254311 -0.954413 -0.185693 0.954174 0.234671 -0.162862 0.984446 0.065891 -0.140078 0.034931 0.989524 -0.095063 0.217403 0.971442 -0.140848 0.236062 0.961476 -0.196426 0.061293 0.978601 0.043036 -0.824691 -0.563944 0.085169 -0.912187 -0.400826 0.115562 -0.903285 -0.413184 0.058235 -0.819824 -0.569647 -0.052680 0.394255 0.917490 -0.084697 0.405592 0.910122 0.001732 -0.706801 -0.707410 0.000747 -0.706939 -0.707275 -0.039525 -0.563305 -0.825303 
						-0.057181 -0.569408 -0.820064 -0.081528 -0.400114 -0.912832 -0.115343 -0.413133 -0.903337 0.145863 -0.228547 0.962544 0.191571 -0.047771 0.980315 0.245378 -0.076569 0.966399 0.189525 -0.249212 0.949723 -0.125295 -0.224101 -0.966478 -0.173746 -0.245007 -0.953826 0.102668 -0.404188 0.908896 0.133641 -0.417444 0.898822 0.007673 0.708438 -0.705731 0.046549 0.564582 -0.824063 0.061212 0.570309 -0.819147 0.006546 0.708534 -0.705646 0.061521 -0.567208 0.821274 0.077427 -0.573828 0.815308 -0.070552 0.914702 -0.397923 -0.031061 0.826742 -0.561724 -0.048526 0.821982 -0.567442 -0.103603 0.906052 -0.410289 0.021545 -0.710731 0.703134 0.021106 -0.711587 0.702281 -0.112110 0.968763 -0.221203 -0.158543 0.957512 -0.240904 -0.018237 -0.828797 0.559252 -0.035194 -0.824802 0.564325 -0.156696 0.986874 -0.039073 -0.213369 0.974700 -0.066579 -0.058809 -0.916569 0.395527 -0.091397 -0.908722 0.407273 0.153344 0.960999 0.230143 0.199166 0.978706 0.049666 0.252505 0.964382 0.078794 0.196638 0.947780 0.251090 -0.101288 -0.970499 0.218798 -0.147553 -0.960016 0.237903 0.110001 0.907427 0.405557 0.140710 0.896986 0.419066 -0.146413 -0.988550 0.036510 -0.203108 -0.977103 0.063379 0.068528 0.819900 0.568391 0.084404 0.813582 0.575292 0.129130 -0.965779 -0.224938 0.175309 -0.983542 -0.043717 0.229314 -0.970719 -0.071558 0.172642 -0.954103 -0.244710 -0.187298 0.267113 0.945288 -0.116723 0.424278 0.897978 -0.146373 0.460804 0.875348 -0.230427 0.327893 0.916182 -0.007730 0.690529 0.723264 -0.024674 0.787938 0.615260 -0.048729 -0.857123 -0.512802 -0.072802 -0.912092 -0.403469 0.011005 0.582602 0.812683 -0.029797 -0.778264 -0.627230 0.035287 0.477833 0.877742 -0.074898 0.409332 -0.909306 -0.118283 0.353823 -0.927803 -0.203421 0.257073 -0.944740 -0.127579 0.349057 -0.928377 -0.011156 -0.683054 -0.730282 0.070868 0.398082 0.914608 
						-0.048656 0.512637 -0.857226 0.010345 -0.580997 -0.813840 0.121904 0.364654 0.923129 -0.027535 0.621962 -0.782563 0.036560 -0.481165 -0.875867 -0.070484 -0.396990 0.915112 -0.113825 -0.340486 0.933334 -0.007841 0.723472 -0.690309 0.070349 -0.396612 -0.915287 -0.044949 -0.503035 0.863097 0.011646 0.811562 -0.584150 0.117777 -0.352308 -0.928444 0.223463 -0.282404 -0.932905 -0.025419 -0.616996 0.786555 0.035422 0.877561 -0.478155 -0.007731 -0.723232 0.690562 0.070573 0.914992 -0.397252 0.011489 -0.811838 0.583770 0.119164 0.926679 -0.356463 0.035974 -0.876746 0.479606 -0.067764 0.918573 0.389398 -0.110674 0.937094 0.331067 0.071675 -0.913566 0.400325 -0.043498 0.865352 0.499273 0.122820 -0.921921 0.367392 0.340111 -0.940094 -0.023389 0.272726 -0.961932 -0.017522 0.000000 -0.999787 0.020637 0.086633 0.401115 -0.911922 0.116047 0.413302 -0.903169 -0.073412 -0.579092 -0.811950 0.000287 -0.707019 -0.707194 0.000161 -0.707028 -0.707185 -0.087407 -0.597681 -0.796955 -0.255477 0.105797 0.961009 -0.312342 0.193639 0.930025 0.077376 0.580261 -0.810747 0.147507 0.434210 -0.888653 0.175528 0.474970 -0.862319 0.091949 0.599708 -0.794919 -0.147139 -0.434096 -0.888769 -0.174025 -0.474248 -0.863020 0.235023 -0.284131 0.929534 0.304177 -0.125965 0.944251 0.358975 -0.222550 0.906426 0.275845 -0.352255 0.894330 0.005851 0.708806 -0.705380 0.006493 0.709930 -0.704242 -0.220117 -0.278876 -0.934760 -0.259109 -0.343350 -0.902759 0.165053 -0.439678 0.882859 0.192382 -0.482940 0.854259 -0.065339 0.814356 -0.576676 -0.079549 0.800420 -0.594138 0.129692 0.225059 -0.965675 0.170454 0.244123 -0.954646 0.093391 -0.584883 0.805723 0.106818 -0.606229 0.788084 -0.135801 0.892324 -0.430483 -0.164466 0.867399 -0.469650 0.020903 -0.713044 0.700808 0.020065 -0.715704 0.698116 -0.205010 0.939771 -0.273497 -0.247263 0.908457 -0.336997 
						-0.051640 -0.818288 0.572484 -0.066829 -0.805877 0.588300 -0.272267 0.955593 -0.112754 -0.328159 0.922453 -0.203449 -0.123491 -0.896020 0.426495 -0.152717 -0.872614 0.463921 0.241748 0.927085 0.286481 0.310807 0.941718 0.128706 0.364728 0.903243 0.226111 0.281859 0.891192 0.355432 -0.194020 -0.943242 0.269539 -0.236632 -0.913387 0.331254 0.171859 0.880520 0.441756 0.198609 0.851181 0.485845 -0.262092 -0.958920 0.108533 -0.318357 -0.927198 0.197363 0.100233 0.803504 0.586800 0.113193 0.785077 0.608968 0.217985 -0.935485 -0.278121 0.288042 -0.950159 -0.119288 0.343489 -0.914694 -0.212954 0.259408 -0.902609 -0.343518 0.027741 0.698667 0.714909 0.026508 0.695137 0.718388 0.146712 -0.888906 -0.433960 0.174723 -0.862696 -0.474581 -0.044827 0.570353 0.820176 -0.060376 0.585292 0.808572 0.073778 -0.811838 -0.579203 0.088004 -0.796688 -0.597950 0.215380 0.277193 -0.936363 0.283265 0.117305 -0.951840 0.339977 0.210772 -0.916510 0.257603 0.342549 -0.903494 0.016371 0.195476 0.980572 0.022488 0.195890 0.980368 0.029994 0.001154 0.999550 0.021551 0.000553 0.999768 0.010969 0.382921 0.923716 0.014983 0.383173 0.923555 0.005484 0.555679 0.831379 0.007494 0.555794 0.831286 -0.000041 0.707106 0.707107 0.000010 0.707107 0.707106 -0.005562 0.831377 0.555680 -0.007472 0.831287 0.555794 -0.011036 0.923715 0.382922 -0.014954 0.923555 0.383173 -0.016432 0.980571 0.195477 -0.022442 0.980369 0.195888 -0.021636 0.999766 0.000555 -0.029935 0.999551 0.001152 0.016375 0.980572 -0.195476 0.022491 0.980368 -0.195890 0.029997 0.999549 -0.001155 0.021555 0.999768 -0.000553 0.010973 0.923716 -0.382921 0.014987 0.923555 -0.383174 0.005488 0.831379 -0.555679 0.007497 0.831286 -0.555795 -0.000037 0.707108 -0.707106 0.000013 0.707106 -0.707107 -0.005558 0.555681 -0.831377 -0.007469 0.555794 -0.831287 
						-0.011033 0.382922 -0.923715 -0.014951 0.383172 -0.923556 -0.016429 0.195478 -0.980571 -0.022439 0.195888 -0.980369 -0.021632 0.000556 -0.999766 -0.029932 0.001152 -0.999551 0.016373 -0.195476 -0.980572 0.022490 -0.195890 -0.980368 0.029996 -0.001154 -0.999549 0.021552 -0.000553 -0.999768 0.010972 -0.382921 -0.923716 0.014985 -0.383173 -0.923555 0.005487 -0.555679 -0.831379 0.007496 -0.555794 -0.831286 -0.000038 -0.707106 -0.707108 0.000012 -0.707108 -0.707106 -0.005559 -0.831377 -0.555681 -0.007470 -0.831286 -0.555794 -0.011033 -0.923715 -0.382921 -0.014952 -0.923556 -0.383172 -0.016429 -0.980571 -0.195476 -0.022440 -0.980370 -0.195887 -0.021633 -0.999766 -0.000555 -0.029932 -0.999551 -0.001152 0.016367 -0.980572 0.195476 0.022485 -0.980368 0.195890 0.029990 -0.999550 0.001154 0.021545 -0.999768 0.000553 0.010967 -0.923717 0.382919 0.014980 -0.923555 0.383172 0.005480 -0.831379 0.555678 0.007491 -0.831287 0.555794 -0.000043 -0.707107 0.707107 0.000008 -0.707107 0.707107 -0.005563 -0.555680 0.831378 -0.007473 -0.555794 0.831287 -0.000003 0.382683 -0.923880 -0.000002 0.382683 -0.923880 -0.021638 -0.000556 0.999766 -0.029934 -0.001152 0.999551 -0.000004 0.195090 -0.980785 -0.000003 0.195090 -0.980785 -0.116084 -0.930563 -0.347243 0.018285 0.383413 0.923396 0.019876 0.383549 0.923307 0.029836 0.196503 0.980049 0.027416 0.196280 0.980164 0.009151 0.555904 0.831196 0.009930 0.555966 0.831146 0.000016 0.707107 0.707107 -0.000014 0.707106 0.707108 -0.009121 0.831197 0.555903 -0.009956 0.831145 0.555967 -0.018258 0.923397 0.383413 -0.019899 0.923306 0.383550 -0.027398 0.980165 0.196279 -0.029842 0.980049 0.196501 -0.036538 0.999331 0.001716 -0.039796 0.999206 0.002038 0.027419 0.980164 -0.196280 0.029839 0.980049 -0.196503 0.039806 0.999205 -0.002040 0.036553 0.999330 -0.001717 0.018287 0.923396 -0.383414 
						0.019879 0.923306 -0.383550 0.009153 0.831196 -0.555905 0.009932 0.831146 -0.555966 0.000018 0.707105 -0.707108 -0.000012 0.707106 -0.707108 -0.009118 0.555903 -0.831197 -0.009954 0.555967 -0.831145 -0.018256 0.383412 -0.923397 -0.019897 0.383550 -0.923306 -0.027396 0.196279 -0.980165 -0.029840 0.196503 -0.980049 -0.036536 0.001716 -0.999331 -0.039793 0.002039 -0.999206 0.027417 -0.196280 -0.980165 0.029837 -0.196503 -0.980049 0.039804 -0.002039 -0.999205 0.036551 -0.001717 -0.999330 0.018285 -0.383412 -0.923396 0.019877 -0.383548 -0.923307 0.009151 -0.555904 -0.831196 0.009930 -0.555966 -0.831146 0.000016 -0.707109 -0.707105 -0.000015 -0.707107 -0.707106 -0.009121 -0.831197 -0.555903 -0.009958 -0.831145 -0.555966 -0.018258 -0.923397 -0.383412 -0.019900 -0.923306 -0.383551 -0.027398 -0.980165 -0.196279 -0.029844 -0.980049 -0.196503 -0.036538 -0.999331 -0.001716 -0.039798 -0.999206 -0.002038 0.027415 -0.980165 0.196280 0.029838 -0.980049 0.196503 0.039806 -0.999205 0.002040 0.036549 -0.999330 0.001717 0.018283 -0.923396 0.383413 0.019877 -0.923306 0.383550 0.009149 -0.831196 0.555904 0.009930 -0.831146 0.555966 0.000014 -0.707107 0.707106 -0.000015 -0.707108 0.707106 -0.009123 -0.555903 0.831197 -0.009958 -0.555967 0.831145 -0.018260 -0.383411 0.923397 -0.019901 -0.383548 0.923306 -0.027401 -0.196279 0.980165 -0.029846 -0.196503 0.980049 -0.456732 0.010450 0.889543 -0.464636 0.005440 0.885485 -0.000001 -0.020596 0.999788 0.193874 -0.981006 -0.006361 -0.014058 0.999542 0.026791 -0.106437 0.994279 0.009001 -0.000000 0.999788 0.020596 0.106394 -0.994283 0.009033 -0.193903 0.981000 -0.006416 0.014076 -0.999541 0.026824 -0.272721 0.961933 -0.017578 -0.014058 -0.999542 -0.026790 -0.106439 -0.994278 -0.009010 0.000000 -0.999788 -0.020611 -0.340127 0.940089 -0.023386 -0.193896 -0.981001 0.006430 -0.393978 0.918815 -0.023654 
						-0.272720 -0.961933 0.017575 -0.433076 0.901159 -0.018914 -0.014055 -0.026784 0.999542 -0.106410 -0.008988 0.994282 -0.340120 -0.940091 0.023415 -0.456735 0.889541 -0.010453 -0.193884 0.006406 0.981004 -0.393975 -0.918816 0.023687 -0.464655 0.885475 -0.005437 -0.272758 0.017556 0.961922 -0.433082 -0.901157 0.018854 0.464656 -0.885476 -0.005297 0.456738 -0.889540 -0.010400 -0.340125 0.023401 0.940089 -0.456739 -0.889540 0.010371 0.433085 -0.901155 -0.018885 -0.393978 0.023665 0.918815 -0.464655 -0.885475 0.005349 0.393997 -0.918808 -0.023626 -0.433071 0.018898 0.901161 0.325867 -0.943192 0.064807 0.409946 -0.911218 -0.040339 0.338540 -0.940951 0.001082 0.253642 -0.963630 0.084163 0.095814 0.140572 0.985423 0.183809 0.080086 0.979694 0.081458 0.058211 0.994975 0.025030 0.077187 0.996702 0.691752 0.256455 -0.675063 0.736442 0.263837 -0.622932 0.642904 0.200927 -0.739123 0.602883 0.190242 -0.774816 0.691641 -0.675081 -0.256708 0.602813 -0.774821 -0.190444 0.491585 -0.126533 0.861588 0.567392 -0.191311 0.800916 0.488439 -0.126608 0.863364 0.417149 -0.070335 0.906113 0.410874 0.910840 0.039414 0.492819 0.861095 0.125079 0.418551 0.905628 0.068218 0.339394 0.940642 -0.002191 0.326265 -0.065145 -0.943031 0.410257 0.040028 -0.911091 0.338776 -0.001389 -0.940866 0.253965 -0.084530 -0.963513 0.736443 -0.263840 0.622929 0.772162 -0.244209 0.586624 0.672188 -0.184783 0.716951 0.642851 -0.201162 0.739105 0.635655 0.736139 0.232470 0.691825 0.675054 0.256281 0.603026 0.774808 0.189822 0.551215 0.817759 0.165625 0.736656 0.622963 0.263165 0.642866 0.739110 0.201096 0.244707 -0.951608 0.185908 0.166230 -0.970017 0.177300 0.772045 0.586534 0.244795 0.672159 0.716910 0.185050 0.264192 0.020136 0.964260 0.134815 0.039903 0.990067 0.327162 0.942667 -0.065915 0.254539 0.963302 -0.085200 
						0.338256 0.031576 -0.940524 0.403232 0.075340 -0.911991 0.223926 -0.001984 -0.974604 0.182845 -0.021399 -0.982909 0.097416 -0.142921 -0.984928 0.025246 -0.077854 -0.996645 0.536935 -0.142395 0.831519 0.558450 -0.129749 0.819328 0.308145 -0.045026 0.950273 0.299996 -0.047667 0.952749 0.634845 0.233939 -0.736373 0.551095 0.165898 -0.817785 0.422004 -0.905667 0.040988 0.367316 -0.918813 0.144433 0.908365 0.088228 0.408766 0.874895 0.344020 0.340893 0.245466 0.186484 0.951299 0.325259 0.064285 0.943437 0.252358 0.082666 0.964096 0.161773 0.172544 0.971627 0.245993 0.951084 -0.186885 0.167161 0.969674 -0.178294 0.736369 -0.622919 -0.264071 0.642860 -0.739108 -0.201123 0.634856 -0.233917 0.736370 0.550827 -0.166495 0.817844 0.568829 0.800389 0.189237 0.489147 0.863151 0.125323 0.491561 0.126561 -0.861598 0.567154 0.191650 -0.801003 0.488557 0.126391 -0.863329 0.417177 0.070292 -0.906103 -0.000000 -0.010255 -0.999947 0.300025 0.952757 0.047315 0.308150 0.950283 0.044778 0.000002 0.999946 -0.010371 0.223972 -0.974593 0.002173 0.282922 0.958534 0.034183 0.182820 -0.982915 0.021333 0.257437 0.966147 0.016920 0.134847 -0.990056 0.040063 0.223977 0.974592 -0.002235 0.081648 -0.994924 0.058825 0.025161 -0.996668 0.077592 0.000000 0.009943 0.999951 0.081809 0.994880 -0.059339 0.282828 -0.034945 0.958534 0.025313 0.996627 -0.078061 0.257373 -0.017331 0.966157 0.308151 0.044573 -0.950293 0.300027 -0.952757 -0.047302 0.308151 -0.950292 -0.044582 0.000009 -0.000001 -1.000000 0.000006 0.000000 -1.000000 0.000006 0.195090 -0.980785 0.000008 0.195089 -0.980785 0.000006 0.000000 -1.000000 0.000003 0.000000 -1.000000 0.000003 0.195090 -0.980785 0.000005 0.195090 -0.980785 0.000005 0.000000 -1.000000 0.000002 0.000000 -1.000000 0.000002 0.195090 -0.980785 0.000004 0.195090 -0.980785 
						0.000004 0.000000 -1.000000 0.000001 0.000001 -1.000000 0.000001 0.195090 -0.980785 0.000002 0.195090 -0.980785 0.000004 0.000001 -1.000000 0.000001 0.000001 -1.000000 0.000001 0.195090 -0.980785 0.000003 0.195090 -0.980785 0.000006 0.382684 -0.923880 0.000006 0.382682 -0.923880 0.000003 0.382683 -0.923880 0.000003 0.382684 -0.923880 0.000002 0.382684 -0.923880 0.000002 0.382683 -0.923880 0.000001 0.382684 -0.923879 0.000001 0.382684 -0.923880 0.000001 0.382683 -0.923880 0.000001 0.382684 -0.923879 0.000004 0.555570 -0.831470 0.000006 0.555570 -0.831470 0.000001 0.555570 -0.831470 0.000003 0.555570 -0.831470 0.000000 0.555570 -0.831470 0.000002 0.555570 -0.831470 0.000000 0.555570 -0.831469 0.000001 0.555570 -0.831470 0.000000 0.555570 -0.831470 0.000001 0.555570 -0.831470 0.000002 0.707107 -0.707107 0.000004 0.707108 -0.707106 -0.000001 0.707107 -0.707107 0.000001 0.707107 -0.707107 -0.000001 0.707106 -0.707107 0.000000 0.707107 -0.707107 -0.000000 0.707106 -0.707107 0.000000 0.707106 -0.707107 0.000000 0.707107 -0.707107 0.000000 0.707106 -0.707107 0.000000 0.831470 -0.555570 0.000002 0.831470 -0.555569 -0.000003 0.831470 -0.555570 -0.000001 0.831470 -0.555570 -0.000001 0.831469 -0.555570 -0.000001 0.831470 -0.555570 -0.000000 0.831470 -0.555570 -0.000000 0.831469 -0.555570 -0.000000 0.831470 -0.555570 0.000000 0.831470 -0.555570 -0.000000 0.923880 -0.382683 0.000000 0.923880 -0.382683 -0.000003 0.923880 -0.382683 -0.000003 0.923880 -0.382683 -0.000002 0.923880 -0.382683 -0.000001 0.923880 -0.382683 -0.000001 0.923880 -0.382683 -0.000000 0.923880 -0.382683 -0.000000 0.923880 -0.382683 -0.000000 0.923880 -0.382683 -0.000001 0.980785 -0.195091 -0.000000 0.980785 -0.195090 -0.000004 0.980785 -0.195091 -0.000003 0.980785 -0.195091 -0.000003 0.980785 -0.195090 -0.000002 0.980785 -0.195091 
						-0.000001 0.980785 -0.195090 -0.000001 0.980785 -0.195090 -0.000001 0.980785 -0.195091 -0.000000 0.980785 -0.195090 -0.000003 1.000000 0.000000 -0.000000 1.000000 0.000000 -0.000006 1.000000 0.000000 -0.000003 1.000000 0.000000 -0.000004 1.000000 0.000000 -0.000002 1.000000 0.000000 -0.000001 1.000000 0.000000 -0.000001 1.000000 0.000000 -0.000001 1.000000 0.000000 -0.000001 1.000000 0.000000 0.000007 1.000000 -0.000001 0.000004 1.000000 0.000000 0.000004 0.980785 0.195091 0.000005 0.980785 0.195089 0.000004 0.980785 0.195091 0.000005 0.980785 0.195091 0.000007 1.000000 0.000000 0.000005 1.000000 0.000000 0.000004 0.980785 0.195090 0.000006 0.980785 0.195091 0.000002 1.000000 0.000000 0.000001 1.000000 0.000000 0.000001 0.980785 0.195090 0.000002 0.980785 0.195090 1.000000 0.000000 -0.000000 1.000000 0.000003 -0.000000 1.000000 0.000002 0.000000 1.000000 0.000000 -0.000000 0.000004 0.923880 0.382683 0.000004 0.923880 0.382683 0.000004 0.923880 0.382683 0.000004 0.923880 0.382683 0.000004 0.923880 0.382683 0.000004 0.923880 0.382683 0.000001 0.923880 0.382683 0.000001 0.923880 0.382683 1.000000 0.000000 -0.000000 1.000000 -0.000002 -0.000001 0.000002 0.831470 0.555570 0.000004 0.831471 0.555569 0.000002 0.831470 0.555570 0.000004 0.831470 0.555570 0.000003 0.831469 0.555570 0.000004 0.831470 0.555570 0.000001 0.831469 0.555570 0.000001 0.831469 0.555570 1.000000 0.000000 -0.000000 1.000000 -0.000001 -0.000001 -0.000000 0.707107 0.707107 0.000002 0.707109 0.707105 -0.000000 0.707107 0.707107 0.000002 0.707107 0.707107 0.000000 0.707106 0.707107 0.000003 0.707107 0.707107 0.000000 0.707106 0.707107 0.000001 0.707106 0.707107 1.000000 0.000000 -0.000000 1.000000 0.000000 -0.000000 -0.000002 0.555570 0.831470 -0.000000 0.555571 0.831469 
						-0.000002 0.555570 0.831470 -0.000000 0.555570 0.831470 -0.000001 0.555570 0.831470 0.000000 0.555570 0.831470 0.000000 0.555570 0.831469 0.000001 0.555570 0.831470 1.000000 0.000000 -0.000000 1.000000 0.000000 -0.000000 -0.000002 0.382683 0.923880 -0.000002 0.382683 0.923880 -0.000002 0.382683 0.923880 -0.000002 0.382683 0.923880 -0.000002 0.382684 0.923880 -0.000001 0.382683 0.923880 -0.000000 0.382684 0.923879 0.000000 0.382684 0.923880 1.000000 0.000000 -0.000000 1.000000 0.000000 -0.000000 -0.000004 0.195090 0.980785 -0.000002 0.195089 0.980785 -0.000004 0.195090 0.980785 -0.000002 0.195090 0.980785 -0.000003 0.195090 0.980785 -0.000002 0.195090 0.980785 -0.000000 0.195090 0.980785 -0.000000 0.195090 0.980785 1.000000 -0.000000 -0.000002 1.000000 0.000000 -0.000000 -0.000005 -0.000000 1.000000 -0.000002 -0.000000 1.000000 -0.000005 -0.000000 1.000000 -0.000002 -0.000000 1.000000 -0.000005 0.000000 1.000000 -0.000002 -0.000000 1.000000 -0.000001 0.000000 1.000000 -0.000000 0.000000 1.000000 1.000000 -0.000000 -0.000003 1.000000 0.000000 -0.000000 0.000004 -0.195090 0.980785 0.000006 -0.195089 0.980785 0.000004 -0.195090 0.980785 0.000006 -0.195090 0.980785 0.000007 -0.000000 1.000000 0.000005 0.000000 1.000000 0.000005 -0.195090 0.980785 0.000006 -0.195090 0.980785 0.000002 0.000000 1.000000 0.000002 0.000000 1.000000 0.000002 -0.195090 0.980785 0.000002 -0.195090 0.980785 1.000000 -0.000000 -0.000003 1.000000 -0.000000 -0.000000 1.000000 0.000000 -0.000002 1.000000 0.000000 -0.000002 0.000004 -0.382684 0.923879 0.000004 -0.382683 0.923880 0.000004 -0.382684 0.923879 0.000004 -0.382684 0.923879 0.000004 -0.382684 0.923880 0.000005 -0.382684 0.923879 0.000002 -0.382684 0.923880 0.000002 -0.382684 0.923880 1.000000 0.000001 -0.000003 1.000000 -0.000000 -0.000000 
						0.000002 -0.555570 0.831469 0.000004 -0.555572 0.831469 0.000002 -0.555570 0.831469 0.000004 -0.555570 0.831469 0.000003 -0.555570 0.831470 0.000004 -0.555570 0.831469 0.000001 -0.555570 0.831470 0.000002 -0.555570 0.831470 1.000000 -0.000000 -0.000000 1.000000 0.000001 -0.000001 -0.000000 -0.707107 0.707107 0.000002 -0.707109 0.707104 -0.000000 -0.707107 0.707107 0.000002 -0.707107 0.707107 -0.000000 -0.707107 0.707107 0.000003 -0.707107 0.707107 0.000001 -0.707107 0.707107 0.000001 -0.707107 0.707107 1.000000 -0.000001 0.000001 1.000000 0.000001 -0.000001 -0.000002 -0.831469 0.555570 -0.000001 -0.831470 0.555570 -0.000002 -0.831469 0.555570 -0.000001 -0.831469 0.555570 -0.000002 -0.831469 0.555570 -0.000000 -0.831469 0.555570 0.000001 -0.831470 0.555570 0.000001 -0.831469 0.555570 1.000000 -0.000000 -0.000000 1.000000 -0.000000 -0.000000 -0.000002 -0.923879 0.382684 -0.000002 -0.923879 0.382686 -0.000002 -0.923879 0.382684 -0.000002 -0.923879 0.382684 -0.000002 -0.923880 0.382684 -0.000002 -0.923879 0.382684 0.000000 -0.923880 0.382683 0.000001 -0.923880 0.382684 1.000000 0.000001 -0.000001 1.000000 -0.000002 0.000001 -0.000004 -0.980785 0.195091 -0.000002 -0.980785 0.195091 -0.000004 -0.980785 0.195091 -0.000002 -0.980785 0.195091 -0.000003 -0.980785 0.195090 -0.000002 -0.980785 0.195091 -0.000000 -0.980785 0.195090 0.000000 -0.980785 0.195090 1.000000 0.000002 -0.000000 1.000000 -0.000002 0.000000 -0.000005 -1.000000 0.000000 -0.000003 -1.000000 -0.000000 -0.000005 -1.000000 -0.000000 -0.000003 -1.000000 0.000000 -0.000005 -1.000000 -0.000000 -0.000002 -1.000000 -0.000000 -0.000000 -1.000000 -0.000000 -0.000000 -1.000000 -0.000000 1.000000 -0.000000 -0.000000 1.000000 -0.000000 -0.000000 -0.000009 1.000000 -0.000001 -0.000006 1.000000 -0.000000 -0.000006 0.980785 0.195090 -0.000007 0.980785 0.195090 
						1.000000 0.000000 -0.000000 1.000000 0.000007 -0.000000 1.000000 0.000007 0.000001 1.000000 0.000013 0.000003 -0.000007 1.000000 0.000000 -0.000004 1.000000 0.000000 -0.000004 0.980785 0.195090 -0.000005 0.980785 0.195090 1.000000 0.000000 -0.000000 1.000000 0.000000 -0.000000 1.000000 0.000001 0.000000 1.000000 0.000000 -0.000000 -0.000002 1.000000 0.000000 -0.000002 1.000000 0.000000 -0.000002 0.980785 0.195090 -0.000002 0.980785 0.195090 -0.000005 0.923880 0.382683 -0.000006 0.923880 0.382682 1.000000 0.000006 0.000002 1.000000 0.000006 0.000002 -0.000004 0.923880 0.382683 -0.000004 0.923880 0.382683 1.000000 0.000002 0.000001 1.000000 0.000000 -0.000000 -0.000001 0.923880 0.382683 -0.000002 0.923880 0.382683 -0.000005 0.831470 0.555570 -0.000005 0.831471 0.555568 1.000000 0.000008 0.000006 1.000000 0.000000 -0.000000 -0.000003 0.831470 0.555570 -0.000004 0.831470 0.555570 1.000000 0.000001 0.000001 1.000000 0.000001 0.000001 -0.000001 0.831470 0.555570 -0.000001 0.831470 0.555570 -0.000004 0.707107 0.707107 -0.000005 0.707108 0.707106 1.000000 0.000005 0.000005 1.000000 0.000005 0.000005 -0.000002 0.707107 0.707107 -0.000003 0.707107 0.707107 1.000000 0.000000 -0.000000 1.000000 0.000001 0.000001 -0.000001 0.707107 0.707107 -0.000001 0.707107 0.707107 -0.000002 0.555570 0.831470 -0.000004 0.555572 0.831469 1.000000 0.000000 0.000000 1.000000 0.000004 0.000006 -0.000000 0.555570 0.831470 -0.000002 0.555570 0.831470 1.000000 0.000000 0.000000 1.000000 -0.000001 -0.000001 -0.000000 0.555570 0.831470 -0.000001 0.555570 0.831470 -0.000002 0.382684 0.923879 -0.000002 0.382684 0.923879 1.000000 0.000000 -0.000000 1.000000 0.000003 0.000006 0.000000 0.382683 0.923880 -0.000000 0.382684 0.923880 1.000000 0.000000 0.000000 1.000000 -0.000001 -0.000002 
						-0.000000 0.382684 0.923879 -0.000000 0.382683 0.923880 -0.000000 0.195090 0.980785 -0.000002 0.195090 0.980785 1.000000 -0.000000 -0.000001 1.000000 -0.000000 -0.000002 0.000002 0.195090 0.980785 0.000000 0.195090 0.980785 1.000000 -0.000000 -0.000002 1.000000 0.000000 0.000000 0.000001 0.195090 0.980785 -0.000000 0.195090 0.980785 0.000001 -0.000000 1.000000 -0.000001 -0.000000 1.000000 1.000000 0.000000 -0.000002 1.000000 0.000000 -0.000004 0.000003 -0.000000 1.000000 0.000000 -0.000000 1.000000 1.000000 0.000000 -0.000003 1.000000 0.000000 0.000000 0.000002 -0.000001 1.000000 -0.000000 -0.000001 1.000000 0.077700 0.208604 -0.974909 0.113035 0.020950 -0.993370 0.175178 0.043684 -0.983567 0.050379 0.390807 -0.919093 0.028656 0.559749 -0.828166 0.009172 0.708278 -0.705874 -0.009525 0.830451 -0.557010 -0.029970 0.921325 -0.387636 -0.054499 0.977307 -0.204697 -0.086252 0.996145 -0.015986 0.102690 0.971709 0.212690 0.137593 0.990160 0.025501 0.073507 0.916081 0.394198 0.049283 0.825350 0.562467 0.027915 0.703162 0.710482 0.007187 0.554446 0.832189 -0.014454 0.385117 0.922755 -0.038884 0.202006 0.978612 -0.070446 0.013056 0.997430 0.094632 -0.211387 0.972811 0.129057 -0.023920 0.991349 0.065461 -0.393043 0.917187 0.042099 -0.561549 0.826372 0.021805 -0.709790 0.704076 0.002068 -0.831681 0.555250 -0.019028 -0.922358 0.385868 -0.043940 -0.978216 0.202884 -0.075812 -0.997023 0.014051 0.078436 -0.974823 -0.208727 0.112999 -0.993374 -0.020943 0.049423 -0.919207 -0.390662 0.025109 -0.828613 -0.559259 0.003358 -0.706663 -0.707542 -0.017307 -0.558153 -0.829557 -0.039053 -0.389070 -0.920380 -0.171461 -0.042756 -0.984263 0.268211 0.422974 -0.865538 0.355039 0.325613 -0.876312 0.244760 0.466430 -0.850021 0.182469 0.520473 -0.834154 -0.353841 -0.324514 -0.877204 -0.268195 -0.422953 -0.865553 
						-0.184977 -0.524704 -0.830945 -0.245176 -0.467222 -0.849466 0.180933 0.524286 -0.832098 0.120715 0.582081 -0.804120 0.092131 0.621470 -0.778002 0.059063 0.644649 -0.762194 0.003168 0.709151 -0.705050 -0.001872 0.704580 -0.709622 -0.085639 0.782207 -0.617105 -0.062154 0.758222 -0.649027 -0.173592 0.836964 -0.518996 -0.121547 0.803044 -0.583393 -0.260377 0.870944 -0.416725 -0.180536 0.836585 -0.517235 -0.346383 0.882668 -0.317673 -0.241084 0.854862 -0.459444 0.286132 0.852645 0.437178 0.372845 0.862590 0.341942 0.253683 0.837804 0.483455 0.192533 0.821075 0.537370 0.198677 0.819949 0.536854 0.131295 0.790506 0.598216 0.109943 0.766148 0.633191 0.069757 0.748241 0.659749 0.020460 0.693551 0.720117 0.008709 0.695268 0.718698 -0.069143 0.605843 0.792574 -0.051935 0.634372 0.771282 -0.158197 0.507803 0.846823 -0.112092 0.568727 0.814853 -0.245973 0.405157 0.880537 -0.171672 0.502160 0.847564 -0.332814 0.305230 0.892227 -0.232648 0.443349 0.865631 0.280794 -0.432951 0.856568 0.367969 -0.337471 0.866437 0.250668 -0.477688 0.842009 0.188666 -0.530920 0.826153 0.193205 -0.533008 0.823756 0.127277 -0.592137 0.795722 0.104423 -0.629596 0.769873 0.066046 -0.654580 0.753102 0.014939 -0.716646 0.697277 0.005103 -0.713943 0.700185 -0.074593 -0.789198 0.609591 -0.055386 -0.766934 0.639332 -0.163324 -0.843591 0.511547 -0.115141 -0.811066 0.573511 -0.250949 -0.877271 0.409171 -0.174591 -0.843986 0.507155 -0.337703 -0.888838 0.309715 -0.235582 -0.861937 0.448962 0.266601 -0.866655 -0.421702 0.354583 -0.876652 -0.325195 0.242130 -0.853491 -0.461440 0.179636 -0.837771 -0.515626 0.178275 -0.833877 -0.522367 0.118143 -0.807384 -0.578078 0.088660 -0.780258 -0.619143 0.056545 -0.765473 -0.640978 -0.001517 -0.708074 -0.706136 -0.004854 -0.713631 -0.700505 -0.091707 -0.621179 -0.778284 -0.065620 -0.653969 -0.753670 
						-0.180950 -0.524285 -0.832095 -0.125786 -0.589851 -0.797655 -0.289191 -0.119758 -0.949751 -0.341009 -0.211412 -0.915979 -0.230243 -0.071846 -0.970477 0.224929 0.070189 -0.971844 0.120678 -0.007293 -0.992665 0.095114 -0.199841 -0.975201 -0.043523 0.384750 -0.921994 0.002077 0.382893 -0.923790 -0.016279 0.556313 -0.830813 0.004380 0.555961 -0.831197 0.011946 0.706544 -0.707568 0.010087 0.707849 -0.706291 0.041737 0.829340 -0.557184 0.015929 0.832331 -0.554050 0.072366 0.919774 -0.385718 0.019982 0.924529 -0.380588 0.102146 0.974432 -0.200122 0.019107 0.981011 -0.193008 0.129009 0.991613 -0.007795 0.007308 0.999973 0.000799 -0.042085 0.979417 0.197412 -0.051775 0.998654 0.003130 0.056474 0.998385 0.006172 0.035374 0.979410 0.198758 -0.024507 0.923034 0.383937 0.025376 0.922518 0.385120 -0.001100 0.831432 0.555625 0.023760 0.829790 0.557570 0.025041 0.707955 0.705813 0.026146 0.704842 0.708883 0.053292 0.557455 0.828495 0.031131 0.552468 0.832952 0.081660 0.385960 0.918894 0.035196 0.378892 0.924772 0.110234 0.200433 0.973486 0.031917 0.191570 0.980960 0.138919 0.008396 0.990268 0.019665 -0.002149 0.999804 -0.053403 -0.197977 0.978751 -0.066180 -0.004000 0.997800 0.044818 -0.004897 0.998983 0.024404 -0.197648 0.979969 -0.031257 -0.384241 0.922704 0.018371 -0.384474 0.922953 -0.006987 -0.555907 0.831215 0.018357 -0.557142 0.830214 0.019875 -0.706117 0.707816 0.021085 -0.708574 0.705321 0.048755 -0.828840 0.557357 0.025695 -0.832751 0.553051 0.079847 -0.919072 0.385917 0.029596 -0.924708 0.379525 0.111241 -0.973364 0.200469 0.029164 -0.980985 0.191881 0.140558 -0.990036 0.008495 0.018227 -0.999832 -0.001991 -0.065043 -0.977935 -0.198528 -0.076528 -0.997057 -0.004624 0.031592 -0.999495 -0.003452 0.011771 -0.980466 -0.196336 -0.045260 -0.921883 -0.384816 0.002938 -0.923753 -0.382978 
						-0.020220 -0.830620 -0.556472 0.002223 -0.831332 -0.555772 0.007030 -0.707390 -0.706788 0.005830 -0.706644 -0.707546 0.036136 -0.557021 -0.829712 0.010027 -0.554631 -0.832036 0.066532 -0.385547 -0.920286 0.012620 -0.381379 -0.924332 -0.193322 0.078216 -0.978013 -0.129929 0.244721 -0.960849 0.230538 -0.093273 -0.968583 0.036550 0.001717 0.999330 -0.036541 -0.001717 0.999331 -0.039799 -0.002039 0.999206 0.016762 0.000143 0.999860 0.013221 0.195184 0.980677 0.009307 0.382741 0.923809 0.005118 0.555599 0.831434 0.000782 0.707111 0.707102 -0.003614 0.831447 0.555592 -0.007984 0.923824 0.382735 -0.012246 0.980691 0.195178 -0.016061 0.999871 0.000137 0.016765 0.999859 -0.000143 0.013224 0.980677 -0.195184 0.009311 0.923809 -0.382740 0.005122 0.831435 -0.555599 0.000786 0.707102 -0.707111 -0.003609 0.555593 -0.831447 -0.007980 0.382735 -0.923824 -0.012243 0.195178 -0.980691 -0.016058 0.000137 -0.999871 0.016763 -0.000143 -0.999859 0.013221 -0.195184 -0.980678 0.009308 -0.382741 -0.923809 0.005120 -0.555599 -0.831434 0.000785 -0.707111 -0.707102 -0.003611 -0.831447 -0.555592 -0.007982 -0.923824 -0.382734 -0.012243 -0.980691 -0.195178 -0.016057 -0.999871 -0.000137 0.016751 -0.999860 0.000143 0.013211 -0.980677 0.195185 0.009304 -0.923809 0.382740 0.005114 -0.831435 0.555599 0.000776 -0.707102 0.707111 -0.003617 -0.555592 0.831447 -0.007986 -0.382734 0.923824 -0.012246 -0.195179 0.980691 -0.016060 -0.000138 0.999871 -0.000005 0.000001 -1.000000 -0.000004 0.000000 -1.000000 0.410046 -0.040237 0.911177 0.772137 -0.586604 -0.244336 0.245198 -0.186280 -0.951408 0.691770 -0.256410 0.675061 0.772179 0.244121 -0.586638 0.403158 0.912011 0.075503 0.602830 -0.190398 0.774819 0.458462 -0.881972 -0.109256 0.503452 -0.853961 -0.131479 0.558484 0.129266 -0.819381 0.338751 0.001356 0.940875 0.183461 -0.979803 0.079548 
						0.264674 -0.964110 0.020971 0.503534 0.853961 0.131168 0.536957 0.831527 0.142268 0.503459 -0.131457 0.853961 0.536978 -0.831534 -0.142147 0.558484 -0.819371 -0.129334 0.097696 0.984840 -0.143336 0.183992 0.979637 -0.080370 0.337975 -0.940607 -0.032118 0.403005 -0.912048 -0.075861 0.458627 0.881946 0.108783 0.672216 -0.716971 -0.184599 0.458391 -0.109460 0.881984 0.672226 0.184469 -0.716996 0.558460 0.819335 0.129668 0.097130 -0.985017 0.142503 0.166646 -0.177741 -0.969864 0.039804 0.002039 0.999205 
					</float_array>
					<technique_common>
						<accessor count="1298" offset="0" source="#meshId1-bitangents-array" stride="3">
							<param name="X" type="float" />
							<param name="Y" type="float" />
							<param name="Z" type="float" />
						</accessor>
					</technique_common>
				</source>
				<source id="meshId1-tex0" name="meshId1-tex0">
					<float_array id="meshId1-tex0-array" count="2596"> 
						0.034012 0.223548 0.285150 0.228586 0.285016 0.235686 0.033895 0.232331 0.412748 0.973302 0.071190 0.973303 0.071190 0.964404 0.412748 0.964404 0.071190 0.955505 0.412748 0.955505 0.071190 0.946606 0.412748 0.946606 0.071190 0.937707 0.412748 0.937708 0.071190 0.928808 0.412748 0.928809 0.771196 0.997522 0.429638 0.997524 0.429638 0.988625 0.771196 0.988624 0.429638 0.979726 0.771196 0.979725 0.429638 0.970827 0.771196 0.970826 0.429638 0.961928 0.771196 0.961928 0.429638 0.953028 0.771196 0.953029 0.429638 0.944129 0.771196 0.944130 0.429638 0.935230 0.771196 0.935232 0.429638 0.926331 0.771196 0.926333 0.412748 0.928806 0.071190 0.928808 0.071190 0.919909 0.412748 0.919908 0.071190 0.911010 0.412748 0.911009 0.071190 0.902111 0.412748 0.902110 0.071190 0.893211 0.412748 0.893212 0.071190 0.884312 0.412748 0.884313 0.071190 0.875413 0.412748 0.875414 0.071190 0.866514 0.412748 0.866516 0.071190 0.857615 0.412748 0.857617 0.000000 0.712758 0.341559 0.712757 0.341559 0.721656 0.000000 0.721657 0.341559 0.730555 0.000000 0.730555 0.341559 0.739454 0.000000 0.739454 0.341559 0.748353 0.000000 0.748353 0.341559 0.757253 0.000000 0.757252 
						0.341559 0.766152 0.000000 0.766150 0.341559 0.775051 0.000000 0.775049 0.738478 0.027668 0.738884 0.032725 0.736368 0.032989 0.736018 0.027781 0.341559 0.783950 0.000000 0.783947 0.607552 0.028401 0.613732 0.021310 0.621578 0.028985 0.616100 0.035133 0.647763 0.126975 0.650934 0.125211 0.658139 0.142795 0.613827 0.235240 0.620864 0.228797 0.627879 0.237451 0.621668 0.242955 0.620794 0.162822 0.628535 0.157129 0.634705 0.166569 0.627824 0.171416 0.628451 0.085706 0.636826 0.080770 0.642200 0.090977 0.634636 0.095148 0.593607 0.266118 0.597628 0.257940 0.607228 0.263040 0.603625 0.270811 0.597628 0.191923 0.602237 0.183943 0.611365 0.189791 0.607225 0.197020 0.602189 0.112570 0.607538 0.104957 0.616090 0.111686 0.611319 0.118397 0.602199 0.036009 0.611325 0.041842 0.607617 0.242335 0.616169 0.249098 0.613794 0.169255 0.621633 0.176937 0.620709 0.091413 0.627753 0.100005 0.636846 0.004231 0.645697 0.000000 0.650499 0.010872 0.642215 0.014438 0.593604 0.200099 0.603621 0.204794 0.597603 0.120551 0.607194 0.125622 0.620728 0.014866 0.627767 0.023459 0.628677 0.223104 0.634780 0.232655 0.636905 0.152207 0.642265 0.162407 0.593605 0.052154 
						0.597608 0.043987 0.607196 0.049064 0.603610 0.056825 0.645678 0.076535 0.650485 0.087408 0.602239 0.249953 0.611374 0.255811 0.607605 0.176338 0.616149 0.183082 0.613715 0.097862 0.621566 0.105534 0.628471 0.009163 0.634651 0.018606 0.637085 0.218343 0.642313 0.228455 0.645749 0.147984 0.650543 0.158847 0.629539 0.058912 0.631735 0.053967 0.640771 0.058562 0.639475 0.062022 0.631793 0.267978 0.634651 0.263531 0.642693 0.269455 0.640835 0.272581 0.634648 0.197473 0.638104 0.193550 0.645030 0.200656 0.642680 0.203383 0.630143 0.114094 0.635315 0.109634 0.638723 0.114188 0.634099 0.118106 0.646610 0.039515 0.651646 0.037481 0.654426 0.047485 0.650940 0.048670 0.625611 0.119169 0.630084 0.122635 0.642066 0.042246 0.647769 0.050433 0.791519 0.016832 0.791468 0.021774 0.780123 0.021425 0.780128 0.017059 0.868899 0.490696 0.868749 0.495579 0.866343 0.495568 0.866501 0.490557 0.827809 0.012820 0.827344 0.017745 0.824925 0.017600 0.825374 0.012525 0.870083 0.435862 0.869229 0.440817 0.866799 0.440519 0.867601 0.435350 0.724523 0.000000 0.724399 0.006052 0.713129 0.006365 0.712661 0.000601 0.827540 0.032801 0.828179 0.038085 0.825520 0.038480 
						0.824982 0.033004 0.868655 0.455628 0.868996 0.460695 0.866471 0.460911 0.866194 0.455709 0.738349 0.022693 0.735912 0.022688 0.869383 0.485788 0.866943 0.485495 0.828655 0.007851 0.826168 0.007344 0.871500 0.430756 0.868902 0.429917 0.827223 0.027682 0.824747 0.027770 0.868582 0.450652 0.866147 0.450621 0.738496 0.017762 0.736063 0.017633 0.870203 0.480799 0.867706 0.480303 0.830060 0.002735 0.827456 0.001903 0.739614 0.037960 0.740882 0.043528 0.738044 0.044249 0.736983 0.038409 0.861280 0.511737 0.861785 0.517828 0.854496 0.517931 0.854562 0.511957 0.868835 0.500483 0.869219 0.505480 0.866731 0.505749 0.866409 0.500600 0.827161 0.022683 0.824727 0.022658 0.868760 0.445727 0.866346 0.445581 0.738933 0.012809 0.736469 0.012524 0.871596 0.475632 0.868968 0.474817 0.869673 0.465925 0.870868 0.471454 0.868049 0.472172 0.867041 0.466321 0.739761 0.007748 0.737222 0.007257 0.829314 0.043731 0.826440 0.044383 0.790363 0.001657 0.790986 0.006800 0.779346 0.008246 0.778540 0.003780 0.702469 0.027482 0.702133 0.032447 0.690701 0.031227 0.691107 0.026863 0.791363 0.011850 0.779871 0.012671 0.702588 0.022545 0.691242 0.022512 0.702496 0.017595 
						0.691111 0.018156 0.702188 0.012596 0.690710 0.013781 0.831616 0.464861 0.830712 0.469956 0.819013 0.467227 0.820060 0.462796 0.701647 0.007516 0.690027 0.009373 0.832272 0.459837 0.820827 0.458396 0.833217 0.495246 0.833074 0.500191 0.821676 0.499519 0.821836 0.495135 0.832702 0.454867 0.821324 0.454020 0.832910 0.485297 0.833163 0.490289 0.821742 0.490752 0.821390 0.486344 0.832923 0.449922 0.821557 0.449653 0.832438 0.480235 0.820774 0.481903 0.832942 0.444972 0.821531 0.445279 0.831721 0.475082 0.819879 0.477424 0.832752 0.439982 0.821242 0.440883 0.790051 0.036684 0.789108 0.041764 0.777451 0.038948 0.778530 0.034533 0.832341 0.434921 0.820683 0.436452 0.790745 0.031672 0.779329 0.030148 0.831681 0.429768 0.819843 0.431981 0.791212 0.026711 0.779858 0.025782 0.701569 0.037468 0.700755 0.042562 0.689059 0.040038 0.690022 0.035616 0.768152 0.010218 0.768765 0.013861 0.760443 0.015114 0.759795 0.012243 0.832733 0.022737 0.832887 0.027428 0.744593 0.032006 0.745432 0.036734 0.832832 0.018115 0.744086 0.027315 0.833218 0.013578 0.875631 0.509369 0.876941 0.513921 0.871219 0.516037 0.869962 0.510620 0.743857 0.022673 0.833982 0.009153 
						0.874806 0.504767 0.743895 0.018105 0.835300 0.004918 0.874329 0.500170 0.744414 0.013592 0.875461 0.464740 0.876723 0.469391 0.874136 0.495625 0.745297 0.009091 0.874693 0.460046 0.874409 0.491078 0.746673 0.004672 0.741127 0.002479 0.874270 0.455359 0.874765 0.486544 0.874120 0.450704 0.875643 0.482116 0.874226 0.446104 0.876941 0.477801 0.874620 0.441583 0.834062 0.036942 0.835300 0.041693 0.875394 0.437173 0.833307 0.032174 0.876723 0.432951 0.855779 0.038648 0.851266 0.033328 0.881039 0.012644 0.832728 0.505156 0.821258 0.503918 0.680127 0.018923 0.680276 0.022499 0.672069 0.022510 0.671926 0.019675 0.767237 0.006557 0.758828 0.009377 0.810578 0.498706 0.810126 0.502340 0.801764 0.500795 0.802218 0.497903 0.679681 0.015340 0.671482 0.016852 0.808950 0.460219 0.807826 0.463840 0.799580 0.460539 0.800704 0.457743 0.810745 0.495068 0.802373 0.495012 0.678933 0.011747 0.670739 0.014048 0.809770 0.456610 0.801514 0.454919 0.810629 0.491426 0.802251 0.492116 0.832163 0.510171 0.820583 0.508334 0.810293 0.453005 0.802021 0.452075 0.810226 0.487776 0.801836 0.489219 0.810525 0.449399 0.802236 0.449216 0.809530 0.484110 0.801118 0.486325 
						0.810469 0.445785 0.802160 0.446348 0.808536 0.480430 0.800080 0.483442 0.810122 0.442158 0.801791 0.443476 0.767461 0.031877 0.766313 0.035483 0.758108 0.032127 0.759251 0.029345 0.809479 0.438512 0.801120 0.440604 0.768307 0.028281 0.760079 0.026532 0.808535 0.434849 0.800130 0.437740 0.768855 0.024687 0.760607 0.023698 0.678948 0.033263 0.677902 0.036871 0.669686 0.033760 0.670741 0.030975 0.769114 0.021090 0.760842 0.020846 0.679690 0.029669 0.671483 0.028166 0.769085 0.017483 0.760789 0.017983 0.680134 0.026084 0.671923 0.025343 0.809388 0.505993 0.808352 0.509655 0.799941 0.506547 0.801008 0.503683 0.034016 0.133433 0.285150 0.128388 0.285338 0.135484 0.034181 0.142225 0.033898 0.124649 0.285016 0.121289 0.033826 0.115870 0.284936 0.114190 0.033802 0.107093 0.284909 0.107090 0.033825 0.098316 0.284936 0.099991 0.033896 0.089537 0.285016 0.092892 0.034013 0.080753 0.285149 0.085792 0.034179 0.071964 0.285337 0.078692 0.034016 0.062035 0.285151 0.056989 0.285338 0.064086 0.034180 0.070827 0.033897 0.053251 0.285017 0.049890 0.033826 0.044472 0.284936 0.042791 0.033802 0.035695 0.284909 0.035692 0.033825 0.026918 0.284936 0.028593 
						0.033895 0.018139 0.285016 0.021493 0.034013 0.009356 0.285150 0.014393 0.034178 0.000566 0.285337 0.007294 0.034016 0.204830 0.285151 0.199785 0.285338 0.206881 0.034181 0.213622 0.033898 0.196046 0.285017 0.192685 0.033826 0.187267 0.284936 0.185586 0.033802 0.178490 0.284909 0.178487 0.033825 0.169713 0.284936 0.171388 0.033895 0.160934 0.285016 0.164288 0.034013 0.152151 0.285150 0.157189 0.034178 0.143361 0.285337 0.150089 0.034015 0.276227 0.285151 0.271182 0.285338 0.278279 0.034180 0.285018 0.033897 0.267443 0.285017 0.264083 0.033826 0.258664 0.284937 0.256984 0.033801 0.249887 0.284910 0.249885 0.033825 0.241110 0.284936 0.242785 0.412748 0.982201 0.071190 0.982202 0.034178 0.214759 0.285338 0.221487 0.412748 0.991100 0.071190 0.991101 0.746673 0.041393 0.459996 0.118353 0.593347 0.115683 0.593455 0.119981 0.460126 0.123986 0.459919 0.112719 0.593283 0.111385 0.459893 0.107086 0.593261 0.107086 0.459919 0.101453 0.593283 0.102787 0.459996 0.095819 0.593347 0.098489 0.460126 0.090186 0.593455 0.094191 0.460307 0.084555 0.593605 0.089895 0.460126 0.052587 0.593454 0.048582 0.593605 0.052877 0.460307 0.058220 0.459996 0.046954 
						0.593346 0.044284 0.459918 0.041320 0.593282 0.039986 0.459893 0.035687 0.593260 0.035687 0.459918 0.030054 0.593282 0.031388 0.459996 0.024420 0.593346 0.027090 0.460126 0.018787 0.593454 0.022792 0.460307 0.013156 0.593605 0.018496 0.460127 0.195383 0.593454 0.191377 0.593604 0.195673 0.460308 0.201015 0.459997 0.189749 0.593346 0.187080 0.459919 0.184116 0.593282 0.182781 0.459894 0.178482 0.593260 0.178483 0.459919 0.172849 0.593282 0.174184 0.459997 0.167216 0.593346 0.169886 0.460127 0.161583 0.593454 0.165588 0.460308 0.155951 0.593604 0.161292 0.460129 0.266781 0.593456 0.262776 0.593607 0.267071 0.460310 0.272414 0.459999 0.261148 0.593349 0.258478 0.459921 0.255514 0.593284 0.254180 0.459895 0.249881 0.593263 0.249881 0.459921 0.244247 0.593284 0.245582 0.459999 0.238614 0.593349 0.241284 0.460129 0.232981 0.593456 0.236987 0.946568 0.013316 0.953511 0.012644 0.953511 0.048896 0.847856 0.027243 0.881039 0.047845 0.881911 0.040924 0.917275 0.048896 0.845674 0.020617 0.884092 0.034298 0.844802 0.013696 0.887502 0.028213 0.953511 0.047845 0.954383 0.040924 0.989748 0.048896 0.892015 0.022893 0.956565 0.034299 0.897463 0.018537 
						0.959976 0.028213 0.903645 0.015304 0.917275 0.047845 0.918147 0.040925 0.964488 0.022894 0.910331 0.013315 0.920328 0.034298 0.969936 0.018536 0.917275 0.012644 0.923739 0.028213 0.976118 0.015304 0.881039 0.048896 0.874095 0.048226 0.928252 0.022894 0.982804 0.013316 0.867409 0.046237 0.933700 0.018537 0.989748 0.012645 0.861227 0.043005 0.939881 0.015305 0.618499 0.131047 0.621728 0.124821 0.626693 0.127718 0.623967 0.133355 0.628186 0.212280 0.629602 0.206878 0.639535 0.209963 0.638872 0.213688 0.641127 0.029289 0.647561 0.026187 0.649726 0.031806 0.643941 0.034372 0.641117 0.105830 0.643933 0.110913 0.625669 0.190575 0.630205 0.185504 0.634161 0.189521 0.630141 0.194042 0.621787 0.262268 0.625684 0.256602 0.630142 0.260093 0.626752 0.265176 0.618498 0.054496 0.621731 0.048272 0.626695 0.051171 0.623966 0.056807 0.647605 0.174148 0.654691 0.171789 0.656129 0.177983 0.649767 0.179763 0.635407 0.247092 0.641210 0.243303 0.644017 0.248385 0.638803 0.251654 0.647638 0.240207 0.649799 0.245821 0.615930 0.137884 0.621960 0.139571 0.654714 0.237848 0.656159 0.244040 0.631796 0.201924 0.640828 0.206505 0.618542 0.268496 0.624014 0.270816 
						0.634588 0.049521 0.638045 0.045600 0.644978 0.052709 0.642626 0.055438 0.628088 0.064338 0.638808 0.065754 0.651687 0.185432 0.657176 0.184193 0.658193 0.194893 0.654475 0.195430 0.635325 0.033091 0.638731 0.037646 0.593605 0.128720 0.603613 0.133384 0.645849 0.214192 0.650557 0.224944 0.615964 0.209333 0.618547 0.202463 0.624032 0.204762 0.622030 0.211037 0.615958 0.275341 0.621995 0.277039 0.647551 0.102726 0.649717 0.108346 0.635378 0.181048 0.638785 0.185600 0.630234 0.251543 0.634174 0.255579 0.625617 0.042620 0.630151 0.037548 0.634105 0.041563 0.630088 0.046088 0.658146 0.066259 0.654500 0.261500 0.658222 0.260963 0.658222 0.280286 0.644973 0.129251 0.651013 0.262686 0.642621 0.131977 0.647840 0.264449 0.640768 0.135101 0.645047 0.266726 0.639473 0.138561 0.638807 0.142292 0.658193 0.214192 0.639537 0.276044 0.650993 0.196616 0.638868 0.279780 0.647818 0.198382 0.658146 0.046949 0.654420 0.124026 0.658139 0.123490 0.716887 0.427978 0.358444 0.427975 0.358444 0.419076 0.716887 0.419078 0.358443 0.499173 0.000000 0.499171 0.000000 0.490272 0.358444 0.490273 0.788083 0.570366 0.429638 0.570364 0.429638 0.561466 0.788083 0.561467 
						0.788085 0.712753 0.429638 0.712752 0.429638 0.703853 0.788085 0.703853 0.788085 0.783946 0.429638 0.783945 0.429638 0.775046 0.788085 0.775046 0.358444 0.410177 0.716887 0.410179 0.000000 0.481373 0.358444 0.481374 0.429638 0.552567 0.788083 0.552568 0.429638 0.694954 0.788085 0.694954 0.429638 0.766147 0.788085 0.766147 0.358444 0.401278 0.716887 0.401280 0.000000 0.472474 0.358444 0.472475 0.429638 0.543668 0.788083 0.543669 0.429638 0.686055 0.788085 0.686055 0.429638 0.757248 0.788085 0.757248 0.358444 0.392379 0.716887 0.392381 0.000000 0.463575 0.358444 0.463575 0.429638 0.534769 0.788083 0.534769 0.429638 0.677156 0.788085 0.677156 0.429638 0.748349 0.788085 0.748349 0.358444 0.383481 0.716887 0.383481 0.000000 0.454676 0.358444 0.454676 0.429638 0.525870 0.788083 0.525870 0.429638 0.668258 0.788085 0.668257 0.429638 0.739450 0.788085 0.739450 0.358444 0.374582 0.716887 0.374582 0.000000 0.445778 0.358444 0.445777 0.429638 0.516971 0.788083 0.516971 0.429638 0.659359 0.788085 0.659359 0.429638 0.730551 0.788085 0.730551 0.358444 0.365683 0.716887 0.365683 0.000000 0.436879 0.358444 0.436878 0.429638 0.508073 0.788083 0.508072 
						0.429638 0.650460 0.788085 0.650459 0.429638 0.721653 0.788085 0.721652 0.358444 0.356784 0.716887 0.356783 0.000000 0.427980 0.358444 0.427978 0.429638 0.499174 0.788083 0.499172 0.429638 0.641561 0.788085 0.641560 0.429638 0.712754 0.788085 0.712753 0.358443 0.712757 0.000000 0.712755 0.000000 0.703856 0.358443 0.703857 0.000000 0.419077 0.358444 0.419078 0.358443 0.570368 0.000000 0.570365 0.000000 0.561466 0.358443 0.561468 0.788086 0.926331 0.429638 0.926331 0.429638 0.917432 0.788086 0.917432 0.859272 0.427978 0.859273 0.069530 0.868172 0.069530 0.868171 0.427978 0.000000 0.694957 0.358443 0.694958 0.000000 0.410178 0.358444 0.410179 0.000000 0.552567 0.358443 0.552569 0.429638 0.908533 0.788086 0.908533 0.877071 0.069530 0.877070 0.427978 0.000000 0.686058 0.358444 0.686060 0.000000 0.401279 0.358444 0.401280 0.000000 0.543669 0.358443 0.543670 0.429638 0.899634 0.788086 0.899634 0.885970 0.069530 0.885969 0.427978 0.000000 0.677159 0.358443 0.677160 0.000000 0.392380 0.358444 0.392381 0.000000 0.534770 0.358444 0.534770 0.429638 0.890735 0.788086 0.890735 0.894868 0.069530 0.894868 0.427978 0.000000 0.668261 0.358444 0.668260 
						0.000000 0.383481 0.358444 0.383481 0.000000 0.525871 0.358444 0.525870 0.429638 0.881836 0.788086 0.881836 0.903767 0.069530 0.903767 0.427978 0.000000 0.659362 0.358443 0.659361 0.000000 0.374583 0.358444 0.374582 0.000000 0.516972 0.358443 0.516971 0.429638 0.872937 0.788086 0.872937 0.912666 0.069530 0.912666 0.427978 0.000000 0.650463 0.358443 0.650462 0.000000 0.365684 0.358444 0.365683 0.000000 0.508073 0.358444 0.508073 0.429638 0.864038 0.788086 0.864038 0.921565 0.069530 0.921565 0.427978 0.000000 0.641564 0.358443 0.641562 0.000000 0.356785 0.358444 0.356783 0.000000 0.499175 0.358443 0.499173 0.429638 0.855139 0.788086 0.855139 0.930464 0.069530 0.930464 0.427978 0.000000 0.632661 0.358443 0.632663 0.000000 0.347882 0.358444 0.347883 0.716887 0.356783 0.358444 0.356781 0.358444 0.347882 0.716887 0.347883 0.429638 0.857615 0.071190 0.857614 0.071190 0.848716 0.429638 0.848716 0.716887 0.427978 0.716888 0.069530 0.725787 0.069530 0.725786 0.427978 0.000000 0.623762 0.358444 0.623764 0.000000 0.338983 0.358444 0.338984 0.358444 0.338983 0.716887 0.338984 0.071190 0.839817 0.429638 0.839817 0.734686 0.069530 0.734686 0.427978 
						0.000000 0.614864 0.358444 0.614865 0.000000 0.330084 0.358444 0.330086 0.358444 0.330084 0.716887 0.330086 0.071190 0.830918 0.429638 0.830918 0.743585 0.069530 0.743585 0.427978 0.000000 0.605965 0.358444 0.605965 0.000000 0.321185 0.358444 0.321186 0.358444 0.321185 0.716887 0.321186 0.071190 0.822019 0.429638 0.822019 0.752484 0.069530 0.752484 0.427978 0.000000 0.597066 0.358444 0.597065 0.000000 0.312287 0.358444 0.312286 0.358444 0.312286 0.716887 0.312286 0.071190 0.813120 0.429638 0.813120 0.761383 0.069530 0.761383 0.427978 0.000000 0.588167 0.358444 0.588166 0.000000 0.303388 0.358444 0.303387 0.358444 0.303388 0.716887 0.303387 0.071190 0.804221 0.429638 0.804221 0.770282 0.069530 0.770282 0.427978 0.000000 0.579268 0.358444 0.579267 0.000000 0.294489 0.358444 0.294488 0.358444 0.294489 0.716887 0.294488 0.071190 0.795322 0.429638 0.795322 0.779181 0.069530 0.779181 0.427978 0.000000 0.570369 0.358444 0.570368 0.000000 0.285590 0.358444 0.285588 0.358444 0.285590 0.716887 0.285588 0.071190 0.786423 0.429638 0.786423 0.788080 0.069530 0.788080 0.427978 0.429638 0.427978 0.788083 0.427981 0.788083 0.436880 0.429638 0.436878 
						0.358444 0.786423 0.358447 0.427978 0.367346 0.427978 0.367344 0.786423 0.429638 0.570366 0.788083 0.570369 0.788083 0.579268 0.429638 0.579266 0.788080 0.427978 0.788081 0.069530 0.796980 0.069530 0.796979 0.427978 0.429638 0.783946 0.788085 0.783947 0.788085 0.792846 0.429638 0.792845 0.788083 0.445779 0.429638 0.445777 0.376245 0.427978 0.376243 0.786423 0.788083 0.588166 0.429638 0.588165 0.805878 0.069530 0.805878 0.427978 0.788085 0.801745 0.429638 0.801744 0.788083 0.454678 0.429638 0.454676 0.385144 0.427978 0.385142 0.786423 0.788083 0.597065 0.429638 0.597064 0.814777 0.069530 0.814777 0.427978 0.788085 0.810644 0.429638 0.810643 0.788083 0.463576 0.429638 0.463575 0.394043 0.427978 0.394040 0.786423 0.788083 0.605964 0.429638 0.605963 0.823676 0.069530 0.823676 0.427978 0.788085 0.819543 0.429638 0.819542 0.788083 0.472475 0.429638 0.472474 0.402941 0.427978 0.402940 0.786423 0.788083 0.614863 0.429638 0.614863 0.832575 0.069530 0.832575 0.427978 0.788085 0.828442 0.429638 0.828441 0.788083 0.481374 0.429638 0.481373 0.411840 0.427978 0.411839 0.786423 0.788083 0.623762 0.429638 0.623762 0.841474 0.069530 0.841474 0.427978 
						0.788085 0.837340 0.429638 0.837340 0.788083 0.490273 0.429638 0.490272 0.420739 0.427978 0.420738 0.786423 0.788083 0.632661 0.429638 0.632661 0.850373 0.069530 0.850373 0.427978 0.788085 0.846239 0.429638 0.846239 0.788083 0.499172 0.429638 0.499172 0.429638 0.427978 0.429638 0.786423 0.788083 0.641559 0.429638 0.641560 0.859272 0.069530 0.859272 0.427978 0.788085 0.855138 0.429638 0.855139 0.843463 0.511438 0.842917 0.517037 0.831362 0.515241 0.843833 0.505970 0.844057 0.500637 0.844170 0.495355 0.844182 0.490065 0.844090 0.484707 0.843871 0.479218 0.843480 0.473540 0.801359 0.038230 0.800670 0.043843 0.801854 0.032766 0.802198 0.027410 0.802418 0.022113 0.802529 0.016816 0.802530 0.011460 0.802402 0.005984 0.802104 0.000322 0.842947 0.466319 0.842306 0.471942 0.843398 0.460845 0.843702 0.455488 0.843887 0.450190 0.843967 0.444890 0.843939 0.439526 0.843781 0.434033 0.843453 0.428352 0.712904 0.038728 0.712356 0.044349 0.713264 0.033258 0.713476 0.027897 0.713566 0.022589 0.713544 0.017274 0.713406 0.011888 0.700841 0.002360 0.792960 0.500761 0.792096 0.502602 0.788083 0.500220 0.788700 0.498985 0.662064 0.015111 0.662902 0.016900 
						0.658751 0.018639 0.658146 0.017437 0.793566 0.498866 0.789146 0.497685 0.793932 0.496931 0.789409 0.496335 0.794060 0.494976 0.789495 0.494962 0.793950 0.493018 0.789405 0.493587 0.793601 0.491075 0.789140 0.492231 0.793005 0.489163 0.788708 0.490912 0.792160 0.487308 0.788096 0.489667 0.751435 0.026268 0.750548 0.028042 0.746673 0.025624 0.747303 0.024430 0.752077 0.024424 0.747769 0.023165 0.752483 0.022533 0.748055 0.021847 0.752653 0.020613 0.748169 0.020500 0.752589 0.018684 0.748109 0.019147 0.752287 0.016764 0.747877 0.017809 0.751744 0.014870 0.747471 0.016508 0.750949 0.013025 0.746893 0.015267 0.792850 0.454720 0.791975 0.456502 0.788083 0.454114 0.788704 0.452915 0.793482 0.452867 0.789155 0.451640 0.793874 0.450969 0.789431 0.450316 0.794030 0.449045 0.789535 0.448966 0.793951 0.447113 0.789465 0.447610 0.793635 0.445192 0.789222 0.446270 0.793073 0.443297 0.788814 0.444965 0.792264 0.441456 0.788226 0.443729 0.662928 0.028153 0.662101 0.029930 0.658207 0.027652 0.658795 0.026455 0.663515 0.026311 0.659214 0.025186 0.663859 0.024431 0.659469 0.023879 0.663973 0.022531 0.659543 0.022547 0.663849 0.020629 0.659457 0.021215 
						0.663495 0.018747 0.659189 0.019906 0.677876 0.008142 0.669686 0.011277 0.689052 0.004928 0.819637 0.512779 0.731864 0.000431 0.731170 0.006439 0.860940 0.506133 0.854550 0.506314 0.860782 0.500787 0.854561 0.500846 0.860772 0.495539 0.854612 0.495480 0.860914 0.490302 0.854709 0.490121 0.861228 0.484980 0.854855 0.484670 0.861737 0.479454 0.855037 0.479021 0.862469 0.473522 0.855209 0.473037 0.819285 0.039023 0.819583 0.045136 0.812263 0.045046 0.812487 0.039053 0.819094 0.033326 0.812626 0.033340 0.819033 0.027883 0.812752 0.027827 0.819102 0.022575 0.812894 0.022422 0.819317 0.017313 0.813066 0.017028 0.819660 0.011984 0.813295 0.011572 0.820203 0.006447 0.813551 0.005958 0.820993 0.000555 0.813790 0.000000 0.860870 0.466930 0.861244 0.473020 0.853922 0.473037 0.854075 0.467050 0.860604 0.461287 0.854167 0.461319 0.860508 0.455855 0.854253 0.455830 0.860548 0.450559 0.854364 0.450439 0.860736 0.445296 0.854517 0.445061 0.861092 0.439969 0.854717 0.439604 0.861650 0.434455 0.854957 0.433955 0.862442 0.428548 0.855194 0.427978 0.730807 0.039089 0.731249 0.045164 0.723958 0.045258 0.724036 0.039278 0.730498 0.033424 0.724043 0.033578 
						0.730327 0.027999 0.724046 0.028069 0.730304 0.022698 0.724073 0.022655 0.730397 0.017407 0.724152 0.017254 0.730689 0.012032 0.724259 0.011758 0.868468 0.516750 0.867383 0.511080 0.738453 0.001680 0.460308 0.129619 0.460310 0.227349 0.593607 0.232690 0.000328 0.142795 0.000192 0.133878 0.000090 0.124955 0.000025 0.116031 0.000000 0.107105 0.000016 0.098178 0.000072 0.089251 0.000168 0.080324 0.000300 0.071398 0.000328 0.071398 0.000192 0.062480 0.000090 0.053558 0.000025 0.044633 0.000000 0.035707 0.000016 0.026780 0.000072 0.017853 0.000167 0.008926 0.000300 0.000000 0.000328 0.214192 0.000192 0.205275 0.000090 0.196353 0.000025 0.187428 0.000000 0.178502 0.000016 0.169575 0.000072 0.160648 0.000168 0.151721 0.000300 0.142795 0.000327 0.285588 0.000192 0.276671 0.000090 0.267749 0.000025 0.258825 0.000000 0.249899 0.000016 0.240972 0.000072 0.232045 0.000168 0.223119 0.000300 0.214192 0.412748 0.999998 0.071190 1.000000 0.621781 0.196229 0.654644 0.100363 0.615925 0.061333 0.641175 0.177248 0.654654 0.023826 0.638114 0.259611 0.643987 0.182328 0.642059 0.118787 0.646603 0.116056 0.657138 0.036243 0.626752 0.199127 0.629540 0.135456 
						0.631733 0.130512 0.646683 0.253528 0.651719 0.251493 0.646653 0.187466 0.651638 0.114021 0.657131 0.112783 0.628137 0.278359 0.629592 0.272927 0.634586 0.126067 0.638040 0.122141 0.642137 0.256256 0.656084 0.106565 0.642124 0.190194 0.656093 0.030027 0.657209 0.250253 0.628092 0.140881 0.621954 0.063024 0.593605 0.124277 
					</float_array>
					<technique_common>
						<accessor count="1298" offset="0" source="#meshId1-tex0-array" stride="2">
							<param name="S" type="float" />
							<param name="T" type="float" />
						</accessor>
					</technique_common>
				</source>
				<vertices id="meshId1-vertices">
					<input semantic="POSITION" source="#meshId1-positions" />
				</vertices>
				<polylist count="1728" material="defaultMaterial">
					<input offset="0" semantic="VERTEX" source="#meshId1-vertices" />
					<input offset="0" semantic="NORMAL" source="#meshId1-normals" />
					<input offset="0" semantic="TANGENT" source="#meshId1-tangents" />
					<input offset="0" semantic="BINORMAL" source="#meshId1-bitangents" />
					<input offset="0" semantic="TEXCOORD" source="#meshId1-tex0" set="0" />
					<vcount>
						3 3 3 3 3 3 3 3 3 3 3 3 3 3 3 3 3 3 3 3 3 3 3 3 3 3 3 3 3 3 3 3 3 3 3 3 3 3 3 3 3 3 3 3 3 3 3 3 3 3 3 3 3 3 3 3 3 3 3 3 3 3 3 3 
						3 3 3 3 3 3 3 3 3 3 3 3 3 3 3 3 3 3 3 3 3 3 3 3 3 3 3 3 3 3 3 3 3 3 3 3 3 3 3 3 3 3 3 3 3 3 3 3 3 3 3 3 3 3 3 3 3 3 3 3 3 3 3 3 
						3 3 3 3 3 3 3 3 3 3 3 3 3 3 3 3 3 3 3 3 3 3 3 3 3 3 3 3 3 3 3 3 3 3 3 3 3 3 3 3 3 3 3 3 3 3 3 3 3 3 3 3 3 3 3 3 3 3 3 3 3 3 3 3 
						3 3 3 3 3 3 3 3 3 3 3 3 3 3 3 3 3 3 3 3 3 3 3 3 3 3 3 3 3 3 3 3 3 3 3 3 3 3 3 3 3 3 3 3 3 3 3 3 3 3 3 3 3 3 3 3 3 3 3 3 3 3 3 3 
						3 3 3 3 3 3 3 3 3 3 3 3 3 3 3 3 3 3 3 3 3 3 3 3 3 3 3 3 3 3 3 3 3 3 3 3 3 3 3 3 3 3 3 3 3 3 3 3 3 3 3 3 3 3 3 3 3 3 3 3 3 3 3 3 
						3 3 3 3 3 3 3 3 3 3 3 3 3 3 3 3 3 3 3 3 3 3 3 3 3 3 3 3 3 3 3 3 3 3 3 3 3 3 3 3 3 3 3 3 3 3 3 3 3 3 3 3 3 3 3 3 3 3 3 3 3 3 3 3 
						3 3 3 3 3 3 3 3 3 3 3 3 3 3 3 3 3 3 3 3 3 3 3 3 3 3 3 3 3 3 3 3 3 3 3 3 3 3 3 3 3 3 3 3 3 3 3 3 3 3 3 3 3 3 3 3 3 3 3 3 3 3 3 3 
						3 3 3 3 3 3 3 3 3 3 3 3 3 3 3 3 3 3 3 3 3 3 3 3 3 3 3 3 3 3 3 3 3 3 3 3 3 3 3 3 3 3 3 3 3 3 3 3 3 3 3 3 3 3 3 3 3 3 3 3 3 3 3 3 
						3 3 3 3 3 3 3 3 3 3 3 3 3 3 3 3 3 3 3 3 3 3 3 3 3 3 3 3 3 3 3 3 3 3 3 3 3 3 3 3 3 3 3 3 3 3 3 3 3 3 3 3 3 3 3 3 3 3 3 3 3 3 3 3 
						3 3 3 3 3 3 3 3 3 3 3 3 3 3 3 3 3 3 3 3 3 3 3 3 3 3 3 3 3 3 3 3 3 3 3 3 3 3 3 3 3 3 3 3 3 3 3 3 3 3 3 3 3 3 3 3 3 3 3 3 3 3 3 3 
						3 3 3 3 3 3 3 3 3 3 3 3 3 3 3 3 3 3 3 3 3 3 3 3 3 3 3 3 3 3 3 3 3 3 3 3 3 3 3 3 3 3 3 3 3 3 3 3 3 3 3 3 3 3 3 3 3 3 3 3 3 3 3 3 
						3 3 3 3 3 3 3 3 3 3 3 3 3 3 3 3 3 3 3 3 3 3 3 3 3 3 3 3 3 3 3 3 3 3 3 3 3 3 3 3 3 3 3 3 3 3 3 3 3 3 3 3 3 3 3 3 3 3 3 3 3 3 3 3 
						3 3 3 3 3 3 3 3 3 3 3 3 3 3 3 3 3 3 3 3 3 3 3 3 3 3 3 3 3 3 3 3 3 3 3 3 3 3 3 3 3 3 3 3 3 3 3 3 3 3 3 3 3 3 3 3 3 3 3 3 3 3 3 3 
						3 3 3 3 3 3 3 3 3 3 3 3 3 3 3 3 3 3 3 3 3 3 3 3 3 3 3 3 3 3 3 3 3 3 3 3 3 3 3 3 3 3 3 3 3 3 3 3 3 3 3 3 3 3 3 3 3 3 3 3 3 3 3 3 
						3 3 3 3 3 3 3 3 3 3 3 3 3 3 3 3 3 3 3 3 3 3 3 3 3 3 3 3 3 3 3 3 3 3 3 3 3 3 3 3 3 3 3 3 3 3 3 3 3 3 3 3 3 3 3 3 3 3 3 3 3 3 3 3 
						3 3 3 3 3 3 3 3 3 3 3 3 3 3 3 3 3 3 3 3 3 3 3 3 3 3 3 3 3 3 3 3 3 3 3 3 3 3 3 3 3 3 3 3 3 3 3 3 3 3 3 3 3 3 3 3 3 3 3 3 3 3 3 3 
						3 3 3 3 3 3 3 3 3 3 3 3 3 3 3 3 3 3 3 3 3 3 3 3 3 3 3 3 3 3 3 3 3 3 3 3 3 3 3 3 3 3 3 3 3 3 3 3 3 3 3 3 3 3 3 3 3 3 3 3 3 3 3 3 
						3 3 3 3 3 3 3 3 3 3 3 3 3 3 3 3 3 3 3 3 3 3 3 3 3 3 3 3 3 3 3 3 3 3 3 3 3 3 3 3 3 3 3 3 3 3 3 3 3 3 3 3 3 3 3 3 3 3 3 3 3 3 3 3 
						3 3 3 3 3 3 3 3 3 3 3 3 3 3 3 3 3 3 3 3 3 3 3 3 3 3 3 3 3 3 3 3 3 3 3 3 3 3 3 3 3 3 3 3 3 3 3 3 3 3 3 3 3 3 3 3 3 3 3 3 3 3 3 3 
						3 3 3 3 3 3 3 3 3 3 3 3 3 3 3 3 3 3 3 3 3 3 3 3 3 3 3 3 3 3 3 3 3 3 3 3 3 3 3 3 3 3 3 3 3 3 3 3 3 3 3 3 3 3 3 3 3 3 3 3 3 3 3 3 
						3 3 3 3 3 3 3 3 3 3 3 3 3 3 3 3 3 3 3 3 3 3 3 3 3 3 3 3 3 3 3 3 3 3 3 3 3 3 3 3 3 3 3 3 3 3 3 3 3 3 3 3 3 3 3 3 3 3 3 3 3 3 3 3 
						3 3 3 3 3 3 3 3 3 3 3 3 3 3 3 3 3 3 3 3 3 3 3 3 3 3 3 3 3 3 3 3 3 3 3 3 3 3 3 3 3 3 3 3 3 3 3 3 3 3 3 3 3 3 3 3 3 3 3 3 3 3 3 3 
						3 3 3 3 3 3 3 3 3 3 3 3 3 3 3 3 3 3 3 3 3 3 3 3 3 3 3 3 3 3 3 3 3 3 3 3 3 3 3 3 3 3 3 3 3 3 3 3 3 3 3 3 3 3 3 3 3 3 3 3 3 3 3 3 
						3 3 3 3 3 3 3 3 3 3 3 3 3 3 3 3 3 3 3 3 3 3 3 3 3 3 3 3 3 3 3 3 3 3 3 3 3 3 3 3 3 3 3 3 3 3 3 3 3 3 3 3 3 3 3 3 3 3 3 3 3 3 3 3 
						3 3 3 3 3 3 3 3 3 3 3 3 3 3 3 3 3 3 3 3 3 3 3 3 3 3 3 3 3 3 3 3 3 3 3 3 3 3 3 3 3 3 3 3 3 3 3 3 3 3 3 3 3 3 3 3 3 3 3 3 3 3 3 3 
						3 3 3 3 3 3 3 3 3 3 3 3 3 3 3 3 3 3 3 3 3 3 3 3 3 3 3 3 3 3 3 3 3 3 3 3 3 3 3 3 3 3 3 3 3 3 3 3 3 3 3 3 3 3 3 3 3 3 3 3 3 3 3 3 
						3 3 3 3 3 3 3 3 3 3 3 3 3 3 3 3 3 3 3 3 3 3 3 3 3 3 3 3 3 3 3 3 3 3 3 3 3 3 3 3 3 3 3 3 3 3 3 3 3 3 3 3 3 3 3 3 3 3 3 3 3 3 3 3 
					</vcount>
					<p>
						3 0 1 1 2 3 7 4 5 5 6 7 9 7 6 6 8 9 11 9 8 8 10 11 13 11 10 10 12 13 15 13 12 12 14 15 19 16 17 17 18 19 21 19 18 18 20 21 23 21 20 20 22 23 25 23 22 22 24 25 27 25 24 24 26 27 29 27 26 26 28 29 31 29 28 28 30 31 33 31 30 30 32 33 37 34 35 35 36 37 39 37 36 36 38 39 41 39 38 38 40 41 43 41 40 40 42 43 45 43 42 42 44 45 47 45 44 44 46 47 49 47 46 46 48 49 51 49 48 48 50 51 55 52 53 53 54 55 57 55 54 54 56 57 59 57 56 56 58 59 61 59 58 58 60 61 63 61 60 60 62 63 65 63 62 62 64 65 67 65 64 64 66 67 71 68 69 69 70 71 73 67 66 66 72 73 77 74 75 75 76 77 
						78 79 80 84 81 82 82 83 84 88 85 86 86 87 88 92 89 90 90 91 92 96 93 94 94 95 96 100 97 98 98 99 100 104 101 102 102 103 104 106 105 74 74 77 106 108 107 81 81 84 108 110 109 85 85 88 110 112 111 89 89 92 112 116 113 114 114 115 116 118 117 97 97 100 118 120 119 101 101 104 120 76 75 121 121 122 76 83 82 123 123 124 83 87 86 125 125 126 87 130 127 128 128 129 130 91 90 131 131 132 91 95 94 133 133 134 95 99 98 135 135 136 99 103 102 137 137 138 103 122 121 139 139 140 122 124 123 141 141 142 124 126 125 143 143 144 126 148 145 146 146 147 148 152 149 150 150 151 152 156 153 154 154 155 156 160 157 158 158 159 160 164 161 162 162 163 164 166 165 157 157 160 166 168 167 161 161 164 168 172 169 170 
						170 171 172 176 173 174 174 175 176 180 177 178 178 179 180 184 181 182 182 183 184 188 185 186 186 187 188 192 189 190 190 191 192 196 193 194 194 195 196 198 197 68 68 71 198 200 199 173 173 176 200 202 201 177 177 180 202 204 203 181 181 184 204 206 205 189 189 192 206 208 207 193 193 196 208 210 209 197 197 198 210 212 211 199 199 200 212 214 213 201 201 202 214 218 215 216 216 217 218 222 219 220 220 221 222 226 223 224 224 225 226 228 227 205 205 206 228 230 229 207 207 208 230 232 231 209 209 210 232 234 233 211 211 212 234 238 235 236 236 237 238 70 69 215 215 218 70 175 174 223 223 226 175 179 178 227 227 228 179 183 182 229 229 230 183 240 239 231 231 232 240 191 190 241 241 242 191 195 194 235 235 238 195 246 243 244 244 245 246 250 247 248 
						248 249 250 252 251 169 169 172 252 254 253 247 247 250 254 256 255 253 253 254 256 245 244 251 251 252 245 258 257 255 255 256 258 262 259 260 260 261 262 264 263 257 257 258 264 266 265 259 259 262 266 270 267 268 268 269 270 272 271 265 265 266 272 276 273 274 274 275 276 278 277 271 271 272 278 280 279 273 273 276 280 282 281 277 277 278 282 284 283 279 279 280 284 286 285 281 281 282 286 290 287 288 288 289 290 275 274 267 267 270 275 292 291 285 285 286 292 294 293 287 287 290 294 296 295 291 291 292 296 298 297 293 293 294 298 302 299 300 300 301 302 171 170 297 297 298 171 249 248 299 299 302 249 306 303 304 304 305 306 227 307 308 308 205 227 69 309 310 310 215 69 178 311 307 307 227 178 68 312 309 309 69 68 177 313 311 311 178 177 317 314 315 
						315 316 317 197 318 312 312 68 197 201 319 313 313 177 201 224 320 314 314 317 224 209 321 318 318 197 209 213 322 319 319 201 213 223 323 320 320 224 223 231 324 321 321 209 231 235 325 326 326 236 235 174 327 323 323 223 174 239 328 324 324 231 239 194 329 325 325 235 194 173 330 327 327 174 173 332 331 328 328 239 332 193 333 329 329 194 193 199 334 330 330 173 199 207 335 333 333 193 207 211 336 334 334 199 211 229 337 335 335 207 229 233 338 336 336 211 233 182 339 337 337 229 182 190 340 341 341 241 190 181 342 339 339 182 181 189 343 340 340 190 189 203 344 342 342 181 203 205 308 343 343 189 205 345 346 347 269 268 348 348 349 269 353 350 351 351 352 353 355 354 303 303 306 355 359 356 357 357 358 359 361 360 350 350 353 361 365 362 363 363 364 365 
						367 366 356 356 359 367 369 368 360 360 361 369 371 370 362 362 365 371 373 372 366 366 367 373 349 348 374 374 375 349 377 376 370 370 371 377 379 378 372 372 373 379 381 380 376 376 377 381 383 382 378 378 379 383 385 384 380 380 381 385 387 386 382 382 383 387 389 388 384 384 385 389 393 390 391 391 392 393 395 394 388 388 389 395 397 396 390 390 393 397 399 398 394 394 395 399 401 400 396 396 397 401 405 402 403 403 404 405 407 406 400 400 401 407 409 408 402 402 405 409 411 410 406 406 407 411 413 412 408 408 409 413 305 304 410 410 411 305 417 414 415 415 416 417 352 351 412 412 413 352 421 418 419 419 420 421 418 422 423 423 419 418 422 424 425 425 423 422 424 426 427 427 425 424 426 428 429 429 427 426 428 430 431 431 429 428 430 432 433 433 431 430 
						432 434 435 435 433 432 439 436 437 437 438 439 436 440 441 441 437 436 440 442 443 443 441 440 442 444 445 445 443 442 444 446 447 447 445 444 446 448 449 449 447 446 448 450 451 451 449 448 450 452 453 453 451 450 457 454 455 455 456 457 454 458 459 459 455 454 458 460 461 461 459 458 460 462 463 463 461 460 462 464 465 465 463 462 464 466 467 467 465 464 466 468 469 469 467 466 468 470 471 471 469 468 475 472 473 473 474 475 472 476 477 477 473 472 476 478 479 479 477 476 478 480 481 481 479 478 480 482 483 483 481 480 482 3 2 2 483 482 4 484 485 485 5 4 0 486 487 487 1 0 484 488 489 489 485 484 215 310 490 490 216 215 494 491 492 492 493 494 491 495 496 496 492 491 495 497 498 498 496 495 497 499 500 500 498 497 499 501 502 502 500 499 
						501 503 504 504 502 501 503 505 506 506 504 503 510 507 508 508 509 510 507 511 512 512 508 507 511 513 514 514 512 511 513 515 516 516 514 513 515 517 518 518 516 515 517 519 520 520 518 517 519 521 522 522 520 519 521 523 524 524 522 521 528 525 526 526 527 528 525 529 530 530 526 525 529 531 532 532 530 529 531 533 534 534 532 531 533 535 536 536 534 533 535 537 538 538 536 535 537 539 540 540 538 537 539 541 542 542 540 539 546 543 544 544 545 546 543 547 548 548 544 543 547 549 550 550 548 547 549 551 552 552 550 549 551 553 554 554 552 551 553 555 556 556 554 553 555 557 558 558 556 555 559 560 561 346 562 347 563 564 565 562 566 347 564 567 565 566 568 347 567 569 565 570 571 572 569 573 565 571 574 572 573 575 565 574 576 572 575 577 565 578 579 561 
						576 580 572 577 581 565 579 582 561 580 583 572 581 584 565 582 585 561 583 586 572 587 588 347 585 589 561 586 590 572 588 591 347 589 592 561 590 593 572 591 594 347 592 595 561 594 345 347 595 559 561 599 596 597 597 598 599 603 600 601 601 602 603 607 604 605 605 606 607 159 158 608 608 609 159 613 610 611 611 612 613 617 614 615 615 616 617 621 618 619 619 620 621 625 622 623 623 624 625 629 626 627 627 628 629 628 627 630 630 631 628 633 632 596 596 599 633 631 630 634 634 635 631 602 601 636 636 637 602 639 638 614 614 617 639 643 640 641 641 642 643 645 644 145 145 148 645 649 646 647 647 648 649 651 650 604 604 607 651 653 652 119 119 120 653 142 141 654 654 655 142 140 139 113 113 116 140 138 137 111 111 112 138 136 135 109 109 110 136 134 133 107 
						107 108 134 129 128 105 105 106 129 598 597 165 165 166 598 659 656 657 657 658 659 661 660 638 638 639 661 609 608 662 662 663 609 612 611 664 664 665 612 667 666 626 626 629 667 671 668 669 669 670 671 147 643 672 673 674 675 676 78 80 148 147 672 677 673 675 678 676 80 645 148 672 679 677 675 680 678 80 681 679 675 682 680 80 151 681 675 683 682 80 152 151 675 649 648 684 685 152 675 686 649 684 687 685 675 688 686 684 163 689 672 155 688 684 164 163 672 156 155 684 168 164 672 637 156 684 690 691 80 642 168 672 602 637 684 79 690 80 643 642 672 603 602 684 695 692 693 693 694 695 699 696 697 697 698 699 703 700 701 701 702 703 707 704 705 705 706 707 711 708 709 709 710 711 713 695 694 694 712 713 715 699 698 698 714 715 717 703 702 702 716 717 
						719 707 706 706 718 719 721 711 710 710 720 721 723 713 712 712 722 723 725 715 714 714 724 725 727 717 716 716 726 727 729 719 718 718 728 729 731 721 720 720 730 731 733 723 722 722 732 733 735 725 724 724 734 735 737 727 726 726 736 737 739 729 728 728 738 739 741 731 730 730 740 741 743 733 732 732 742 743 745 735 734 734 744 745 747 737 736 736 746 747 749 739 738 738 748 749 751 741 740 740 750 751 753 743 742 742 752 753 755 745 744 744 754 755 757 747 746 746 756 757 759 749 748 748 758 759 761 751 750 750 760 761 763 753 752 752 762 763 765 755 754 754 764 765 767 757 756 756 766 767 769 759 758 758 768 769 771 761 760 760 770 771 773 763 762 762 772 773 775 765 764 764 774 775 777 767 766 766 776 777 779 769 768 768 778 779 781 771 770 770 780 781 
						785 782 783 783 784 785 787 775 774 774 786 787 791 788 789 789 790 791 795 792 793 793 794 795 799 796 797 797 798 799 801 785 784 784 800 801 803 787 786 786 802 803 805 791 790 790 804 805 807 795 794 794 806 807 809 799 798 798 808 809 811 801 800 800 810 811 813 803 802 802 812 813 815 805 804 804 814 815 817 807 806 806 816 817 819 809 808 808 818 819 821 811 810 810 820 821 823 813 812 812 822 823 825 815 814 814 824 825 827 817 816 816 826 827 829 819 818 818 828 829 831 821 820 820 830 831 833 823 822 822 832 833 835 825 824 824 834 835 837 827 826 826 836 837 839 829 828 828 838 839 841 831 830 830 840 841 843 833 832 832 842 843 845 835 834 834 844 845 847 837 836 836 846 847 849 839 838 838 848 849 851 841 840 840 850 851 853 843 842 842 852 853 
						855 845 844 844 854 855 857 847 846 846 856 857 859 849 848 848 858 859 861 851 850 850 860 861 863 853 852 852 862 863 865 855 854 854 864 865 867 857 856 856 866 867 869 859 858 858 868 869 871 861 860 860 870 871 873 863 862 862 872 873 877 874 875 875 876 877 881 878 879 879 880 881 885 882 883 883 884 885 887 871 870 870 886 887 889 873 872 872 888 889 891 877 876 876 890 891 893 881 880 880 892 893 895 885 884 884 894 895 897 887 886 886 896 897 899 889 888 888 898 899 901 891 890 890 900 901 903 893 892 892 902 903 905 895 894 894 904 905 907 897 896 896 906 907 909 899 898 898 908 909 911 901 900 900 910 911 913 903 902 902 912 913 915 905 904 904 914 915 917 907 906 906 916 917 919 909 908 908 918 919 921 911 910 910 920 921 923 913 912 912 922 923 
						925 915 914 914 924 925 927 917 916 916 926 927 929 919 918 918 928 929 931 921 920 920 930 931 933 923 922 922 932 933 935 925 924 924 934 935 937 927 926 926 936 937 939 929 928 928 938 939 941 931 930 930 940 941 943 933 932 932 942 943 945 935 934 934 944 945 947 937 936 936 946 947 949 939 938 938 948 949 951 941 940 940 950 951 953 943 942 942 952 953 955 945 944 944 954 955 959 956 957 957 958 959 963 960 961 961 962 963 967 964 965 965 966 967 971 968 969 969 970 971 975 972 973 973 974 975 977 959 958 958 976 977 979 963 962 962 978 979 981 967 966 966 980 981 983 971 970 970 982 983 985 975 974 974 984 985 987 977 976 976 986 987 989 979 978 978 988 989 991 981 980 980 990 991 993 983 982 982 992 993 995 985 984 984 994 995 997 987 986 986 996 997 
						999 989 988 988 998 999 1001 991 990 990 1000 1001 1003 993 992 992 1002 1003 1005 995 994 994 1004 1005 1007 997 996 996 1006 1007 1009 999 998 998 1008 1009 1011 1001 1000 1000 1010 1011 1013 1003 1002 1002 1012 1013 1015 1005 1004 1004 1014 1015 1017 1007 1006 1006 1016 1017 1019 1009 1008 1008 1018 1019 1021 1011 1010 1010 1020 1021 1023 1013 1012 1012 1022 1023 1025 1015 1014 1014 1024 1025 1027 1017 1016 1016 1026 1027 1029 1019 1018 1018 1028 1029 1031 1021 1020 1020 1030 1031 1033 1023 1022 1022 1032 1033 1035 1025 1024 1024 1034 1035 1037 1027 1026 1026 1036 1037 1039 1029 1028 1028 1038 1039 1041 1031 1030 1030 1040 1041 1043 1033 1032 1032 1042 1043 1045 1035 1034 1034 1044 1045 374 1046 1047 1047 1048 374 348 1049 1046 1046 374 348 268 1050 1049 1049 348 268 267 1051 1050 1050 268 267 274 1052 1051 1051 267 274 273 1053 1052 1052 274 273 279 1054 1053 1053 273 279 283 1055 1054 1054 279 283 
						287 1056 1057 1057 288 287 293 1058 1056 1056 287 293 297 1059 1058 1058 293 297 170 1060 1059 1059 297 170 169 1061 1060 1060 170 169 251 1062 1061 1061 169 251 244 1063 1062 1062 251 244 243 1064 1063 1063 244 243 259 1065 1066 1066 260 259 265 1067 1065 1065 259 265 271 1068 1067 1067 265 271 277 1069 1068 1068 271 277 281 1070 1069 1069 277 281 285 1071 1070 1070 281 285 291 1072 1071 1071 285 291 295 1073 1072 1072 291 295 299 1074 1075 1075 300 299 248 1076 1074 1074 299 248 247 1077 1076 1076 248 247 253 1078 1077 1077 247 253 255 1079 1078 1078 253 255 257 1080 1079 1079 255 257 263 187 1080 1080 257 263 1081 188 187 187 263 1081 1085 1082 1083 1083 1084 1085 1089 1086 1087 1087 1088 1089 1091 1090 1082 1082 1085 1091 1093 1092 1090 1090 1091 1093 1095 1094 1092 1092 1093 1095 1097 1096 1094 1094 1095 1097 1099 1098 1096 1096 1097 1099 1101 1100 1098 1098 1099 1101 
						1103 1102 1100 1100 1101 1103 1107 1104 1105 1105 1106 1107 1109 1108 1104 1104 1107 1109 1111 1110 1108 1108 1109 1111 1113 1112 1110 1110 1111 1113 1115 1114 1112 1112 1113 1115 1117 1116 1114 1114 1115 1117 1119 1118 1116 1116 1117 1119 1121 1120 1118 1118 1119 1121 1125 1122 1123 1123 1124 1125 1127 1126 1122 1122 1125 1127 1129 1128 1126 1126 1127 1129 1131 1130 1128 1128 1129 1131 1133 1132 1130 1130 1131 1133 1135 1134 1132 1132 1133 1135 1137 1136 1134 1134 1135 1137 1139 1138 1136 1136 1137 1139 1143 1140 1141 1141 1142 1143 1145 1144 1140 1140 1143 1145 1147 1146 1144 1144 1145 1147 1149 1148 1146 1146 1147 1149 1151 1150 1148 1148 1149 1151 1153 1152 1150 1150 1151 1153 1088 1087 1152 1152 1153 1088 358 357 414 414 417 358 1155 1154 368 368 369 1155 416 1083 1082 1082 417 416 417 1082 1090 1090 358 417 358 1090 1092 1092 359 358 359 1092 1094 1094 367 359 367 1094 1096 1096 373 367 373 1096 1098 1098 379 373 
						379 1098 1100 1100 383 379 383 1100 1102 1102 387 383 392 1105 1104 1104 393 392 393 1104 1108 1108 397 393 397 1108 1110 1110 401 397 401 1110 1112 1112 407 401 407 1112 1114 1114 411 407 411 1114 1116 1116 305 411 305 1116 1118 1118 306 305 306 1118 1120 1120 355 306 364 1123 1122 1122 365 364 365 1122 1126 1126 371 365 371 1126 1128 1128 377 371 377 1128 1130 1130 381 377 381 1130 1132 1132 385 381 385 1132 1134 1134 389 385 389 1134 1136 1136 395 389 395 1136 1138 1138 399 395 404 1141 1140 1140 405 404 405 1140 1144 1144 409 405 409 1144 1146 1146 413 409 413 1146 1148 1148 352 413 352 1148 1150 1150 353 352 353 1150 1152 1152 361 353 361 1152 1087 1087 369 361 369 1087 1086 1086 1155 369 1156 1081 263 263 264 1156 414 375 1157 1157 415 414 357 349 375 375 414 357 356 269 349 349 357 356 366 270 269 269 356 366 372 275 270 270 366 372 
						378 276 275 275 372 378 382 280 276 276 378 382 386 284 280 280 382 386 390 290 289 289 391 390 396 294 290 290 390 396 400 298 294 294 396 400 406 171 298 298 400 406 410 172 171 171 406 410 304 252 172 172 410 304 303 245 252 252 304 303 354 246 245 245 303 354 362 262 261 261 363 362 370 266 262 262 362 370 376 272 266 266 370 376 380 278 272 272 376 380 384 282 278 278 380 384 388 286 282 282 384 388 394 292 286 286 388 394 398 296 292 292 394 398 402 302 301 301 403 402 408 249 302 302 402 408 412 250 249 249 408 412 351 254 250 250 412 351 350 256 254 254 351 350 360 258 256 256 350 360 368 264 258 258 360 368 1154 1156 264 264 368 1154 375 374 1048 1048 1157 375 185 1158 1159 1159 186 185 1161 1160 219 219 222 1161 1163 1162 1160 1160 1161 1163 1165 1164 1162 1162 1163 1165 
						1167 1166 1164 1164 1165 1167 1169 1168 1166 1166 1167 1169 1171 1170 1168 1168 1169 1171 1173 1172 1170 1170 1171 1173 1177 1174 1175 1175 1176 1177 1179 1178 1174 1174 1177 1179 1181 1180 1178 1178 1179 1181 1183 1182 1180 1180 1181 1183 1185 1184 1182 1182 1183 1185 1187 1186 1184 1184 1185 1187 1189 1188 1186 1186 1187 1189 1191 1190 1188 1188 1189 1191 1195 1192 1193 1193 1194 1195 1197 1196 1192 1192 1195 1197 1199 1198 1196 1196 1197 1199 1201 1200 1198 1198 1199 1201 1203 1202 1200 1200 1201 1203 1205 1204 1202 1202 1203 1205 1207 1206 1204 1204 1205 1207 1209 1208 1206 1206 1207 1209 1213 1210 1211 1211 1212 1213 1215 1214 1210 1210 1213 1215 1217 1216 1214 1214 1215 1217 1219 1218 1216 1216 1217 1219 1221 1220 1218 1218 1219 1221 1223 1222 1220 1220 1221 1223 186 1159 1222 1222 1223 186 1225 317 316 316 1224 1225 225 224 317 317 1225 225 1224 220 219 219 1225 1224 1225 219 1160 1160 225 1225 225 1160 1162 1162 226 225 
						226 1162 1164 1164 175 226 175 1164 1166 1166 176 175 176 1166 1168 1168 200 176 200 1168 1170 1170 212 200 212 1170 1172 1172 234 212 242 1175 1174 1174 191 242 191 1174 1178 1178 192 191 192 1178 1180 1180 206 192 206 1180 1182 1182 228 206 228 1182 1184 1184 179 228 179 1184 1186 1186 180 179 180 1186 1188 1188 202 180 202 1188 1190 1190 214 202 237 1193 1192 1192 238 237 238 1192 1196 1196 195 238 195 1196 1198 1198 196 195 196 1198 1200 1200 208 196 208 1200 1202 1202 230 208 230 1202 1204 1204 183 230 183 1204 1206 1206 184 183 184 1206 1208 1208 204 184 217 1211 1210 1210 218 217 218 1210 1214 1214 70 218 70 1214 1216 1216 71 70 71 1216 1218 1218 198 71 198 1218 1220 1220 210 198 210 1220 1222 1222 232 210 232 1222 1159 1159 240 232 240 1159 1158 1158 1226 240 1226 332 239 239 240 1226 187 186 1223 1223 1080 187 1080 1223 1221 1221 1079 1080 
						1079 1221 1219 1219 1078 1079 1078 1219 1217 1217 1077 1078 1077 1217 1215 1215 1076 1077 1076 1215 1213 1213 1074 1076 1074 1213 1212 1212 1075 1074 1073 1209 1207 1207 1072 1073 1072 1207 1205 1205 1071 1072 1071 1205 1203 1203 1070 1071 1070 1203 1201 1201 1069 1070 1069 1201 1199 1199 1068 1069 1068 1199 1197 1197 1067 1068 1067 1197 1195 1195 1065 1067 1065 1195 1194 1194 1066 1065 1064 1191 1189 1189 1063 1064 1063 1189 1187 1187 1062 1063 1062 1187 1185 1185 1061 1062 1061 1185 1183 1183 1060 1061 1060 1183 1181 1181 1059 1060 1059 1181 1179 1179 1058 1059 1058 1179 1177 1177 1056 1058 1056 1177 1176 1176 1057 1056 1055 1173 1171 1171 1054 1055 1054 1171 1169 1169 1053 1054 1053 1169 1167 1167 1052 1053 1052 1167 1165 1165 1051 1052 1051 1165 1163 1163 1050 1051 1050 1163 1161 1161 1049 1050 1049 1161 222 222 1046 1049 1046 222 221 221 1047 1046 419 494 1227 1227 420 419 423 491 494 494 419 423 425 495 491 491 423 425 
						427 497 495 495 425 427 429 499 497 497 427 429 431 501 499 499 429 431 433 503 501 501 431 433 435 505 503 503 433 435 437 507 510 510 438 437 441 511 507 507 437 441 443 513 511 511 441 443 445 515 513 513 443 445 447 517 515 515 445 447 449 519 517 517 447 449 451 521 519 519 449 451 453 523 521 521 451 453 455 525 528 528 456 455 459 529 525 525 455 459 461 531 529 529 459 461 463 533 531 531 461 463 465 535 533 533 463 465 467 537 535 535 465 467 469 539 537 537 467 469 471 541 539 539 469 471 473 543 546 546 474 473 477 547 543 543 473 477 479 549 547 547 477 479 481 551 549 549 479 481 483 553 551 551 481 483 2 555 553 553 483 2 1 557 555 555 2 1 487 1228 557 557 1 487 557 1228 1229 1229 558 557 1231 418 421 421 1230 1231 1232 422 418 418 1231 1232 
						1233 424 422 422 1232 1233 1234 426 424 424 1233 1234 1235 428 426 426 1234 1235 1236 430 428 428 1235 1236 1237 432 430 430 1236 1237 1238 434 432 432 1237 1238 1240 436 439 439 1239 1240 1241 440 436 436 1240 1241 1242 442 440 440 1241 1242 1243 444 442 442 1242 1243 1244 446 444 444 1243 1244 1245 448 446 446 1244 1245 1246 450 448 448 1245 1246 1247 452 450 450 1246 1247 1249 454 457 457 1248 1249 1250 458 454 454 1249 1250 1251 460 458 458 1250 1251 1252 462 460 460 1251 1252 1253 464 462 462 1252 1253 1254 466 464 464 1253 1254 1255 468 466 466 1254 1255 1256 470 468 468 1255 1256 1258 472 475 475 1257 1258 1259 476 472 472 1258 1259 1260 478 476 476 1259 1260 1261 480 478 478 1260 1261 1262 482 480 480 1261 1262 1263 3 482 482 1262 1263 1264 0 3 3 1263 1264 1265 486 0 0 1264 1265 488 1266 1267 1267 489 488 120 596 632 632 653 120 
						655 634 630 630 142 655 116 605 604 604 140 116 112 158 157 157 138 112 110 611 610 610 136 110 108 615 614 614 134 108 106 619 618 618 129 106 144 623 622 622 126 144 142 630 627 627 124 142 140 604 650 650 122 140 138 157 165 165 103 138 136 610 1268 1268 99 136 134 614 638 638 95 134 132 1269 662 662 91 132 129 618 1270 1270 130 129 126 622 1271 1271 87 126 124 627 626 626 83 124 122 650 669 669 76 122 103 165 597 597 104 103 99 1268 657 657 100 99 95 638 660 660 96 95 91 662 608 608 92 91 87 1271 664 664 88 87 83 626 666 666 84 83 76 669 668 668 77 76 104 597 596 596 120 104 100 657 656 656 118 100 115 1272 605 605 116 115 92 608 158 158 112 92 88 664 611 611 110 88 84 666 615 615 108 84 77 668 619 619 106 77 147 146 640 640 643 147 
						151 150 1273 1273 681 151 665 664 1271 1271 1274 665 78 1275 1276 1276 79 78 163 162 1277 1277 689 163 658 657 1268 1268 1278 658 682 1279 1280 1280 680 682 677 1281 1282 1282 673 677 686 1283 646 646 649 686 690 1284 1285 1285 691 690 687 1286 1287 1287 685 687 637 636 153 153 156 637 678 1288 1289 1289 676 678 670 669 650 650 651 670 679 1290 1281 1281 677 679 1274 1271 622 622 625 1274 663 662 1269 1269 1291 663 620 619 668 668 671 620 616 615 666 666 667 616 155 154 1292 1292 688 155 676 1289 1275 1275 78 676 606 605 1272 1272 1293 606 673 1282 1294 1294 674 673 683 1295 1279 1279 682 683 642 641 167 167 168 642 680 1280 1288 1288 678 680 1278 1268 610 610 613 1278 685 1287 149 149 152 685 79 1276 1284 1284 690 79 688 1292 1283 1283 686 688 681 1273 1290 1290 679 681 629 1290 1273 1273 667 629 639 1287 1286 1286 661 639 
						599 1279 1295 1295 633 599 159 1275 1289 1289 160 159 621 145 644 644 1296 621 607 161 167 167 651 607 617 149 1287 1287 639 617 628 1281 1290 1290 629 628 1293 1277 162 162 606 1293 667 1273 150 150 616 667 1274 1283 1292 1292 665 1274 1278 636 601 601 658 1278 635 1294 1282 1282 631 635 612 154 153 153 613 612 624 647 646 646 625 624 160 1289 1288 1288 166 160 1291 1285 1284 1284 663 1291 598 1280 1279 1279 599 598 609 1276 1275 1275 159 609 671 640 146 146 620 671 631 1282 1281 1281 628 631 606 162 161 161 607 606 663 1284 1276 1276 609 663 670 641 640 640 671 670 665 1292 154 154 612 665 658 601 600 600 659 658 625 646 1283 1283 1274 625 613 153 636 636 1278 613 616 150 149 149 617 616 166 1288 1280 1280 598 166 620 146 145 145 621 620 651 167 641 641 670 651 1296 1270 618 618 621 1296 1227 494 493 493 1297 1227 
					</p>
				</polylist>
			</mesh>
		</geometry>
	</library_geometries>
	<library_visual_scenes>
		<visual_scene id="RootNode" name="RootNode">
			<node id="DrumstickLP1" name="DrumstickLP1">
				<matrix>100.000000 0.000000 0.000000 0.000000 0.000000 -0.000016 100.000000 0.000000 0.000000 -100.000000 -0.000016 0.000000 0.000000 0.000000 0.000000 1.000000</matrix>
				<instance_geometry url="#meshId0">
					<bind_material>
						<technique_common>
							<instance_material symbol="defaultMaterial" target="#Material_001" />
						</technique_common>
					</bind_material>
				</instance_geometry>
			</node>
			<node id="DrumstickLP2" name="DrumstickLP2">
				<matrix>100.000000 0.000000 0.000000 0.000000 0.000000 -0.000016 100.000000 0.000000 0.000000 -100.000000 -0.000016 0.000000 0.000000 0.000000 0.000000 1.000000</matrix>
				<instance_geometry url="#meshId1">
					<bind_material>
						<technique_common>
							<instance_material symbol="defaultMaterial" target="#Material_001" />
						</technique_common>
					</bind_material>
				</instance_geometry>
			</node>
		</visual_scene>
	</library_visual_scenes>
	<scene>
		<instance_visual_scene url="#RootNode" />
	</scene>
</COLLADA>
